date,open,high,low,close,volume_shares,value_twd,transactions,limit_up,limit_down,foreign_net_shares,trust_net_shares,dealer_net_shares,margin_balance_shares,short_balance_shares,daytrade_ratio,source,fetched_at
2025-07-15,933.0,970.0,932.0,970.0,5478547,5225321057,9154,,,448555,53258,150489,2748.0,967.0,,finmind,2026-07-15T18:18:34.165822+08:00
2025-07-16,976.0,1005.0,973.0,983.0,7254800,7173221702,11390,,,-571672,702335,-31428,2890.0,955.0,,finmind,2026-07-15T18:18:34.165822+08:00
2025-07-17,986.0,995.0,962.0,973.0,4922288,4798217329,8346,,,-609033,-21961,46657,2876.0,863.0,,finmind,2026-07-15T18:18:34.165822+08:00
2025-07-18,988.0,1035.0,985.0,1025.0,7214194,7269383967,11841,,,2253729,60387,37838,3118.0,820.0,,finmind,2026-07-15T18:18:34.165822+08:00
2025-07-21,1025.0,1025.0,999.0,1015.0,2506075,2526817105,4521,,,-383361,7239,-32623,3166.0,747.0,,finmind,2026-07-15T18:18:34.165822+08:00
2025-07-22,1025.0,1025.0,989.0,990.0,3560328,3575726361,13045,,,324134,34060,-147167,2959.0,708.0,,finmind,2026-07-15T18:18:34.165822+08:00
2025-07-23,995.0,1010.0,979.0,988.0,3117087,3090596059,6028,,,-582607,-42000,5839,3093.0,695.0,,finmind,2026-07-15T18:18:34.165822+08:00
2025-07-24,992.0,1005.0,981.0,989.0,3783168,3753649672,6422,,,-386888,-45313,44861,3137.0,715.0,,finmind,2026-07-15T18:18:34.165822+08:00
2025-07-25,994.0,999.0,981.0,994.0,2259168,2237368630,3937,,,-22671,-44000,-23035,3154.0,716.0,,finmind,2026-07-15T18:18:34.165822+08:00
2025-07-28,997.0,1040.0,995.0,1025.0,4034008,4127311435,6787,,,652837,323988,-33852,2985.0,737.0,,finmind,2026-07-15T18:18:34.165822+08:00
2025-07-29,1025.0,1025.0,1000.0,1015.0,2298782,2326953130,3996,,,-198203,421700,52892,2849.0,668.0,,finmind,2026-07-15T18:18:34.165822+08:00
2025-07-30,1020.0,1035.0,988.0,1005.0,4004893,4010177199,8575,,,-531149,-1000,148865,2821.0,653.0,,finmind,2026-07-15T18:18:34.165822+08:00
2025-07-31,1040.0,1105.0,1030.0,1105.0,5852711,6397747340,8636,,,1908135,32000,-121131,2588.0,702.0,,finmind,2026-07-15T18:18:34.165822+08:00
2025-08-01,1105.0,1165.0,1095.0,1120.0,8467239,9606066415,11531,,,293092,267983,53433,2756.0,721.0,,finmind,2026-07-15T18:18:34.165822+08:00
2025-08-04,1115.0,1145.0,1090.0,1110.0,4908230,5485789895,7147,,,427170,68000,-30694,2539.0,719.0,,finmind,2026-07-15T18:18:34.165822+08:00
2025-08-05,1140.0,1165.0,1120.0,1125.0,5335741,6079366230,7311,,,385604,38198,19824,2562.0,659.0,,finmind,2026-07-15T18:18:34.165822+08:00
2025-08-06,1115.0,1125.0,1100.0,1110.0,2513288,2795367130,4888,,,-504457,-4640,119283,2572.0,632.0,,finmind,2026-07-15T18:18:34.165822+08:00
2025-08-07,1125.0,1155.0,1110.0,1145.0,3029173,3444152390,5017,,,-67949,141797,144042,2697.0,632.0,,finmind,2026-07-15T18:18:34.165822+08:00
2025-08-08,1140.0,1150.0,1125.0,1150.0,1867919,2132028750,4032,,,-227172,130440,52490,2638.0,564.0,,finmind,2026-07-15T18:18:34.165822+08:00
2025-08-11,1155.0,1175.0,1130.0,1155.0,2701985,3126543940,4964,,,176993,-307684,83474,2643.0,545.0,,finmind,2026-07-15T18:18:34.165822+08:00
2025-08-12,1165.0,1195.0,1150.0,1175.0,2118730,2483212970,4498,,,-365,-4664,40404,2592.0,544.0,,finmind,2026-07-15T18:18:34.165822+08:00
2025-08-13,1185.0,1215.0,1160.0,1200.0,4078132,4861762650,6482,,,-220170,136000,66348,2504.0,520.0,,finmind,2026-07-15T18:18:34.165822+08:00
2025-08-14,1210.0,1225.0,1190.0,1210.0,2889899,3488154880,4968,,,-90060,-121311,-20145,2603.0,500.0,,finmind,2026-07-15T18:18:34.165822+08:00
2025-08-15,1190.0,1280.0,1180.0,1280.0,4727059,5877323945,7802,,,-228774,109535,144378,2765.0,420.0,,finmind,2026-07-15T18:18:34.165822+08:00
2025-08-18,1300.0,1310.0,1280.0,1305.0,3826361,4961267135,6328,,,-676975,66872,5679,3033.0,379.0,,finmind,2026-07-15T18:18:34.165822+08:00
2025-08-19,1305.0,1345.0,1225.0,1230.0,5501803,6978352300,14554,,,-544261,-126342,110452,3164.0,320.0,,finmind,2026-07-15T18:18:34.165822+08:00
2025-08-20,1180.0,1205.0,1150.0,1150.0,6288459,7379510240,13964,,,127668,-441682,88305,3164.0,345.0,,finmind,2026-07-15T18:18:34.165822+08:00
2025-08-21,1180.0,1260.0,1160.0,1235.0,6859474,8330094792,10215,,,-489958,57158,-9037,3485.0,223.0,,finmind,2026-07-15T18:18:34.165822+08:00
2025-08-22,1245.0,1260.0,1200.0,1205.0,4083609,4974658415,7595,,,-226039,-78800,-83622,3457.0,5.0,,finmind,2026-07-15T18:18:34.165822+08:00
2025-08-25,1250.0,1255.0,1225.0,1250.0,3174301,3949807390,4978,,,-39946,-3967,-30986,3424.0,0.0,,finmind,2026-07-15T18:18:34.165822+08:00
2025-08-26,1250.0,1250.0,1205.0,1250.0,3723624,4594547470,6643,,,-303269,-90989,-182862,3513.0,0.0,,finmind,2026-07-15T18:18:34.165822+08:00
2025-08-27,1260.0,1295.0,1245.0,1280.0,3832090,4873955090,6600,,,52133,-46000,153378,3471.0,0.0,,finmind,2026-07-15T18:18:34.165822+08:00
2025-08-28,1270.0,1275.0,1220.0,1250.0,3032895,3782017623,8753,,,-246487,-146000,-65004,3493.0,9.0,,finmind,2026-07-15T18:18:34.165822+08:00
2025-08-29,1275.0,1285.0,1220.0,1220.0,3200019,3991006807,7644,,,-249976,-110000,-144467,3472.0,76.0,,finmind,2026-07-15T18:18:34.165822+08:00
2025-09-01,1210.0,1225.0,1125.0,1155.0,6612946,7684363545,17674,,,38278,-385835,-217721,3475.0,96.0,,finmind,2026-07-15T18:18:34.165822+08:00
2025-09-02,1175.0,1180.0,1125.0,1150.0,3843099,4400820610,6514,,,81779,-529000,29230,3571.0,114.0,,finmind,2026-07-15T18:18:34.165822+08:00
2025-09-03,1150.0,1170.0,1140.0,1165.0,2628346,3036726935,4124,,,336745,-122800,1977,3498.0,148.0,,finmind,2026-07-15T18:18:34.165822+08:00
2025-09-04,1115.0,1155.0,1075.0,1115.0,8270060,9207742320,13509,,,1259997,-1619200,-52542,3609.0,172.0,,finmind,2026-07-15T18:18:34.165822+08:00
2025-09-05,1155.0,1165.0,1130.0,1165.0,6042014,6951336705,7794,,,-869491,-13500,86155,3881.0,194.0,,finmind,2026-07-15T18:18:34.165822+08:00
2025-09-08,1190.0,1190.0,1145.0,1145.0,3623013,4210926600,5806,,,-214848,-219403,-53757,3979.0,207.0,,finmind,2026-07-15T18:18:34.165822+08:00
2025-09-09,1155.0,1255.0,1155.0,1225.0,7887357,9701083995,15240,,,1050027,197900,-48788,4332.0,247.0,,finmind,2026-07-15T18:18:34.165822+08:00
2025-09-10,1250.0,1270.0,1230.0,1255.0,5598958,7001348980,7753,,,-185239,65299,-52146,4501.0,265.0,,finmind,2026-07-15T18:18:34.165822+08:00
2025-09-11,1265.0,1380.0,1265.0,1325.0,8816136,11693867780,18242,,,792804,346436,153988,4136.0,348.0,,finmind,2026-07-15T18:18:34.165822+08:00
2025-09-12,1350.0,1360.0,1310.0,1345.0,5641107,7550165485,8137,,,-324585,421000,-35898,3371.0,336.0,,finmind,2026-07-15T18:18:34.165822+08:00
2025-09-15,1345.0,1345.0,1295.0,1315.0,3697369,4865551075,6556,,,-93596,121593,-94346,2734.0,318.0,,finmind,2026-07-15T18:18:34.165822+08:00
2025-09-16,1320.0,1330.0,1280.0,1285.0,3637699,4746804900,11913,,,-236251,12401,-79911,2307.0,274.0,,finmind,2026-07-15T18:18:34.165822+08:00
2025-09-17,1295.0,1325.0,1285.0,1315.0,3917468,5128760220,5534,,,132263,245593,-39387,2181.0,270.0,,finmind,2026-07-15T18:18:34.165822+08:00
2025-09-18,1305.0,1340.0,1295.0,1335.0,2944001,3863236510,5356,,,-206561,15000,80723,2165.0,268.0,,finmind,2026-07-15T18:18:34.165822+08:00
2025-09-19,1345.0,1350.0,1290.0,1290.0,4139490,5416677050,10231,,,-394840,123952,-52850,1842.0,254.0,,finmind,2026-07-15T18:18:34.165822+08:00
2025-09-22,1305.0,1325.0,1280.0,1300.0,1647675,2137868220,3842,,,80302,-407000,5664,1850.0,252.0,,finmind,2026-07-15T18:18:34.165822+08:00
2025-09-23,1305.0,1390.0,1295.0,1345.0,4099125,5529215005,8481,,,-19629,423701,185916,2006.0,250.0,,finmind,2026-07-15T18:18:34.165822+08:00
2025-09-24,1345.0,1350.0,1280.0,1295.0,3479649,4518135090,9121,,,-268739,-130655,30053,2043.0,233.0,,finmind,2026-07-15T18:18:34.165822+08:00
2025-09-25,1285.0,1305.0,1255.0,1255.0,2226381,2828260340,7193,,,-167164,-82599,-8876,1849.0,231.0,,finmind,2026-07-15T18:18:34.165822+08:00
2025-09-26,1255.0,1265.0,1215.0,1225.0,2104093,2587820455,5575,,,-41279,-178200,41820,1798.0,199.0,,finmind,2026-07-15T18:18:34.165822+08:00
2025-09-30,1260.0,1265.0,1220.0,1225.0,2779305,3437716805,4667,,,-48290,-240481,33250,1786.0,216.0,,finmind,2026-07-15T18:18:34.165822+08:00
2025-10-01,1255.0,1265.0,1225.0,1230.0,2375218,2956836745,4022,,,-768067,-10773,50735,1970.0,224.0,,finmind,2026-07-15T18:18:34.165822+08:00
2025-10-02,1250.0,1320.0,1235.0,1295.0,4348785,5600701055,7841,,,-203174,47062,135531,2054.0,254.0,,finmind,2026-07-15T18:18:34.165822+08:00
2025-10-03,1300.0,1310.0,1285.0,1305.0,2266621,2943142875,4078,,,156382,-24406,-124560,2065.0,264.0,,finmind,2026-07-15T18:18:34.165822+08:00
2025-10-07,1375.0,1375.0,1230.0,1235.0,6265409,8059377885,15834,,,175745,-650900,-6128,2147.0,229.0,,finmind,2026-07-15T18:18:34.165822+08:00
2025-10-08,1210.0,1220.0,1180.0,1195.0,4854067,5806717720,13939,,,-283340,-786500,119318,2289.0,204.0,,finmind,2026-07-15T18:18:34.165822+08:00
2025-10-09,1225.0,1235.0,1195.0,1235.0,3233734,3949991140,5605,,,701573,-46472,7067,2185.0,206.0,,finmind,2026-07-15T18:18:34.165822+08:00
2025-10-13,1180.0,1200.0,1170.0,1200.0,3712557,4412986800,10801,,,-648369,-11165,-46480,2240.0,173.0,,finmind,2026-07-15T18:18:34.165822+08:00
2025-10-14,1220.0,1230.0,1165.0,1170.0,2742412,3267915345,7763,,,-487730,-46159,-202983,2180.0,180.0,,finmind,2026-07-15T18:18:34.165822+08:00
2025-10-15,1150.0,1165.0,1120.0,1140.0,5401683,6157044440,12506,,,494938,-1096000,-117674,2370.0,156.0,,finmind,2026-07-15T18:18:34.165822+08:00
2025-10-16,1140.0,1175.0,1135.0,1140.0,3627108,4173889910,6963,,,-701083,-72406,101082,2414.0,156.0,,finmind,2026-07-15T18:18:34.165822+08:00
2025-10-17,1120.0,1140.0,1085.0,1105.0,4231992,4688094115,11973,,,-47527,-373000,-26671,2403.0,158.0,,finmind,2026-07-15T18:18:34.165822+08:00
2025-10-20,1115.0,1155.0,1095.0,1125.0,3897083,4366367020,6299,,,-552769,-144059,94936,2485.0,165.0,,finmind,2026-07-15T18:18:34.165822+08:00
2025-10-21,1150.0,1155.0,1120.0,1130.0,1555620,1766270630,3760,,,-66036,-116600,2023,2464.0,173.0,,finmind,2026-07-15T18:18:34.165822+08:00
2025-10-22,1130.0,1130.0,1105.0,1120.0,1784191,1989364345,3994,,,-17366,-202044,67625,2512.0,171.0,,finmind,2026-07-15T18:18:34.165822+08:00
2025-10-23,1110.0,1135.0,1105.0,1115.0,2426215,2703057340,4529,,,144755,-477000,8194,2592.0,162.0,,finmind,2026-07-15T18:18:34.165822+08:00
2025-10-27,1150.0,1185.0,1140.0,1165.0,5411535,6302640566,9186,,,-598771,-62017,174959,2688.0,160.0,,finmind,2026-07-15T18:18:34.165822+08:00
2025-10-28,1175.0,1260.0,1165.0,1255.0,6728445,8202980689,12565,,,-571098,593000,-23830,3244.0,173.0,,finmind,2026-07-15T18:18:34.165822+08:00
2025-10-29,1285.0,1290.0,1240.0,1250.0,5016245,6339504665,8491,,,58538,9000,-1554,2962.0,176.0,,finmind,2026-07-15T18:18:34.165822+08:00
2025-10-30,1265.0,1295.0,1250.0,1275.0,3703785,4717684975,7579,,,558506,-11000,-90959,2997.0,191.0,,finmind,2026-07-15T18:18:34.165822+08:00
2025-10-31,1300.0,1400.0,1300.0,1360.0,8702332,11837289620,18752,,,399973,351191,250345,3001.0,190.0,,finmind,2026-07-15T18:18:34.165822+08:00
2025-11-03,1385.0,1435.0,1360.0,1410.0,5890498,8288382190,11643,,,-401992,709108,137424,2999.0,196.0,,finmind,2026-07-15T18:18:34.165822+08:00
2025-11-04,1440.0,1525.0,1435.0,1470.0,8531291,12678496100,15334,,,154388,1013712,-19391,2706.0,225.0,,finmind,2026-07-15T18:18:34.165822+08:00
2025-11-05,1405.0,1465.0,1390.0,1440.0,6133541,8787056768,13406,,,116477,237424,-23201,2795.0,192.0,,finmind,2026-07-15T18:18:34.165822+08:00
2025-11-06,1450.0,1460.0,1430.0,1450.0,3601162,5207761035,6133,,,248815,66326,31661,2648.0,195.0,,finmind,2026-07-15T18:18:34.165822+08:00
2025-11-07,1420.0,1435.0,1370.0,1370.0,4626964,6404223830,11495,,,-195911,126860,-70539,2503.0,184.0,,finmind,2026-07-15T18:18:34.165822+08:00
2025-11-10,1365.0,1385.0,1345.0,1360.0,2695273,3673581325,5783,,,-1453,-3655,-55955,2471.0,174.0,,finmind,2026-07-15T18:18:34.165822+08:00
2025-11-11,1375.0,1380.0,1320.0,1320.0,4163786,5577392265,10297,,,-217424,-60394,-18564,2367.0,167.0,,finmind,2026-07-15T18:18:34.165822+08:00
2025-11-12,1355.0,1415.0,1340.0,1345.0,6163802,8484385545,10645,,,-179489,160700,137105,2439.0,176.0,,finmind,2026-07-15T18:18:34.165822+08:00
2025-11-13,1335.0,1395.0,1320.0,1375.0,3322593,4538781480,6555,,,-573793,-1,224510,2437.0,63.0,,finmind,2026-07-15T18:18:34.165822+08:00
2025-11-14,1340.0,1425.0,1335.0,1380.0,4781594,6639781122,8906,,,-712142,225700,82051,2582.0,66.0,,finmind,2026-07-15T18:18:34.165822+08:00
2025-11-17,1465.0,1510.0,1425.0,1450.0,5649057,8285472280,9867,,,41771,720178,-40775,2644.0,68.0,,finmind,2026-07-15T18:18:34.165822+08:00
2025-11-18,1430.0,1445.0,1340.0,1350.0,4537549,6273600100,11669,,,5806,1115,-86194,2708.0,54.0,,finmind,2026-07-15T18:18:34.165822+08:00
2025-11-19,1350.0,1360.0,1320.0,1330.0,3601315,4819689361,6824,,,-149323,91393,1874,2783.0,56.0,,finmind,2026-07-15T18:18:34.165822+08:00
2025-11-20,1420.0,1445.0,1385.0,1430.0,5096439,7225683700,8704,,,482065,298148,166503,2750.0,78.0,,finmind,2026-07-15T18:18:34.165822+08:00
2025-11-21,1365.0,1390.0,1295.0,1310.0,5419114,7198876335,13629,,,-281860,116327,-2498,2614.0,46.0,,finmind,2026-07-15T18:18:34.165822+08:00
2025-11-24,1330.0,1345.0,1305.0,1320.0,3784040,5010508590,4892,,,313824,8003,5602,2522.0,47.0,,finmind,2026-07-15T18:18:34.165822+08:00
2025-11-25,1380.0,1450.0,1380.0,1450.0,5394717,7665470115,10830,,,413182,757269,52861,2610.0,122.0,,finmind,2026-07-15T18:18:34.165822+08:00
2025-11-26,1500.0,1535.0,1445.0,1470.0,7359314,10919840480,11072,,,271830,294061,-15540,2594.0,112.0,,finmind,2026-07-15T18:18:34.165822+08:00
2025-11-27,1500.0,1515.0,1470.0,1495.0,3120888,4654389550,6593,,,559908,28379,102549,2610.0,117.0,,finmind,2026-07-15T18:18:34.165822+08:00
2025-11-28,1535.0,1560.0,1505.0,1525.0,4316056,6615762165,8752,,,149968,-46000,306648,2612.0,116.0,,finmind,2026-07-15T18:18:34.165822+08:00
2025-12-01,1515.0,1515.0,1460.0,1475.0,2990569,4440109875,7789,,,199519,-8000,7880,2599.0,112.0,,finmind,2026-07-15T18:18:34.165822+08:00
2025-12-02,1495.0,1540.0,1440.0,1440.0,3779186,5618442110,10444,,,-329813,95250,66644,2342.0,88.0,,finmind,2026-07-15T18:18:34.165822+08:00
2025-12-03,1465.0,1470.0,1415.0,1430.0,3440938,4959107180,6810,,,-37729,-111299,45495,2365.0,86.0,,finmind,2026-07-15T18:18:34.165822+08:00
2025-12-04,1425.0,1450.0,1405.0,1425.0,2385273,3404804695,4720,,,-695304,-127000,-18585,2467.0,96.0,,finmind,2026-07-15T18:18:34.165822+08:00
2025-12-05,1430.0,1505.0,1405.0,1495.0,4304112,6327379880,8625,,,556661,-81000,79663,2399.0,116.0,,finmind,2026-07-15T18:18:34.165822+08:00
2025-12-08,1500.0,1500.0,1475.0,1485.0,2234064,3330315145,4492,,,12372,-66172,-24900,2489.0,108.0,,finmind,2026-07-15T18:18:34.165822+08:00
2025-12-09,1485.0,1515.0,1480.0,1500.0,1963921,2950739550,4430,,,-32255,-35147,7817,2478.0,103.0,,finmind,2026-07-15T18:18:34.165822+08:00
2025-12-10,1505.0,1605.0,1485.0,1600.0,4569960,7134733905,11727,,,819222,-37751,80867,2642.0,137.0,,finmind,2026-07-15T18:18:34.165822+08:00
2025-12-11,1585.0,1630.0,1560.0,1595.0,4675458,7478625725,8517,,,-317390,315287,-157198,2403.0,120.0,,finmind,2026-07-15T18:18:34.165822+08:00
2025-12-12,1605.0,1635.0,1575.0,1605.0,2675966,4290050620,4960,,,-397235,78984,-50804,2316.0,110.0,,finmind,2026-07-15T18:18:34.165822+08:00
2025-12-15,1575.0,1625.0,1555.0,1605.0,2641880,4203695090,5440,,,-229348,108348,-40859,2223.0,147.0,,finmind,2026-07-15T18:18:34.165822+08:00
2025-12-16,1580.0,1590.0,1465.0,1495.0,4621237,7005332275,15215,,,-753698,71108,60234,2412.0,72.0,,finmind,2026-07-15T18:18:34.165822+08:00
2025-12-17,1505.0,1550.0,1495.0,1495.0,3562182,5402411347,5715,,,6798,252704,-81315,2338.0,80.0,,finmind,2026-07-15T18:18:34.165822+08:00
2025-12-18,1470.0,1515.0,1470.0,1500.0,1749563,2616338410,3441,,,22055,144000,66151,2385.0,78.0,,finmind,2026-07-15T18:18:34.165822+08:00
2025-12-19,1535.0,1565.0,1530.0,1550.0,2430074,3757930115,4410,,,41477,109941,111,2402.0,82.0,,finmind,2026-07-15T18:18:34.165822+08:00
2025-12-22,1575.0,1610.0,1560.0,1600.0,2386851,3800732630,5636,,,64929,160704,77033,2373.0,87.0,,finmind,2026-07-15T18:18:34.165822+08:00
2025-12-23,1615.0,1630.0,1590.0,1615.0,1428123,2301578690,3834,,,-53818,151000,47902,2323.0,91.0,,finmind,2026-07-15T18:18:34.165822+08:00
2025-12-24,1650.0,1695.0,1630.0,1690.0,3715694,6196717130,8671,,,-364015,142702,103365,2320.0,110.0,,finmind,2026-07-15T18:18:34.165822+08:00
2025-12-26,1685.0,1695.0,1640.0,1640.0,1801627,3007781820,5721,,,-581561,114000,18266,2369.0,100.0,,finmind,2026-07-15T18:18:34.165822+08:00
2025-12-29,1650.0,1680.0,1645.0,1675.0,2017216,3361906750,3833,,,52961,6583,64507,2386.0,113.0,,finmind,2026-07-15T18:18:34.165822+08:00
2025-12-30,1665.0,1665.0,1630.0,1645.0,1393168,2296726070,4474,,,-170588,-4155,-515,2307.0,95.0,,finmind,2026-07-15T18:18:34.165822+08:00
2025-12-31,1680.0,1680.0,1615.0,1645.0,2439589,4023024285,5987,,,-481994,352881,-6515,2398.0,95.0,,finmind,2026-07-15T18:18:34.165822+08:00
2026-01-02,1655.0,1660.0,1580.0,1590.0,3537708,5679597855,12070,,,-542283,39862,58877,2431.0,78.0,,finmind,2026-07-15T18:18:34.165822+08:00
2026-01-05,1620.0,1690.0,1585.0,1620.0,4265842,6936186710,7696,,,335450,-292856,140052,2467.0,73.0,,finmind,2026-07-15T18:18:34.165822+08:00
2026-01-06,1630.0,1705.0,1625.0,1695.0,4350109,7294892105,8882,,,630375,19639,79241,2380.0,90.0,,finmind,2026-07-15T18:18:34.165822+08:00
2026-01-07,1720.0,1720.0,1530.0,1580.0,10456647,16515822535,33025,,,-843926,-1668981,-248559,2605.0,78.0,,finmind,2026-07-15T18:18:34.165822+08:00
2026-01-08,1600.0,1615.0,1540.0,1545.0,4210851,6609539845,15573,,,511577,-604694,-25340,2744.0,73.0,,finmind,2026-07-15T18:18:34.165822+08:00
2026-01-09,1560.0,1600.0,1540.0,1565.0,3184351,5001999700,7856,,,230395,-235936,-7253,2824.0,78.0,,finmind,2026-07-15T18:18:34.165822+08:00
2026-01-12,1565.0,1610.0,1555.0,1610.0,3348576,5318295400,7040,,,376029,-75248,-4369,2962.0,78.0,,finmind,2026-07-15T18:18:34.165822+08:00
2026-01-13,1650.0,1650.0,1590.0,1635.0,3074410,4982763800,7327,,,647083,-29550,-70139,2761.0,85.0,,finmind,2026-07-15T18:18:34.165822+08:00
2026-01-14,1635.0,1675.0,1630.0,1670.0,2595477,4309163815,6270,,,543943,-25482,-10530,2539.0,87.0,,finmind,2026-07-15T18:18:34.165822+08:00
2026-01-15,1660.0,1700.0,1560.0,1570.0,5751542,9205746010,20425,,,-1456673,-341691,-137584,2715.0,83.0,,finmind,2026-07-15T18:18:34.165822+08:00
2026-01-16,1615.0,1630.0,1570.0,1625.0,4158595,6661225360,8317,,,177071,-95876,-114352,2761.0,87.0,,finmind,2026-07-15T18:18:34.165822+08:00
2026-01-19,1625.0,1635.0,1545.0,1580.0,3928342,6192104320,11924,,,546120,-417228,-207205,2452.0,78.0,,finmind,2026-07-15T18:18:34.165822+08:00
2026-01-20,1575.0,1620.0,1560.0,1615.0,2517558,4035608005,5911,,,1247741,-181534,1321,2371.0,80.0,,finmind,2026-07-15T18:18:34.165822+08:00
2026-01-21,1590.0,1610.0,1560.0,1560.0,3510961,5543267825,8813,,,356245,-482005,-134361,2326.0,78.0,,finmind,2026-07-15T18:18:34.165822+08:00
2026-01-22,1610.0,1675.0,1585.0,1660.0,3886143,6378982050,11240,,,1572873,-78323,120303,2172.0,98.0,,finmind,2026-07-15T18:18:34.165822+08:00
2026-01-23,1675.0,1800.0,1655.0,1800.0,6140918,10740653485,17170,,,1453866,8427,76295,2254.0,118.0,,finmind,2026-07-15T18:18:34.165822+08:00
2026-01-26,1790.0,1825.0,1715.0,1740.0,3270138,5737553675,12442,,,412553,-231551,-52248,2113.0,89.0,,finmind,2026-07-15T18:18:34.165822+08:00
2026-01-27,1745.0,1840.0,1725.0,1820.0,3568216,6392548365,9320,,,915805,-15034,734,1993.0,99.0,,finmind,2026-07-15T18:18:34.165822+08:00
2026-01-28,1845.0,1945.0,1830.0,1900.0,4507607,8537506170,11070,,,432122,-26065,-151842,1927.0,108.0,,finmind,2026-07-15T18:18:34.165822+08:00
2026-01-29,1925.0,1925.0,1785.0,1790.0,4284179,7798309400,18876,,,-334151,-440165,-165399,2053.0,91.0,,finmind,2026-07-15T18:18:34.165822+08:00
2026-01-30,1795.0,1820.0,1735.0,1745.0,3216573,5690199320,10170,,,-275612,-36330,3886,2026.0,86.0,,finmind,2026-07-15T18:18:34.165822+08:00
2026-02-02,1720.0,1815.0,1720.0,1785.0,3863878,6857690993,7487,,,186050,609993,7467,1971.0,96.0,,finmind,2026-07-15T18:18:34.165822+08:00
2026-02-03,1810.0,1875.0,1775.0,1855.0,4101444,7499412920,9810,,,124078,106159,93247,2093.0,90.0,,finmind,2026-07-15T18:18:34.165822+08:00
2026-02-04,1885.0,2040.0,1870.0,2040.0,6355031,12551548650,18435,,,1067054,167500,141888,2160.0,109.0,,finmind,2026-07-15T18:18:34.165822+08:00
2026-02-05,1980.0,2035.0,1905.0,1950.0,5986326,11782076980,20675,,,-752387,172241,-112125,2153.0,76.0,,finmind,2026-07-15T18:18:34.165822+08:00
2026-02-06,1920.0,2005.0,1840.0,1925.0,6159201,11995046515,12041,,,-1125645,778229,-100916,2179.0,81.0,,finmind,2026-07-15T18:18:34.165822+08:00
2026-02-09,2005.0,2110.0,1975.0,2080.0,5697621,11706690980,13877,,,366549,152000,-77353,2153.0,105.0,,finmind,2026-07-15T18:18:34.165822+08:00
2026-02-10,2080.0,2130.0,2050.0,2105.0,3163230,6614751580,7295,,,74989,78970,12688,2070.0,106.0,,finmind,2026-07-15T18:18:34.165822+08:00
2026-02-11,2100.0,2210.0,2065.0,2195.0,5309302,11463181110,10335,,,-1205173,884000,4184,2228.0,105.0,,finmind,2026-07-15T18:18:34.165822+08:00
2026-02-23,2275.0,2370.0,2160.0,2175.0,4407490,9860572170,12765,,,-245023,25670,-39274,2223.0,96.0,,finmind,2026-07-15T18:18:34.165822+08:00
2026-02-24,2210.0,2330.0,2155.0,2310.0,3773757,8571942645,9074,,,10125,503362,36477,2218.0,109.0,,finmind,2026-07-15T18:18:34.165822+08:00
2026-02-25,2335.0,2460.0,2315.0,2420.0,3740810,8982748550,8944,,,-170131,73504,94642,2084.0,117.0,,finmind,2026-07-15T18:18:34.165822+08:00
2026-02-26,2500.0,2500.0,2395.0,2440.0,4713847,11532931595,7877,,,-45454,-46315,-491,2177.0,112.0,,finmind,2026-07-15T18:18:34.165822+08:00
2026-03-02,2280.0,2435.0,2280.0,2380.0,3331488,7929076350,11010,,,182447,102254,11792,1965.0,100.0,,finmind,2026-07-15T18:18:34.165822+08:00
2026-03-03,2355.0,2430.0,2315.0,2320.0,3063218,7209203085,10553,,,-45368,22934,-77810,1853.0,82.0,,finmind,2026-07-15T18:18:34.165822+08:00
2026-03-04,2255.0,2295.0,2180.0,2190.0,3828524,8514221195,14105,,,-117621,64706,-56290,1729.0,73.0,,finmind,2026-07-15T18:18:34.165822+08:00
2026-03-05,2350.0,2395.0,2300.0,2365.0,3883828,9135039140,8877,,,-761764,657835,-48115,1828.0,80.0,,finmind,2026-07-15T18:18:34.165822+08:00
2026-03-06,2340.0,2470.0,2325.0,2360.0,2912192,6964516520,7709,,,-462656,171650,120798,1896.0,82.0,,finmind,2026-07-15T18:18:34.165822+08:00
2026-03-09,2125.0,2210.0,2125.0,2175.0,3391849,7335727400,13760,,,-326783,172897,-29069,1754.0,80.0,,finmind,2026-07-15T18:18:34.165822+08:00
2026-03-10,2315.0,2390.0,2315.0,2375.0,3065582,7271580415,9871,,,312753,277062,-64239,1662.0,85.0,,finmind,2026-07-15T18:18:34.165822+08:00
2026-03-11,2390.0,2520.0,2375.0,2450.0,4829317,11879555650,11404,,,-809471,167700,177053,1867.0,91.0,,finmind,2026-07-15T18:18:34.165822+08:00
2026-03-12,2440.0,2665.0,2440.0,2600.0,5442114,14111345150,13117,,,-273675,323835,-3385,1967.0,105.0,,finmind,2026-07-15T18:18:34.165822+08:00
2026-03-13,2580.0,2765.0,2540.0,2705.0,4417368,11854665823,11113,,,-353258,59670,-87652,2058.0,102.0,,finmind,2026-07-15T18:18:34.165822+08:00
2026-03-16,2785.0,2785.0,2575.0,2585.0,4463265,11862232825,21652,,,-824644,-19798,-101951,2009.0,75.0,,finmind,2026-07-15T18:18:34.165822+08:00
2026-03-17,2645.0,2750.0,2625.0,2700.0,2921492,7860790015,8847,,,117892,74670,26637,1949.0,70.0,,finmind,2026-07-15T18:18:34.165822+08:00
2026-03-18,2740.0,2745.0,2670.0,2700.0,2925621,7912268795,7919,,,-349360,-76602,83406,1905.0,61.0,,finmind,2026-07-15T18:18:34.165822+08:00
2026-03-19,2700.0,2970.0,2660.0,2890.0,5842073,16662084605,15915,,,763693,-54350,-44383,1848.0,54.0,,finmind,2026-07-15T18:18:34.165822+08:00
2026-03-20,2905.0,2915.0,2720.0,2810.0,4588550,12932826435,13202,,,-949302,82506,21874,1989.0,5.0,,finmind,2026-07-15T18:18:34.165822+08:00
2026-03-23,2715.0,2880.0,2705.0,2795.0,3517744,9802872375,12041,,,-23571,111861,35324,2005.0,0.0,,finmind,2026-07-15T18:18:34.165822+08:00
2026-03-24,2865.0,2870.0,2670.0,2685.0,3977982,10964759150,14793,,,-494567,76898,-49403,2052.0,0.0,,finmind,2026-07-15T18:18:34.165822+08:00
2026-03-25,2790.0,2915.0,2780.0,2845.0,3332111,9524535195,9784,,,601216,196979,-40795,1966.0,0.0,,finmind,2026-07-15T18:18:34.165822+08:00
2026-03-26,2920.0,3035.0,2895.0,2945.0,4555967,13540701748,11593,,,463330,56577,-6876,1839.0,18.0,,finmind,2026-07-15T18:18:34.165822+08:00
2026-03-27,2900.0,2950.0,2845.0,2910.0,2066364,5985026820,9318,,,-483992,116432,75653,1886.0,16.0,,finmind,2026-07-15T18:18:34.165822+08:00
2026-03-30,2815.0,2850.0,2705.0,2785.0,3755290,10420318595,18176,,,-460042,-31039,-8106,1885.0,10.0,,finmind,2026-07-15T18:18:34.165822+08:00
2026-03-31,2780.0,2830.0,2595.0,2600.0,5256642,14019630926,21082,,,-105053,52177,-8724,1822.0,18.0,,finmind,2026-07-15T18:18:34.165822+08:00
2026-04-01,2800.0,2860.0,2745.0,2860.0,3039597,8584813555,12612,,,114139,242524,11275,1833.0,26.0,,finmind,2026-07-15T18:18:34.165822+08:00
2026-04-02,2920.0,2965.0,2775.0,2785.0,4147382,11863395991,12418,,,-19797,177129,-35257,1837.0,12.0,,finmind,2026-07-15T18:18:34.165822+08:00
2026-04-07,2875.0,2970.0,2850.0,2885.0,3251323,9450841170,8648,,,-38578,71421,62308,1847.0,20.0,,finmind,2026-07-15T18:18:34.165822+08:00
2026-04-08,3160.0,3170.0,3135.0,3170.0,2230541,7060264415,9088,,,642782,64000,22343,1965.0,28.0,,finmind,2026-07-15T18:18:34.165822+08:00
2026-04-09,3225.0,3350.0,3180.0,3220.0,3254067,10616229620,10305,,,95010,59629,47130,1877.0,34.0,,finmind,2026-07-15T18:18:34.165822+08:00
2026-04-10,3280.0,3435.0,3260.0,3420.0,3018570,10198767760,10447,,,-194742,110048,-82374,1824.0,60.0,,finmind,2026-07-15T18:18:34.165822+08:00
2026-04-13,3430.0,3440.0,3320.0,3325.0,2472083,8300411300,12174,,,-331446,-125399,189099,1920.0,37.0,,finmind,2026-07-15T18:18:34.165822+08:00
2026-04-14,3490.0,3655.0,3490.0,3605.0,3407745,12271082905,11989,,,490562,-72819,53790,1843.0,44.0,,finmind,2026-07-15T18:18:34.165822+08:00
2026-04-15,3870.0,3875.0,3700.0,3810.0,3998854,15134494450,13142,,,97029,-56464,-67067,1866.0,49.0,,finmind,2026-07-15T18:18:34.165822+08:00
2026-04-16,3950.0,3950.0,3760.0,3835.0,2880746,11023679510,11575,,,-2001,-205260,40483,1885.0,49.0,,finmind,2026-07-15T18:18:34.165822+08:00
2026-04-17,3770.0,3865.0,3730.0,3800.0,2796395,10633043245,15507,,,-49313,-256341,118157,1859.0,46.0,,finmind,2026-07-15T18:18:34.165822+08:00
2026-04-20,3780.0,3915.0,3720.0,3850.0,3606415,13766771315,14726,,,-57109,22754,-11047,1916.0,46.0,,finmind,2026-07-15T18:18:34.165822+08:00
2026-04-21,3900.0,3990.0,3830.0,3950.0,2771442,10866762320,11084,,,41968,205391,-26702,1828.0,46.0,,finmind,2026-07-15T18:18:34.165822+08:00
2026-04-22,3960.0,4200.0,3895.0,4065.0,2907731,11809686735,13448,,,-410575,307012,13753,1910.0,46.0,,finmind,2026-07-15T18:18:34.165822+08:00
2026-04-23,4215.0,4440.0,3975.0,4100.0,4565537,19110108040,21916,,,-810212,438843,-29250,1992.0,43.0,,finmind,2026-07-15T18:18:34.165822+08:00
2026-04-24,4300.0,4485.0,4230.0,4475.0,4429294,19487669681,17793,,,262556,273179,-6861,1976.0,59.0,,finmind,2026-07-15T18:18:34.165822+08:00
2026-04-27,4660.0,4800.0,4475.0,4730.0,5437579,25466732890,20060,,,517572,199498,-128696,1930.0,65.0,,finmind,2026-07-15T18:18:34.165822+08:00
2026-04-28,4650.0,4655.0,4340.0,4375.0,4686444,20772148000,56415,,,-1227949,-268119,65213,2201.0,51.0,,finmind,2026-07-15T18:18:34.165822+08:00
2026-04-29,4165.0,4460.0,4160.0,4440.0,3600136,15652794716,16317,,,195071,-72909,10502,2197.0,61.0,,finmind,2026-07-15T18:18:34.165822+08:00
2026-04-30,4550.0,4660.0,4485.0,4545.0,3472525,15926701156,17153,,,465040,48672,27560,2103.0,53.0,,finmind,2026-07-15T18:18:34.165822+08:00
2026-05-04,4605.0,4770.0,4530.0,4755.0,3046320,14263287170,15092,,,49273,142927,49862,2099.0,53.0,,finmind,2026-07-15T18:18:34.165822+08:00
2026-05-05,4740.0,4775.0,4600.0,4730.0,2020545,9461493525,19053,,,61633,68339,20981,2099.0,52.0,,finmind,2026-07-15T18:18:34.165822+08:00
2026-05-06,4855.0,4995.0,4745.0,4950.0,3737170,18292990145,18882,,,362540,311069,11466,2048.0,55.0,,finmind,2026-07-15T18:18:34.165822+08:00
2026-05-07,5110.0,5115.0,4825.0,4960.0,2630939,13011764025,19277,,,-34696,43656,38609,2085.0,52.0,,finmind,2026-07-15T18:18:34.165822+08:00
2026-05-08,4810.0,4905.0,4670.0,4750.0,2812108,13483465270,29132,,,-138420,3296,-42580,2054.0,48.0,,finmind,2026-07-15T18:18:34.165822+08:00
2026-05-11,4480.0,4860.0,4480.0,4850.0,2728505,12896977185,13716,,,80204,117665,614,2055.0,51.0,,finmind,2026-07-15T18:18:34.165822+08:00
2026-05-12,4805.0,5080.0,4805.0,4900.0,2661176,13219135825,13438,,,395606,277715,-32157,1958.0,51.0,,finmind,2026-07-15T18:18:34.165822+08:00
2026-05-13,4880.0,5000.0,4800.0,4930.0,1933684,9490678615,10884,,,294518,251254,4814,1939.0,49.0,,finmind,2026-07-15T18:18:34.165822+08:00
2026-05-14,5095.0,5215.0,4920.0,4920.0,2342222,11817345315,12551,,,178528,172836,-45110,1951.0,52.0,,finmind,2026-07-15T18:18:34.165822+08:00
2026-05-15,4960.0,5020.0,4615.0,4615.0,2616036,12454482490,32960,,,-106632,-178856,-68494,1977.0,51.0,,finmind,2026-07-15T18:18:34.165822+08:00
2026-05-18,4415.0,4575.0,4300.0,4545.0,3423889,15137126505,21588,,,279663,16000,62811,2017.0,46.0,,finmind,2026-07-15T18:18:34.165822+08:00
2026-05-19,4515.0,4675.0,4430.0,4535.0,1920778,8732368195,11026,,,301343,-210399,-32130,1955.0,46.0,,finmind,2026-07-15T18:18:34.165822+08:00
2026-05-20,4530.0,4530.0,4360.0,4395.0,1950325,8634663015,15771,,,359291,-169327,-155417,1943.0,50.0,,finmind,2026-07-15T18:18:34.165822+08:00
2026-05-21,4610.0,4785.0,4555.0,4690.0,2512472,11774126250,11771,,,560081,-115160,45464,1941.0,52.0,,finmind,2026-07-15T18:18:34.165822+08:00
2026-05-22,4925.0,5085.0,4800.0,5005.0,3037648,15188295575,18741,,,271322,230834,2183,1843.0,54.0,,finmind,2026-07-15T18:18:34.165822+08:00
2026-05-25,5355.0,5505.0,5205.0,5505.0,1801298,9760185315,14706,,,316332,-11000,54486,1746.0,91.0,,finmind,2026-07-15T18:18:34.165822+08:00
2026-05-26,5635.0,5635.0,5160.0,5290.0,2917258,15656253735,25164,,,-69967,-67986,-67168,1844.0,55.0,,finmind,2026-07-15T18:18:34.165822+08:00
2026-05-27,5500.0,5545.0,5300.0,5305.0,2342327,12711050610,12785,,,352365,143898,-2644,1830.0,55.0,,finmind,2026-07-15T18:18:34.165822+08:00
2026-05-28,5300.0,5515.0,5025.0,5055.0,2289989,11958351295,22699,,,-136280,48695,-38777,1852.0,55.0,,finmind,2026-07-15T18:18:34.165822+08:00
2026-05-29,4925.0,5250.0,4925.0,5120.0,3687942,18894538885,11241,,,-148221,91082,20713,1934.0,55.0,,finmind,2026-07-15T18:18:34.165822+08:00
2026-06-01,5130.0,5280.0,4985.0,5070.0,2273627,11556925975,17071,,,718402,-654000,-24082,1881.0,55.0,,finmind,2026-07-15T18:18:34.165822+08:00
2026-06-02,5060.0,5075.0,4820.0,4860.0,2172811,10696306390,31120,,,7560,-141028,-63162,1853.0,54.0,,finmind,2026-07-15T18:18:34.165822+08:00
2026-06-03,4910.0,5010.0,4820.0,4830.0,2199236,10756555770,18961,,,201629,-76388,8535,1848.0,54.0,,finmind,2026-07-15T18:18:34.165822+08:00
2026-06-04,4880.0,4885.0,4740.0,4830.0,1722407,8312640340,15595,,,52353,-963,12560,1882.0,54.0,,finmind,2026-07-15T18:18:34.165822+08:00
2026-06-05,4780.0,5025.0,4545.0,4885.0,2909896,14022518030,19394,,,18225,105254,-18310,1911.0,47.0,,finmind,2026-07-15T18:18:34.165822+08:00
2026-06-08,4575.0,4810.0,4530.0,4770.0,2667787,12467924760,17954,,,6663,-7300,13230,1941.0,41.0,,finmind,2026-07-15T18:18:34.165822+08:00
2026-06-09,4965.0,5065.0,4820.0,5065.0,2437441,12143783630,14939,,,-281164,297529,-30378,1937.0,48.0,,finmind,2026-07-15T18:18:34.165822+08:00
2026-06-10,5080.0,5245.0,4875.0,4940.0,2802050,14244593500,17288,,,302908,97815,-43203,1847.0,44.0,,finmind,2026-07-15T18:18:34.165822+08:00
2026-06-11,4995.0,5130.0,4800.0,5095.0,2793147,13974619575,13302,,,102140,-11741,35835,1803.0,47.0,,finmind,2026-07-15T18:18:34.165822+08:00
2026-06-12,5500.0,5500.0,4750.0,4830.0,4224358,20840035313,42102,,,-712469,-184224,2583,1980.0,43.0,,finmind,2026-07-15T18:18:34.165822+08:00
2026-06-15,5000.0,5080.0,4935.0,5030.0,2220308,11120679755,12905,,,601392,-6714,7636,1963.0,46.0,,finmind,2026-07-15T18:18:34.165822+08:00
2026-06-16,5120.0,5220.0,5065.0,5120.0,2171931,11161870990,12420,,,648523,-37544,-31375,1879.0,48.0,,finmind,2026-07-15T18:18:34.165822+08:00
2026-06-17,5105.0,5230.0,4885.0,5200.0,2440312,12416772625,15643,,,237842,-55289,-71166,1826.0,61.0,,finmind,2026-07-15T18:18:34.165822+08:00
2026-06-18,5460.0,5600.0,5230.0,5600.0,1927746,10522532290,20011,,,717367,39884,143211,1724.0,78.0,,finmind,2026-07-15T18:18:34.165822+08:00
2026-06-22,5815.0,6045.0,5815.0,5825.0,2030502,12040652720,17082,,,430351,-15979,6967,1634.0,81.0,,finmind,2026-07-15T18:18:34.165822+08:00
2026-06-23,5710.0,5710.0,5430.0,5700.0,2138552,11849352085,16697,,,468718,-73886,-41015,1648.0,88.0,,finmind,2026-07-15T18:18:34.165822+08:00
2026-06-24,5440.0,5575.0,5345.0,5560.0,1757641,9596314445,13883,,,-164376,20000,-10152,1686.0,82.0,,finmind,2026-07-15T18:18:34.165822+08:00
2026-06-25,5700.0,5700.0,5500.0,5640.0,1253427,7033509175,5861,,,354447,14075,-109018,1646.0,88.0,,finmind,2026-07-15T18:18:34.165822+08:00
2026-06-26,5640.0,5640.0,5220.0,5255.0,1391599,7509007250,9599,,,97857,-44927,6804,1575.0,84.0,,finmind,2026-07-15T18:18:34.165822+08:00
2026-06-29,5255.0,5450.0,5255.0,5450.0,953667,5119692240,5457,,,72513,-30576,-20368,1578.0,92.0,,finmind,2026-07-15T18:18:34.165822+08:00
2026-06-30,5375.0,5440.0,5255.0,5390.0,1198968,6426833690,8941,,,-111163,-209000,62394,1674.0,79.0,,finmind,2026-07-15T18:18:34.165822+08:00
2026-07-01,5475.0,5670.0,5300.0,5535.0,989642,5450002915,7893,,,60944,-166626,43290,1804.0,79.0,,finmind,2026-07-15T18:18:34.165822+08:00
2026-07-02,5440.0,5750.0,5390.0,5655.0,983037,5475306155,5807,,,-36476,6255,53937,1890.0,70.0,,finmind,2026-07-15T18:18:34.165822+08:00
2026-07-03,5535.0,6080.0,5530.0,6080.0,3177228,18691825646,22013,,,334838,114696,38117,2032.0,72.0,,finmind,2026-07-15T18:18:34.165822+08:00
2026-07-06,6225.0,6250.0,5475.0,5475.0,3511893,19665733290,49232,,,-1455091,251336,117281,2125.0,157.0,,finmind,2026-07-15T18:18:34.165822+08:00
2026-07-07,5475.0,5550.0,5200.0,5220.0,4028186,21640198790,25087,,,-346038,93139,-96932,2080.0,54.0,,finmind,2026-07-15T18:18:34.165822+08:00
2026-07-08,5350.0,5555.0,5250.0,5315.0,2642600,14217572400,11199,,,340076,119458,-17850,1920.0,58.0,,finmind,2026-07-15T18:18:34.165822+08:00
2026-07-09,5315.0,5500.0,5270.0,5295.0,1991369,10667561710,9053,,,-420707,116161,17549,1924.0,59.0,,finmind,2026-07-15T18:18:34.165822+08:00
2026-07-13,5380.0,5390.0,5055.0,5125.0,1879346,9691705885,16321,,,-637,15897,-5148,1893.0,44.0,,finmind,2026-07-15T18:18:34.165822+08:00
2026-07-14,5050.0,5160.0,4745.0,4970.0,2516884,12405419880,18709,,,96157,39913,53360,1765.0,46.0,,finmind,2026-07-15T18:18:34.165822+08:00
2026-07-15,5055.0,5190.0,4995.0,5080.0,1340831,6835177909,6806,,,-54951,100330,-55072,,,,finmind,2026-07-15T18:18:34.165822+08:00
