date,day_trade_volume,day_trade_ratio
2016-02-01,0,0.0
2016-02-02,0,0.0
2016-02-03,0,0.0
2016-02-15,0,0.0
2016-02-16,0,0.0
2016-02-17,0,0.0
2016-02-18,1000,0.013
2016-02-19,1000,0.0184
2016-02-22,3000,0.0162
2016-02-23,1000,0.0074
2016-02-24,0,0.0
2016-02-25,1000,0.0052
2016-02-26,0,0.0
2016-03-01,0,0.0
2016-03-02,7000,0.0434
2016-03-03,2000,0.0145
2016-03-04,15000,0.0502
2016-03-07,0,0.0
2016-03-08,0,0.0
2016-03-09,4000,0.0156
2016-03-10,9000,0.0735
2016-03-11,3000,0.0257
2016-03-14,3000,0.0164
2016-03-15,0,0.0
2016-03-16,0,0.0
2016-03-17,32000,0.1362
2016-03-18,0,0.0
2016-03-21,2000,0.0229
2016-03-22,0,0.0
2016-03-23,3000,0.0269
2016-03-24,4000,0.0245
2016-03-25,3000,0.0333
2016-03-28,9000,0.0181
2016-03-29,1000,0.0036
2016-03-30,4000,0.0142
2016-03-31,0,0.0
2016-04-01,5000,0.0267
2016-04-06,4000,0.0197
2016-04-07,0,0.0
2016-04-08,0,0.0
2016-04-11,6000,0.0418
2016-04-12,0,0.0
2016-04-13,0,0.0
2016-04-14,1000,0.0219
2016-04-15,0,0.0
2016-04-18,2000,0.032
2016-04-19,0,0.0
2016-04-20,0,0.0
2016-04-21,0,0.0
2016-04-22,0,0.0
2016-04-25,0,0.0
2016-04-26,0,0.0
2016-04-27,1000,0.0136
2016-04-28,1000,0.0076
2016-04-29,0,0.0
2016-05-03,0,0.0
2016-05-04,0,0.0
2016-05-05,0,0.0
2016-05-06,0,0.0
2016-05-09,0,0.0
2016-05-10,0,0.0
2016-05-11,0,0.0
2016-05-12,0,0.0
2016-05-13,0,0.0
2016-05-16,1000,0.0027
2016-05-17,0,0.0
2016-05-18,0,0.0
2016-05-19,0,0.0
2016-05-20,0,0.0
2016-05-23,0,0.0
2016-05-24,2000,0.0126
2016-05-25,2000,0.0434
2016-05-26,0,0.0
2016-05-27,3000,0.0373
2016-05-30,0,0.0
2016-05-31,0,0.0
2016-06-01,0,0.0
2016-06-02,0,0.0
2016-06-03,0,0.0
2016-06-06,0,0.0
2016-06-07,0,0.0
2016-06-08,1000,0.0255
2016-06-13,0,0.0
2016-06-14,0,0.0
2016-06-15,0,0.0
2016-06-16,0,0.0
2016-06-17,2000,0.0165
2016-06-20,0,0.0
2016-06-21,0,0.0
2016-06-22,0,0.0
2016-06-23,0,0.0
2016-06-24,3000,0.0227
2016-06-27,0,0.0
2016-06-28,1000,0.0212
2016-06-29,0,0.0
2016-06-30,1000,0.0082
2016-07-01,1000,0.0037
2016-07-04,0,0.0
2016-07-05,0,0.0
2016-07-06,0,0.0
2016-07-07,0,0.0
2016-07-11,48000,0.0886
2016-07-12,5000,0.0182
2016-07-13,0,0.0
2016-07-14,1000,0.0029
2016-07-15,48000,0.0744
2016-07-18,4000,0.0033
2016-07-19,9000,0.01
2016-07-20,2000,0.0049
2016-07-21,4000,0.0133
2016-07-22,7000,0.0432
2016-07-25,2000,0.0122
2016-07-26,1000,0.0102
2016-07-27,1000,0.0059
2016-07-28,0,0.0
2016-07-29,0,0.0
2016-08-01,10000,0.037
2016-08-02,2000,0.0106
2016-08-03,0,0.0
2016-08-04,1000,0.0134
2016-08-05,0,0.0
2016-08-08,0,0.0
2016-08-09,3000,0.0271
2016-08-10,0,0.0
2016-08-11,0,0.0
2016-08-12,1000,0.0128
2016-08-15,2000,0.0056
2016-08-16,0,0.0
2016-08-17,2000,0.011
2016-08-18,0,0.0
2016-08-19,1000,0.0047
2016-08-22,1000,0.0033
2016-08-23,0,0.0
2016-08-24,0,0.0
2016-08-25,2000,0.0348
2016-08-26,0,0.0
2016-08-29,0,0.0
2016-08-30,0,0.0
2016-08-31,0,0.0
2016-09-01,0,0.0
2016-09-02,4000,0.0289
2016-09-05,0,0.0
2016-09-06,0,0.0
2016-09-07,0,0.0
2016-09-08,0,0.0
2016-09-09,0,0.0
2016-09-12,0,0.0
2016-09-13,3000,0.0166
2016-09-14,0,0.0
2016-09-19,1000,0.009
2016-09-20,2000,0.0428
2016-09-21,0,0.0
2016-09-22,0,0.0
2016-09-23,0,0.0
2016-09-26,0,0.0
2016-09-29,0,0.0
2016-09-30,0,0.0
2016-10-03,0,0.0
2016-10-04,0,0.0
2016-10-05,1000,0.0162
2016-10-06,1000,0.0062
2016-10-07,12000,0.0411
2016-10-11,0,0.0
2016-10-12,0,0.0
2016-10-13,0,0.0
2016-10-14,0,0.0
2016-10-17,0,0.0
2016-10-18,1000,0.0104
2016-10-19,2000,0.0205
2016-10-20,0,0.0
2016-10-21,0,0.0
2016-10-24,2000,0.0781
2016-10-25,0,0.0
2016-10-26,2000,0.0479
2016-10-27,0,0.0
2016-10-28,0,0.0
2016-10-31,0,0.0
2016-11-01,0,0.0
2016-11-02,0,0.0
2016-11-03,0,0.0
2016-11-04,0,0.0
2016-11-07,0,0.0
2016-11-08,0,0.0
2016-11-09,0,0.0
2016-11-10,2000,0.0118
2016-11-11,0,0.0
2016-11-14,0,0.0
2016-11-15,0,0.0
2016-11-16,1000,0.0087
2016-11-17,0,0.0
2016-11-18,0,0.0
2016-11-21,0,0.0
2016-11-22,0,0.0
2016-11-23,3000,0.0183
2016-11-24,0,0.0
2016-11-25,0,0.0
2016-11-28,1000,0.0089
2016-11-29,0,0.0
2016-11-30,0,0.0
2016-12-01,0,0.0
2016-12-02,0,0.0
2016-12-05,0,0.0
2016-12-06,0,0.0
2016-12-07,0,0.0
2016-12-08,1000,0.0059
2016-12-09,1000,0.0059
2016-12-12,0,0.0
2016-12-13,17000,0.0545
2016-12-14,2000,0.0095
2016-12-15,0,0.0
2016-12-16,1000,0.008
2016-12-19,3000,0.0164
2016-12-20,3000,0.0217
2016-12-21,0,0.0
2016-12-22,0,0.0
2016-12-23,1000,0.0178
2016-12-26,0,0.0
2016-12-27,0,0.0
2016-12-28,6000,0.1632
2016-12-29,0,0.0
2016-12-30,0,0.0
2017-01-03,0,0.0
2017-01-04,0,0.0
2017-01-05,0,0.0
2017-01-06,0,0.0
2017-01-09,0,0.0
2017-01-10,0,0.0
2017-01-11,0,0.0
2017-01-12,2000,0.0233
2017-01-13,0,0.0
2017-01-16,1000,0.0072
2017-01-17,0,0.0
2017-01-18,0,0.0
2017-01-19,1000,0.0061
2017-01-20,0,0.0
2017-01-23,0,0.0
2017-01-24,0,0.0
2017-02-02,0,0.0
2017-02-03,5000,0.0257
2017-02-06,4000,0.0167
2017-02-07,4000,0.0124
2017-02-08,0,0.0
2017-02-09,6000,0.0176
2017-02-10,0,0.0
2017-02-13,1000,0.0051
2017-02-14,1000,0.0046
2017-02-15,2000,0.0134
2017-02-16,0,0.0
2017-02-17,0,0.0
2017-02-20,3000,0.0277
2017-02-21,1000,0.0087
2017-02-22,0,0.0
2017-02-23,1000,0.0131
2017-02-24,0,0.0
2017-03-01,0,0.0
2017-03-02,1000,0.005
2017-03-03,0,0.0
2017-03-06,1000,0.0114
2017-03-07,2000,0.0108
2017-03-08,0,0.0
2017-03-09,51000,0.0732
2017-03-10,1000,0.0038
2017-03-13,10000,0.0516
2017-03-14,1000,0.0053
2017-03-15,2000,0.0094
2017-03-16,1000,0.0065
2017-03-17,10000,0.0507
2017-03-20,1000,0.0072
2017-03-21,0,0.0
2017-03-22,0,0.0
2017-03-23,1000,0.0053
2017-03-24,0,0.0
2017-03-27,0,0.0
2017-03-28,8000,0.0246
2017-03-29,1000,0.0065
2017-03-30,0,0.0
2017-03-31,8000,0.0255
2017-04-05,1000,0.0043
2017-04-06,0,0.0
2017-04-07,0,0.0
2017-04-10,7000,0.0213
2017-04-11,0,0.0
2017-04-12,0,0.0
2017-04-13,0,0.0
2017-04-14,4000,0.0157
2017-04-17,10000,0.05
2017-04-18,1000,0.0228
2017-04-19,0,0.0
2017-04-20,0,0.0
2017-04-21,0,0.0
2017-04-24,0,0.0
2017-04-25,0,0.0
2017-04-26,3000,0.0168
2017-04-27,0,0.0
2017-04-28,0,0.0
2017-05-02,0,0.0
2017-05-03,0,0.0
2017-05-04,2000,0.0159
2017-05-05,0,0.0
2017-05-08,0,0.0
2017-05-09,14000,0.0889
2017-05-10,0,0.0
2017-05-11,1000,0.0113
2017-05-12,0,0.0
2017-05-15,2000,0.014
2017-05-16,0,0.0
2017-05-17,1000,0.0094
2017-05-18,10000,0.044
2017-05-19,0,0.0
2017-05-22,1000,0.0152
2017-05-23,2000,0.0325
2017-05-24,0,0.0
2017-05-25,2000,0.0098
2017-05-26,0,0.0
2017-05-31,4000,0.0425
2017-06-01,0,0.0
2017-06-02,0,0.0
2017-06-05,235000,0.2728
2017-06-06,23000,0.1088
2017-06-07,3000,0.0112
2017-06-08,2000,0.0103
2017-06-09,3000,0.0131
2017-06-12,11000,0.0395
2017-06-13,8000,0.0366
2017-06-14,1000,0.0039
2017-06-15,2000,0.0186
2017-06-16,0,0.0
2017-06-19,1000,0.0045
2017-06-20,0,0.0
2017-06-21,3000,0.0226
2017-06-22,4000,0.025
2017-06-23,9000,0.04
2017-06-26,2000,0.0135
2017-06-27,4000,0.0379
2017-06-28,14000,0.1045
2017-06-29,0,0.0
2017-06-30,0,0.0
2017-07-03,0,0.0
2017-07-04,0,0.0
2017-07-05,496000,0.394
2017-07-06,7000,0.0566
2017-07-07,0,0.0
2017-07-10,5000,0.0195
2017-07-11,2000,0.0149
2017-07-12,5000,0.0184
2017-07-13,9000,0.029
2017-07-14,1000,0.0066
2017-07-17,0,0.0
2017-07-18,0,0.0
2017-07-19,0,0.0
2017-07-20,0,0.0
2017-07-21,0,0.0
2017-07-24,2000,0.0062
2017-07-25,0,0.0
2017-07-26,0,0.0
2017-07-27,0,0.0
2017-07-28,1000,0.0201
2017-07-31,0,0.0
2017-08-01,1000,0.0061
2017-08-02,5000,0.0249
2017-08-03,0,0.0
2017-08-04,3000,0.0144
2017-08-07,0,0.0
2017-08-08,0,0.0
2017-08-09,0,0.0
2017-08-10,20000,0.0381
2017-08-11,7000,0.0084
2017-08-14,9000,0.0148
2017-08-15,3000,0.0098
2017-08-16,9000,0.0276
2017-08-17,5000,0.0185
2017-08-18,6000,0.0336
2017-08-21,3000,0.0205
2017-08-22,0,0.0
2017-08-23,1000,0.0106
2017-08-24,2000,0.0227
2017-08-25,0,0.0
2017-08-28,0,0.0
2017-08-29,1000,0.0126
2017-08-30,9000,0.0718
2017-08-31,0,0.0
2017-09-01,1000,0.0078
2017-09-04,0,0.0
2017-09-05,0,0.0
2017-09-06,0,0.0
2017-09-07,0,0.0
2017-09-08,2000,0.0203
2017-09-11,0,0.0
2017-09-12,0,0.0
2017-09-13,0,0.0
2017-09-14,2000,0.0269
2017-09-15,2000,0.0168
2017-09-18,24000,0.0634
2017-09-19,0,0.0
2017-09-20,0,0.0
2017-09-21,3000,0.042
2017-09-22,0,0.0
2017-09-25,1000,0.0041
2017-09-26,0,0.0
2017-09-27,6000,0.0329
2017-09-28,0,0.0
2017-09-29,13000,0.0458
2017-10-02,0,0.0
2017-10-03,0,0.0
2017-10-05,0,0.0
2017-10-06,0,0.0
2017-10-11,2000,0.0071
2017-10-12,1000,0.0055
2017-10-13,2000,0.0167
2017-10-16,1000,0.0049
2017-10-17,0,0.0
2017-10-18,1000,0.0115
2017-10-19,10000,0.0492
2017-10-20,3000,0.023
2017-10-23,2000,0.0211
2017-10-24,3000,0.0239
2017-10-25,4000,0.0385
2017-10-26,2000,0.0249
2017-10-27,1000,0.0095
2017-10-30,1000,0.0076
2017-10-31,0,0.0
2017-11-01,0,0.0
2017-11-02,0,0.0
2017-11-03,0,0.0
2017-11-06,0,0.0
2017-11-07,0,0.0
2017-11-08,17000,0.1411
2017-11-09,0,0.0
2017-11-10,1000,0.0152
2017-11-13,0,0.0
2017-11-14,0,0.0
2017-11-15,0,0.0
2017-11-16,0,0.0
2017-11-17,1000,0.0149
2017-11-20,2000,0.0164
2017-11-21,1000,0.0165
2017-11-22,1000,0.011
2017-11-23,2000,0.0163
2017-11-24,4000,0.027
2017-11-27,0,0.0
2017-11-28,0,0.0
2017-11-29,2000,0.0204
2017-11-30,2000,0.0258
2017-12-01,0,0.0
2017-12-04,2000,0.0317
2017-12-05,0,0.0
2017-12-06,0,0.0
2017-12-07,0,0.0
2017-12-08,2000,0.019
2017-12-11,0,0.0
2017-12-12,0,0.0
2017-12-13,1000,0.0187
2017-12-14,0,0.0
2017-12-15,4000,0.0163
2017-12-18,0,0.0
2017-12-19,0,0.0
2017-12-20,0,0.0
2017-12-21,0,0.0
2017-12-22,2000,0.0419
2017-12-25,0,0.0
2017-12-26,0,0.0
2017-12-27,0,0.0
2017-12-28,0,0.0
2017-12-29,0,0.0
2018-01-02,0,0.0
2018-01-03,3000,0.0138
2018-01-04,3000,0.0137
2018-01-05,1000,0.0058
2018-01-08,2000,0.0098
2018-01-09,5000,0.0173
2018-01-10,25000,0.0693
2018-01-11,277000,0.257
2018-01-12,372000,0.3118
2018-01-15,17000,0.0491
2018-01-16,6000,0.0442
2018-01-17,15000,0.0506
2018-01-18,6000,0.0423
2018-01-19,4000,0.0213
2018-01-22,2000,0.0117
2018-01-23,1000,0.0077
2018-01-24,5000,0.025
2018-01-25,0,0.0
2018-01-26,2000,0.0186
2018-01-29,0,0.0
2018-01-30,0,0.0
2018-01-31,1000,0.0108
2018-02-01,22000,0.0677
2018-02-02,27000,0.1173
2018-02-05,19000,0.0859
2018-02-06,13000,0.0179
2018-02-07,6000,0.0255
2018-02-08,13000,0.0719
2018-02-09,86000,0.1991
2018-02-12,8000,0.0591
2018-02-21,0,0.0
2018-02-22,18000,0.1168
2018-02-23,0,0.0
2018-02-26,10000,0.0317
2018-02-27,18000,0.0926
2018-03-01,4000,0.0498
2018-03-02,9000,0.0489
2018-03-05,3000,0.0211
2018-03-06,9000,0.0555
2018-03-07,16000,0.1079
2018-03-08,1000,0.0082
2018-03-09,14000,0.0468
2018-03-12,145000,0.1437
2018-03-13,247000,0.2479
2018-03-14,24000,0.1011
2018-03-15,10000,0.0444
2018-03-16,9000,0.0599
2018-03-19,2000,0.0121
2018-03-20,86000,0.1835
2018-03-21,14000,0.075
2018-03-22,14000,0.039
2018-03-23,20000,0.0602
2018-03-26,3000,0.0169
2018-03-27,0,0.0
2018-03-28,6000,0.0697
2018-03-29,6000,0.0402
2018-03-30,13000,0.0884
2018-04-02,49000,0.0657
2018-04-03,35000,0.1332
2018-04-09,20000,0.0869
2018-04-10,67000,0.1016
2018-04-11,8000,0.0352
2018-04-12,44000,0.1117
2018-04-13,6000,0.0309
2018-04-16,11000,0.0355
2018-04-17,15000,0.0564
2018-04-18,7000,0.0426
2018-04-19,10000,0.03
2018-04-20,4000,0.055
2018-04-23,7000,0.0542
2018-04-24,10000,0.0552
2018-04-25,10000,0.0521
2018-04-26,9000,0.0408
2018-04-27,13000,0.114
2018-04-30,9000,0.0337
2018-05-02,3000,0.0185
2018-05-03,5000,0.0498
2018-05-04,4000,0.0375
2018-05-07,4000,0.0311
2018-05-08,3000,0.0341
2018-05-09,5000,0.0302
2018-05-10,3000,0.0241
2018-05-11,4000,0.0348
2018-05-14,1000,0.0053
2018-05-15,52000,0.1116
2018-05-16,31000,0.0918
2018-05-17,35000,0.0889
2018-05-18,17000,0.0756
2018-05-21,4000,0.0108
2018-05-22,13000,0.0199
2018-05-23,30000,0.1121
2018-05-24,4000,0.029
2018-05-25,8000,0.0418
2018-05-28,20000,0.0405
2018-05-29,9000,0.0364
2018-05-30,15000,0.067
2018-05-31,24000,0.0692
2018-06-01,19000,0.0949
2018-06-04,3000,0.0119
2018-06-05,6000,0.0574
2018-06-06,7000,0.0295
2018-06-07,25000,0.1127
2018-06-08,25000,0.0858
2018-06-11,52000,0.1566
2018-06-12,30000,0.1676
2018-06-13,8000,0.0749
2018-06-14,9000,0.0587
2018-06-15,11000,0.0619
2018-06-19,13000,0.1189
2018-06-20,27000,0.1581
2018-06-21,52000,0.2778
2018-06-22,21000,0.1447
2018-06-25,28000,0.1428
2018-06-26,3000,0.0132
2018-06-27,18000,0.1432
2018-06-28,39000,0.1701
2018-06-29,1000,0.0109
2018-07-02,10000,0.0466
2018-07-03,7000,0.0326
2018-07-04,10000,0.0558
2018-07-05,0,0.0
2018-07-06,19000,0.0951
2018-07-09,4000,0.0334
2018-07-10,0,0.0
2018-07-11,5000,0.0427
2018-07-12,1000,0.0081
2018-07-13,6000,0.0415
2018-07-16,1000,0.0071
2018-07-17,2000,0.0196
2018-07-18,2000,0.0081
2018-07-19,12000,0.0325
2018-07-20,0,0.0
2018-07-23,2000,0.0182
2018-07-24,0,0.0
2018-07-25,3000,0.0139
2018-07-26,13000,0.0313
2018-07-27,22000,0.0193
2018-07-30,223000,0.1503
2018-07-31,10000,0.0332
2018-08-01,6000,0.0167
2018-08-02,4000,0.0167
2018-08-03,627000,0.1336
2018-08-06,249000,0.1471
2018-08-07,58000,0.1079
2018-08-08,23000,0.052
2018-08-09,128000,0.1586
2018-08-10,95000,0.1158
2018-08-13,12000,0.0226
2018-08-14,19000,0.0537
2018-08-15,8000,0.0427
2018-08-16,9000,0.0436
2018-08-17,2000,0.023
2018-08-20,3000,0.0141
2018-08-21,0,0.0
2018-08-22,1000,0.0123
2018-08-23,0,0.0
2018-08-24,1000,0.0038
2018-08-27,6000,0.0253
2018-08-28,13000,0.1206
2018-08-29,2000,0.0272
2018-08-30,5000,0.047
2018-08-31,3000,0.0176
2018-09-03,8000,0.0387
2018-09-04,6000,0.031
2018-09-05,1000,0.0083
2018-09-06,5000,0.0276
2018-09-07,21000,0.0279
2018-09-10,5000,0.0135
2018-09-11,0,0.0
2018-09-12,12000,0.0813
2018-09-13,3000,0.0319
2018-09-14,1000,0.0098
2018-09-17,1000,0.0107
2018-09-18,0,0.0
2018-09-19,4000,0.031
2018-09-20,0,0.0
2018-09-21,8000,0.0331
2018-09-25,0,0.0
2018-09-26,0,0.0
2018-09-27,0,0.0
2018-09-28,0,0.0
2018-10-01,2000,0.0285
2018-10-02,1000,0.0088
2018-10-03,1000,0.011
2018-10-04,2000,0.0191
2018-10-05,2000,0.0079
2018-10-08,1000,0.0125
2018-10-09,1000,0.0068
2018-10-11,16000,0.0346
2018-10-12,2000,0.0076
2018-10-15,2000,0.0095
2018-10-16,3000,0.0373
2018-10-17,1000,0.0065
2018-10-18,0,0.0
2018-10-19,5000,0.0357
2018-10-22,5000,0.0475
2018-10-23,1000,0.0156
2018-10-24,3000,0.0406
2018-10-25,25000,0.0764
2018-10-26,4000,0.0234
2018-10-29,0,0.0
2018-10-30,16000,0.1023
2018-10-31,5000,0.0502
2018-11-01,0,0.0
2018-11-02,0,0.0
2018-11-05,0,0.0
2018-11-06,1000,0.0172
2018-11-07,1000,0.0183
2018-11-08,1000,0.0113
2018-11-09,0,0.0
2018-11-12,5000,0.0943
2018-11-13,2000,0.0323
2018-11-14,1000,0.0157
2018-11-15,1000,0.0221
2018-11-16,0,0.0
2018-11-19,0,0.0
2018-11-20,0,0.0
2018-11-21,0,0.0
2018-11-22,0,0.0
2018-11-23,4000,0.0459
2018-11-26,1000,0.0199
2018-11-27,6000,0.176
2018-11-28,0,0.0
2018-11-29,0,0.0
2018-11-30,2000,0.025
2018-12-03,2000,0.0154
2018-12-04,1000,0.0133
2018-12-05,3000,0.041
2018-12-06,0,0.0
2018-12-07,10000,0.2134
2018-12-10,0,0.0
2018-12-11,1000,0.0211
2018-12-12,3000,0.0682
2018-12-13,3000,0.0586
2018-12-14,1000,0.0127
2018-12-17,0,0.0
2018-12-18,1000,0.0185
2018-12-19,0,0.0
2018-12-20,0,0.0
2018-12-21,0,0.0
2018-12-24,11000,0.0986
2018-12-25,3000,0.0549
2018-12-26,6000,0.0355
2018-12-27,24000,0.0564
2018-12-28,606000,0.4282
2019-01-02,7000,0.0419
2019-01-03,6000,0.0494
2019-01-04,1000,0.0131
2019-01-07,1000,0.0256
2019-01-08,0,0.0
2019-01-09,19000,0.0669
2019-01-10,2000,0.0148
2019-01-11,4000,0.0317
2019-01-14,6000,0.0877
2019-01-15,14000,0.1198
2019-01-16,6000,0.0738
2019-01-17,7000,0.087
2019-01-18,16000,0.159
2019-01-21,2000,0.0263
2019-01-22,6000,0.0833
2019-01-23,2000,0.0367
2019-01-24,5000,0.078
2019-01-25,6000,0.0313
2019-01-28,1000,0.0103
2019-01-29,2000,0.027
2019-01-30,3000,0.0347
2019-02-11,3000,0.0199
2019-02-12,13000,0.0701
2019-02-13,21000,0.0682
2019-02-14,26000,0.0698
2019-02-15,19000,0.0808
2019-02-18,8000,0.0414
2019-02-19,12000,0.0789
2019-02-20,43000,0.1871
2019-02-21,21000,0.1112
2019-02-22,23000,0.137
2019-02-25,14000,0.1302
2019-02-26,1000,0.0094
2019-02-27,11000,0.0726
2019-03-04,23000,0.0689
2019-03-05,32000,0.0971
2019-03-06,30000,0.1718
2019-03-07,39000,0.2263
2019-03-08,23000,0.1295
2019-03-11,40000,0.1443
2019-03-12,67000,0.1262
2019-03-13,37000,0.1053
2019-03-14,275000,0.2042
2019-03-15,37000,0.0457
2019-03-18,9000,0.027
2019-03-19,12000,0.045
2019-03-20,35000,0.1344
2019-03-21,2000,0.0134
2019-03-22,50000,0.078
2019-03-25,24000,0.0483
2019-03-26,39000,0.0703
2019-03-27,6000,0.021
2019-03-28,0,0.0
2019-03-29,28000,0.0798
2019-04-01,10000,0.024
2019-04-02,34000,0.1353
2019-04-03,5000,0.0373
2019-04-08,13000,0.0581
2019-04-09,4000,0.0189
2019-04-10,21000,0.0783
2019-04-11,0,0.0
2019-04-12,1000,0.009
2019-04-15,3000,0.0205
2019-04-16,2000,0.019
2019-04-17,0,0.0
2019-04-18,0,0.0
2019-04-19,4000,0.028
2019-04-22,2000,0.0126
2019-04-23,5000,0.0576
2019-04-24,3000,0.0256
2019-04-25,8000,0.0608
2019-04-26,1000,0.0068
2019-04-29,5000,0.0615
2019-04-30,0,0.0
2019-05-02,13000,0.0304
2019-05-03,15000,0.0331
2019-05-06,53000,0.1004
2019-05-07,16000,0.0361
2019-05-08,10000,0.0534
2019-05-09,41000,0.1187
2019-05-10,18000,0.0719
2019-05-13,47000,0.0713
2019-05-14,13000,0.0343
2019-05-15,2000,0.0184
2019-05-16,2000,0.024
2019-05-17,29000,0.1303
2019-05-20,3000,0.0204
2019-05-21,3000,0.0179
2019-05-22,3000,0.0436
2019-05-23,12000,0.0944
2019-05-24,0,0.0
2019-05-27,1000,0.0103
2019-05-28,2000,0.0231
2019-05-29,2000,0.0153
2019-05-30,3000,0.0225
2019-05-31,3000,0.0117
2019-06-03,5000,0.0368
2019-06-04,1000,0.0107
2019-06-05,2000,0.018
2019-06-06,0,0.0
2019-06-10,6000,0.0396
2019-06-11,4000,0.0289
2019-06-12,0,0.0
2019-06-13,2000,0.0159
2019-06-14,5000,0.0183
2019-06-17,5000,0.0125
2019-06-18,3000,0.0229
2019-06-19,7000,0.0343
2019-06-20,10000,0.0248
2019-06-21,2000,0.0048
2019-06-24,1000,0.004
2019-06-25,5000,0.0153
2019-06-26,8000,0.024
2019-06-27,3000,0.0045
2019-06-28,35000,0.0251
2019-07-01,129000,0.1164
2019-07-02,86000,0.084
2019-07-03,2000,0.0089
2019-07-04,7000,0.0321
2019-07-05,1000,0.0063
2019-07-08,31000,0.1006
2019-07-09,34000,0.0546
2019-07-10,81000,0.0718
2019-07-11,7000,0.0172
2019-07-12,20000,0.0384
2019-07-15,1000,0.0034
2019-07-16,5000,0.0183
2019-07-17,21000,0.0586
2019-07-18,0,0.0
2019-07-19,18000,0.0692
2019-07-22,4000,0.0158
2019-07-23,2000,0.009
2019-07-24,6000,0.0558
2019-07-25,0,0.0
2019-07-26,0,0.0
2019-07-29,3000,0.0213
2019-07-30,4000,0.0259
2019-07-31,0,0.0
2019-08-01,8000,0.0717
2019-08-02,3000,0.0252
2019-08-05,0,0.0
2019-08-06,8000,0.0473
2019-08-07,9000,0.0359
2019-08-08,23000,0.0662
2019-08-12,251000,0.212
2019-08-13,16000,0.0564
2019-08-14,12000,0.0276
2019-08-15,70000,0.0974
2019-08-16,259000,0.1345
2019-08-19,46000,0.0738
2019-08-20,52000,0.0593
2019-08-21,22000,0.0556
2019-08-22,21000,0.0566
2019-08-23,4000,0.0169
2019-08-26,3000,0.0143
2019-08-27,10000,0.0546
2019-08-28,19000,0.1515
2019-08-29,26000,0.0704
2019-08-30,265000,0.2107
2019-09-02,41000,0.0808
2019-09-03,16000,0.0283
2019-09-04,9000,0.0397
2019-09-05,10000,0.037
2019-09-06,8000,0.0206
2019-09-09,8000,0.0643
2019-09-10,0,0.0
2019-09-11,26000,0.0361
2019-09-12,12000,0.0643
2019-09-16,36000,0.1356
2019-09-17,3000,0.0142
2019-09-18,5000,0.0342
2019-09-19,8000,0.0427
2019-09-20,2000,0.0154
2019-09-23,7000,0.0473
2019-09-24,7000,0.0416
2019-09-25,9000,0.0513
2019-09-26,5000,0.0275
2019-09-27,60000,0.0364
2019-10-01,5000,0.0092
2019-10-02,7000,0.0249
2019-10-03,8000,0.0205
2019-10-04,12000,0.0546
2019-10-07,2000,0.0159
2019-10-08,7000,0.0506
2019-10-09,1000,0.0055
2019-10-14,1000,0.0057
2019-10-15,3000,0.0105
2019-10-16,5000,0.0283
2019-10-17,5000,0.0231
2019-10-18,1000,0.0076
2019-10-21,0,0.0
2019-10-22,2000,0.0117
2019-10-23,10000,0.0274
2019-10-24,0,0.0
2019-10-25,6000,0.0212
2019-10-28,4000,0.0353
2019-10-29,7000,0.0256
2019-10-30,1000,0.0042
2019-10-31,9000,0.0326
2019-11-01,27000,0.0721
2019-11-04,72000,0.116
2019-11-05,148000,0.1444
2019-11-06,28000,0.0572
2019-11-07,11000,0.0399
2019-11-08,9000,0.0297
2019-11-11,11000,0.0226
2019-11-12,1000,0.0038
2019-11-13,0,0.0
2019-11-14,0,0.0
2019-11-15,1000,0.0034
2019-11-18,0,0.0
2019-11-19,3000,0.0133
2019-11-20,2000,0.0091
2019-11-21,6000,0.0486
2019-11-22,6000,0.0268
2019-11-25,5000,0.0333
2019-11-26,24000,0.0355
2019-11-27,34000,0.0705
2019-11-28,13000,0.0378
2019-11-29,70000,0.0839
2019-12-02,54000,0.1307
2019-12-03,20000,0.1166
2019-12-04,19000,0.0996
2019-12-05,18000,0.0968
2019-12-06,16000,0.0775
2019-12-09,2000,0.0102
2019-12-10,7000,0.0631
2019-12-11,4000,0.0198
2019-12-12,15000,0.0513
2019-12-13,36000,0.0739
2019-12-16,0,0.0
2019-12-17,2000,0.0058
2019-12-18,7000,0.0269
2019-12-19,0,0.0
2019-12-20,1000,0.0068
2019-12-23,1000,0.0084
2019-12-24,9000,0.0433
2019-12-25,3000,0.0279
2019-12-26,0,0.0
2019-12-27,0,0.0
2019-12-30,3000,0.0186
2019-12-31,1000,0.0088
2020-01-02,0,0.0
2020-01-03,0,0.0
2020-01-06,5000,0.0091
2020-01-07,4000,0.0079
2020-01-08,5000,0.0131
2020-01-09,12000,0.1007
2020-01-10,9000,0.1027
2020-01-13,11000,0.0842
2020-01-14,12000,0.0596
2020-01-15,4000,0.0309
2020-01-16,7000,0.0479
2020-01-17,8000,0.0273
2020-01-20,5000,0.0247
2020-01-30,23000,0.027
2020-01-31,11000,0.0267
2020-02-03,23000,0.0318
2020-02-04,5000,0.0147
2020-02-05,15000,0.0583
2020-02-06,16000,0.0521
2020-02-07,14000,0.029
2020-02-10,3000,0.0119
2020-02-11,5000,0.0318
2020-02-12,1000,0.0052
2020-02-13,2000,0.0109
2020-02-14,0,0.0
2020-02-17,4000,0.0315
2020-02-18,1000,0.0068
2020-02-19,7000,0.048
2020-02-20,3000,0.0148
2020-02-21,0,0.0
2020-02-24,4000,0.0177
2020-02-25,21000,0.0596
2020-02-26,1000,0.0053
2020-02-27,15000,0.0498
2020-03-02,15000,0.0479
2020-03-03,6000,0.0413
2020-03-04,5000,0.0172
2020-03-05,17000,0.045
2020-03-06,609000,0.1708
2020-03-09,731000,0.2418
2020-03-10,208000,0.144
2020-03-11,129000,0.1297
2020-03-12,224000,0.1299
2020-03-13,318000,0.1903
2020-03-16,116000,0.1322
2020-03-17,192000,0.1388
2020-03-18,153000,0.1319
2020-03-19,185000,0.0946
2020-03-20,137000,0.1143
2020-03-23,36000,0.0797
2020-03-24,54000,0.0897
2020-03-25,86000,0.0958
2020-03-26,34000,0.0758
2020-03-27,56000,0.0852
2020-03-30,30000,0.0726
2020-03-31,35000,0.0904
2020-04-01,15000,0.0546
2020-04-06,36000,0.0833
2020-04-07,118000,0.1431
2020-04-08,24000,0.0595
2020-04-09,41000,0.0703
2020-04-10,17000,0.042
2020-04-13,45000,0.0972
2020-04-14,69000,0.0979
2020-04-15,56000,0.0797
2020-04-16,52000,0.0791
2020-04-17,82000,0.0926
2020-04-20,19000,0.0456
2020-04-21,87000,0.0989
2020-04-22,28000,0.0695
2020-04-23,66000,0.1936
2020-04-24,6000,0.0192
2020-04-27,29000,0.03
2020-04-28,26000,0.0397
2020-04-29,30000,0.0339
2020-04-30,18000,0.0248
2020-05-04,28000,0.041
2020-05-05,94000,0.0833
2020-05-06,385000,0.1559
2020-05-07,176000,0.0964
2020-05-08,311000,0.1046
2020-05-11,673000,0.215
2020-05-12,196000,0.1164
2020-05-13,65000,0.071
2020-05-14,57000,0.0548
2020-05-15,293000,0.2028
2020-05-18,770000,0.1991
2020-05-19,663000,0.2131
2020-05-20,167000,0.1269
2020-05-21,218000,0.1772
2020-05-22,60000,0.0791
2020-05-25,99000,0.1089
2020-05-26,159000,0.1572
2020-05-27,237000,0.1752
2020-05-28,200000,0.1277
2020-05-29,821000,0.2328
2020-06-01,1530000,0.3575
2020-06-02,196000,0.1493
2020-06-03,291000,0.1434
2020-06-04,209000,0.1301
2020-06-05,258000,0.1424
2020-06-08,1638000,0.2899
2020-06-09,538000,0.166
2020-06-10,309000,0.1704
2020-06-11,159000,0.0659
2020-06-12,658000,0.1913
2020-06-15,234000,0.0926
2020-06-16,269000,0.0626
2020-06-17,336000,0.095
2020-06-18,358000,0.1202
2020-06-19,161000,0.1294
2020-06-22,175000,0.1148
2020-06-23,204000,0.1057
2020-06-24,166000,0.1321
2020-06-29,172000,0.1825
2020-06-30,51000,0.0814
2020-07-01,90000,0.1102
2020-07-02,162000,0.1437
2020-07-03,1395000,0.3185
2020-07-06,691000,0.229
2020-07-07,334000,0.1581
2020-07-08,854000,0.1841
2020-07-09,476000,0.1592
2020-07-10,347000,0.185
2020-07-13,105000,0.0921
2020-07-14,95000,0.0897
2020-07-15,264000,0.1787
2020-07-16,195000,0.2024
2020-07-17,121000,0.1196
2020-07-20,294000,0.229
2020-07-21,71000,0.1229
2020-07-22,42000,0.0725
2020-07-23,49000,0.1148
2020-07-24,79000,0.0761
2020-07-27,59000,0.081
2020-07-28,163000,0.1479
2020-07-29,102000,0.2084
2020-07-30,41000,0.0945
2020-07-31,31000,0.0779
2020-08-03,68000,0.0988
2020-08-04,43000,0.1
2020-08-05,100000,0.0804
2020-08-06,55000,0.0823
2020-08-07,178000,0.159
2020-08-10,69000,0.1316
2020-08-11,38000,0.0501
2020-08-12,43000,0.0915
2020-08-13,75000,0.0912
2020-08-14,43000,0.0779
2020-08-17,39000,0.0769
2020-08-18,20000,0.0482
2020-08-19,116000,0.1544
2020-08-20,225000,0.1557
2020-08-21,44000,0.088
2020-08-24,114000,0.1488
2020-08-25,149000,0.2419
2020-08-26,11000,0.043
2020-08-27,31000,0.0659
2020-08-28,32000,0.0832
2020-08-31,57000,0.1089
2020-09-01,14000,0.0636
2020-09-02,69000,0.1385
2020-09-03,123000,0.1052
2020-09-04,65000,0.0715
2020-09-07,37000,0.0439
2020-09-08,29000,0.0701
2020-09-09,51000,0.1037
2020-09-10,37000,0.0816
2020-09-11,53000,0.1649
2020-09-14,11000,0.0466
2020-09-15,92000,0.1805
2020-09-16,14000,0.0571
2020-09-17,19000,0.0769
2020-09-18,14000,0.073
2020-09-21,28000,0.128
2020-09-22,22000,0.0897
2020-09-23,14000,0.0372
2020-09-24,60000,0.0746
2020-09-25,93000,0.1493
2020-09-28,29000,0.1309
2020-09-29,22000,0.1373
2020-09-30,8000,0.0568
2020-10-05,16000,0.0789
2020-10-06,25000,0.1467
2020-10-07,33000,0.0689
2020-10-08,54000,0.143
2020-10-12,20000,0.0724
2020-10-13,14000,0.1013
2020-10-14,17000,0.0764
2020-10-15,18000,0.0859
2020-10-16,36000,0.1229
2020-10-19,24000,0.0802
2020-10-20,5000,0.0206
2020-10-21,21000,0.0824
2020-10-22,143000,0.1236
2020-10-23,22000,0.0863
2020-10-26,34000,0.1557
2020-10-27,11000,0.1024
2020-10-28,6000,0.0273
2020-10-29,23000,0.0894
2020-10-30,66000,0.1222
2020-11-02,319000,0.3235
2020-11-03,30000,0.1086
2020-11-04,31000,0.1253
2020-11-05,13000,0.0512
2020-11-06,25000,0.0629
2020-11-09,27000,0.0735
2020-11-10,37000,0.0789
2020-11-11,68000,0.1022
2020-11-12,17000,0.0561
2020-11-13,6000,0.0199
2020-11-16,13000,0.0394
2020-11-17,14000,0.0415
2020-11-18,9000,0.0245
2020-11-19,5000,0.0239
2020-11-20,20000,0.1094
2020-11-23,20000,0.0625
2020-11-24,12000,0.0528
2020-11-25,4000,0.0146
2020-11-26,3000,0.0151
2020-11-27,14000,0.0528
2020-11-30,37000,0.0905
2020-12-01,8000,0.0301
2020-12-02,11000,0.0601
2020-12-03,47000,0.1062
2020-12-04,9000,0.0251
2020-12-07,143000,0.114
2020-12-08,1166000,0.2186
2020-12-09,279000,0.1323
2020-12-10,57000,0.0393
2020-12-11,160000,0.1231
2020-12-14,59000,0.0976
2020-12-15,25000,0.0264
2020-12-16,16000,0.0237
2020-12-17,28000,0.0515
2020-12-18,77000,0.1023
2020-12-21,24000,0.0468
2020-12-22,21000,0.0356
2020-12-23,60000,0.1056
2020-12-24,53000,0.1164
2020-12-25,18000,0.0338
2020-12-28,64000,0.1113
2020-12-29,64000,0.1429
2020-12-30,26000,0.068
2020-12-31,35000,0.1052
2021-01-04,35000,0.0916
2021-01-05,19000,0.0417
2021-01-06,31000,0.0301
2021-01-07,21000,0.0351
2021-01-08,61000,0.0979
2021-01-11,27000,0.0553
2021-01-12,12000,0.023
2021-01-13,59000,0.0945
2021-01-14,1000,0.0026
2021-01-15,43000,0.0856
2021-01-18,172000,0.1773
2021-01-19,37000,0.0744
2021-01-20,55000,0.0912
2021-01-21,43000,0.0793
2021-01-22,32000,0.0615
2021-01-25,31000,0.0702
2021-01-26,10000,0.0193
2021-01-27,7000,0.0405
2021-01-28,4000,0.0076
2021-01-29,1000,0.0024
2021-02-01,24000,0.0516
2021-02-02,12000,0.0688
2021-02-03,4000,0.0163
2021-02-04,29000,0.0364
2021-02-05,30000,0.06
2021-02-17,2000,0.006
2021-02-18,10000,0.0339
2021-02-19,26000,0.0696
2021-02-22,20000,0.042
2021-02-23,13000,0.0484
2021-02-24,34000,0.0734
2021-02-25,23000,0.0358
2021-02-26,78000,0.0919
2021-03-02,34000,0.0472
2021-03-03,12000,0.0378
2021-03-04,30000,0.0496
2021-03-05,26000,0.0491
2021-03-08,11000,0.0364
2021-03-09,9000,0.0239
2021-03-10,20000,0.0516
2021-03-11,19000,0.0678
2021-03-12,8000,0.0226
2021-03-15,5000,0.0083
2021-03-16,18000,0.0377
2021-03-17,69000,0.0781
2021-03-18,27000,0.0538
2021-03-19,104000,0.1108
2021-03-22,28000,0.0464
2021-03-23,54000,0.101
2021-03-24,2000,0.0032
2021-03-25,13000,0.0677
2021-03-26,6000,0.0135
2021-03-29,4000,0.0104
2021-03-30,0,0.0
2021-03-31,2000,0.012
2021-04-01,7000,0.0263
2021-04-06,7000,0.0219
2021-04-07,6000,0.0162
2021-04-08,11000,0.0231
2021-04-09,9000,0.0167
2021-04-12,22000,0.0407
2021-04-13,13000,0.0244
2021-04-14,16000,0.0188
2021-04-15,27000,0.0507
2021-04-16,33000,0.0735
2021-04-19,15000,0.0158
2021-04-20,17000,0.0378
2021-04-21,2000,0.0068
2021-04-22,43000,0.0685
2021-04-23,13000,0.0288
2021-04-26,21000,0.0356
2021-04-27,38000,0.0669
2021-04-28,19000,0.0483
2021-04-29,10000,0.0232
2021-05-03,12000,0.0222
2021-05-04,57000,0.0952
2021-05-05,23000,0.0557
2021-05-06,19000,0.0481
2021-05-07,179000,0.1236
2021-05-10,54000,0.0876
2021-05-11,81000,0.1411
2021-05-12,106000,0.109
2021-05-13,101000,0.1653
2021-05-14,50000,0.1478
2021-05-17,54000,0.0857
2021-05-18,33000,0.1341
2021-05-19,7000,0.0416
2021-05-20,17000,0.0753
2021-05-21,2000,0.0159
2021-05-24,26000,0.1785
2021-05-25,4000,0.028
2021-05-26,5000,0.0339
2021-05-27,16000,0.1303
2021-05-28,2000,0.0121
2021-05-31,11000,0.0955
2021-06-01,92000,0.4216
2021-06-02,4000,0.0278
2021-06-03,9000,0.0529
2021-06-04,1000,0.009
2021-06-07,26000,0.1719
2021-06-08,0,0.0
2021-06-09,6000,0.0539
2021-06-10,0,0.0
2021-06-11,3000,0.0224
2021-06-15,2000,0.0194
2021-06-16,5000,0.0471
2021-06-17,1000,0.0172
2021-06-18,0,0.0
2021-06-21,1000,0.0107
2021-06-22,1000,0.0062
2021-06-23,1000,0.0153
2021-06-24,2000,0.0182
2021-06-25,3000,0.0221
2021-06-28,0,0.0
2021-06-29,0,0.0
2021-06-30,5000,0.0174
2021-07-01,2000,0.0149
2021-07-02,3000,0.0204
2021-07-05,17000,0.0741
2021-07-06,2000,0.0095
2021-07-07,1000,0.0062
2021-07-08,6000,0.0322
2021-07-09,3000,0.0093
2021-07-12,4000,0.0221
2021-07-13,5000,0.0214
2021-07-14,7000,0.0182
2021-07-15,20000,0.0429
2021-07-16,2000,0.0056
2021-07-19,12000,0.0466
2021-07-20,7000,0.0313
2021-07-21,6000,0.0153
2021-07-22,10000,0.0387
2021-07-23,43000,0.1343
2021-07-26,5000,0.0243
2021-07-27,3000,0.0098
2021-07-28,52000,0.0931
2021-07-29,33000,0.1346
2021-07-30,0,0.0
2021-08-02,2000,0.0093
2021-08-03,4000,0.0302
2021-08-04,2000,0.0137
2021-08-05,0,0.0
2021-08-06,6000,0.0315
2021-08-09,3000,0.0232
2021-08-10,16000,0.0754
2021-08-11,2000,0.0116
2021-08-12,4000,0.0611
2021-08-13,0,0.0
2021-08-16,0,0.0
2021-08-17,2000,0.0166
2021-08-18,2000,0.0078
2021-08-19,0,0.0
2021-08-20,1000,0.0181
2021-08-23,1000,0.0179
2021-08-24,1000,0.0201
2021-08-25,2000,0.0238
2021-08-26,0,0.0
2021-08-27,3000,0.0315
2021-08-30,0,0.0
2021-08-31,18000,0.1873
2021-09-01,0,0.0
2021-09-02,4000,0.04
2021-09-03,4000,0.0517
2021-09-06,3000,0.024
2021-09-07,1000,0.0171
2021-09-08,1000,0.0107
2021-09-09,6000,0.0821
2021-09-10,4000,0.0352
2021-09-13,1000,0.0154
2021-09-14,0,0.0
2021-09-15,0,0.0
2021-09-16,0,0.0
2021-09-17,2000,0.0917
2021-09-22,6000,0.0713
2021-09-23,0,0.0
2021-09-24,0,0.0
2021-09-27,1000,0.03
2021-09-28,1000,0.0206
2021-09-29,5000,0.0693
2021-09-30,2000,0.0362
2021-10-01,8000,0.0796
2021-10-04,4000,0.0624
2021-10-05,0,0.0
2021-10-06,8000,0.0598
2021-10-07,27000,0.1355
2021-10-08,4000,0.1117
2021-10-12,5000,0.0489
2021-10-13,2000,0.0194
2021-10-14,9000,0.1137
2021-10-15,4000,0.0694
2021-10-18,5000,0.1394
2021-10-19,3000,0.0525
2021-10-20,3000,0.051
2021-10-21,78000,0.0787
2021-10-22,6000,0.0857
2021-10-25,4000,0.1132
2021-10-26,8000,0.1425
2021-10-27,7000,0.1255
2021-10-28,4000,0.1123
2021-10-29,3000,0.0632
2021-11-01,5000,0.0497
2021-11-02,6000,0.0345
2021-11-03,8000,0.0624
2021-11-04,5000,0.0303
2021-11-05,2000,0.0361
2021-11-08,4000,0.0361
2021-11-09,4000,0.0591
2021-11-10,4000,0.0404
2021-11-11,3000,0.0438
2021-11-12,0,0.0
2021-11-15,3000,0.0358
2021-11-16,3000,0.0292
2021-11-17,0,0.0
2021-11-18,2000,0.0194
2021-11-19,0,0.0
2021-11-22,4000,0.0413
2021-11-23,4000,0.0543
2021-11-24,3000,0.0265
2021-11-25,1000,0.0189
2021-11-26,6000,0.0812
2021-11-29,12000,0.1452
2021-11-30,5000,0.04
2021-12-01,8000,0.0938
2021-12-02,2000,0.0431
2021-12-03,2000,0.0269
2021-12-06,5000,0.1104
2021-12-07,1000,0.0156
2021-12-08,2000,0.0321
2021-12-09,0,0.0
2021-12-10,2000,0.0397
2021-12-13,1000,0.0093
2021-12-14,1000,0.0203
2021-12-15,0,0.0
2021-12-16,0,0.0
2021-12-17,1000,0.0251
2021-12-20,2000,0.0449
2021-12-21,1000,0.0173
2021-12-22,2000,0.0149
2021-12-23,3000,0.0255
2021-12-24,0,0.0
2021-12-27,27000,0.1043
2021-12-28,4000,0.0605
2021-12-29,1000,0.0083
2021-12-30,15000,0.1318
2022-01-03,4000,0.052
2022-01-04,2000,0.0365
2022-01-05,1000,0.0081
2022-01-06,0,0.0
2022-01-07,6000,0.0593
2022-01-10,5000,0.0625
2022-01-11,1000,0.0248
2022-01-12,1000,0.0114
2022-01-13,1000,0.0196
2022-01-14,2000,0.0196
2022-01-17,1000,0.0132
2022-01-18,1000,0.0175
2022-01-19,0,0.0
2022-01-20,2000,0.024
2022-01-21,3000,0.0298
2022-01-24,5000,0.0452
2022-01-25,5000,0.037
2022-01-26,4000,0.036
2022-02-07,6000,0.105
2022-02-08,94000,0.3521
2022-02-09,3000,0.0329
2022-02-10,1000,0.0162
2022-02-11,83000,0.4207
2022-02-14,4000,0.0393
2022-02-15,1000,0.0159
2022-02-16,10000,0.1317
2022-02-17,5000,0.0952
2022-02-18,3000,0.0194
2022-02-21,2000,0.029
2022-02-22,12000,0.122
2022-02-23,2000,0.0477
2022-02-24,10000,0.0386
2022-02-25,14000,0.098
2022-03-01,8000,0.0575
2022-03-02,5000,0.0421
2022-03-03,5000,0.0467
2022-03-04,3000,0.034
2022-03-07,14000,0.0903
2022-03-08,5000,0.0314
2022-03-09,2000,0.0222
2022-03-10,5000,0.0486
2022-03-11,6000,0.0644
2022-03-14,1000,0.0065
2022-03-15,5000,0.0471
2022-03-16,13000,0.1284
2022-03-17,8000,0.0664
2022-03-18,1000,0.013
2022-03-21,1000,0.0153
2022-03-22,0,0.0
2022-03-23,4000,0.0394
2022-03-24,1000,0.0185
2022-03-25,0,0.0
2022-03-28,3000,0.0508
2022-03-29,0,0.0
2022-03-30,6000,0.0478
2022-03-31,4000,0.0267
2022-04-01,5000,0.0382
2022-04-06,4000,0.0328
2022-04-07,3000,0.0215
2022-04-08,3000,0.0128
2022-04-11,0,0.0
2022-04-12,2000,0.0391
2022-04-13,18000,0.0494
2022-04-14,0,0.0
2022-04-15,3000,0.0597
2022-04-18,5000,0.0532
2022-04-19,1000,0.0378
2022-04-20,0,0.0
2022-04-21,1000,0.0095
2022-04-22,2000,0.0193
2022-04-25,2000,0.0111
2022-04-26,3000,0.0289
2022-04-27,7000,0.0325
2022-04-28,18000,0.0813
2022-04-29,3000,0.0169
2022-05-03,11000,0.1889
2022-05-04,2000,0.0429
2022-05-05,4000,0.0735
2022-05-06,0,0.0
2022-05-09,10000,0.0206
2022-05-10,46000,0.0983
2022-05-11,3000,0.0209
2022-05-12,2000,0.0067
2022-05-13,7000,0.0406
2022-05-16,1000,0.0124
2022-05-17,3000,0.0448
2022-05-18,0,0.0
2022-05-19,3000,0.0255
2022-05-20,9000,0.1107
2022-05-23,2000,0.0281
2022-05-24,1000,0.0198
2022-05-25,0,0.0
2022-05-26,8000,0.1392
2022-05-27,1000,0.0124
2022-05-30,1000,0.0101
2022-05-31,6000,0.0872
2022-06-01,0,0.0
2022-06-02,0,0.0
2022-06-06,2000,0.0275
2022-06-07,1000,0.0297
2022-06-08,0,0.0
2022-06-09,0,0.0
2022-06-10,1000,0.0142
2022-06-13,2000,0.0311
2022-06-14,7000,0.0652
2022-06-15,8000,0.0797
2022-06-16,3000,0.0379
2022-06-17,2000,0.0205
2022-06-20,12000,0.0868
2022-06-21,4000,0.0725
2022-06-22,9000,0.0407
2022-06-23,19000,0.1499
2022-06-24,167000,0.3307
2022-06-27,92000,0.2028
2022-06-28,6000,0.0683
2022-06-29,4000,0.0417
2022-06-30,5000,0.0358
2022-07-01,9000,0.0665
2022-07-04,23000,0.1298
2022-07-05,60000,0.2813
2022-07-06,3000,0.029
2022-07-07,3000,0.0227
2022-07-08,12000,0.043
2022-07-11,1000,0.0067
2022-07-12,1000,0.0041
2022-07-13,5000,0.0492
2022-07-14,6000,0.1249
2022-07-15,0,0.0
2022-07-18,5000,0.1244
2022-07-19,2000,0.0409
2022-07-20,5000,0.0431
2022-07-21,1000,0.0158
2022-07-22,1000,0.0181
2022-07-25,0,0.0
2022-07-26,1000,0.0287
2022-07-27,3000,0.0454
2022-07-28,2000,0.0419
2022-07-29,1000,0.0224
2022-08-01,0,0.0
2022-08-02,4000,0.095
2022-08-03,1000,0.0222
2022-08-04,7000,0.1195
2022-08-05,1000,0.0168
2022-08-08,0,0.0
2022-08-09,1000,0.0187
2022-08-10,23000,0.1792
2022-08-11,0,0.0
2022-08-12,0,0.0
2022-08-15,0,0.0
2022-08-16,1000,0.0133
2022-08-17,3000,0.0488
2022-08-18,0,0.0
2022-08-19,1000,0.0172
2022-08-22,15000,0.1119
2022-08-23,1000,0.0272
2022-08-24,1000,0.0145
2022-08-25,0,0.0
2022-08-26,1000,0.0148
2022-08-29,1000,0.0185
2022-08-30,1000,0.0198
2022-08-31,0,0.0
2022-09-01,2000,0.024
2022-09-02,0,0.0
2022-09-05,2000,0.0454
2022-09-06,2000,0.0565
2022-09-07,1000,0.0163
2022-09-08,0,0.0
2022-09-12,33000,0.2582
2022-09-13,0,0.0
2022-09-14,1000,0.0192
2022-09-15,0,0.0
2022-09-16,1000,0.0205
2022-09-19,2000,0.0225
2022-09-20,43000,0.2992
2022-09-21,12000,0.1068
2022-09-22,8000,0.1035
2022-09-23,5000,0.0784
2022-09-26,1000,0.0109
2022-09-27,10000,0.1055
2022-09-28,8000,0.0535
2022-09-29,8000,0.093
2022-09-30,5000,0.0959
2022-10-03,6000,0.142
2022-10-04,8000,0.09
2022-10-05,8000,0.1102
2022-10-06,0,0.0
2022-10-07,5000,0.0617
2022-10-11,48000,0.3135
2022-10-12,3000,0.137
2022-10-13,9000,0.0676
2022-10-14,0,0.0
2022-10-17,9000,0.2489
2022-10-18,3000,0.0724
2022-10-19,2000,0.0672
2022-10-20,40000,0.2512
2022-10-21,4000,0.1677
2022-10-24,11000,0.1888
2022-10-25,12000,0.1939
2022-10-26,1000,0.0222
2022-10-27,3000,0.097
2022-10-28,4000,0.1092
2022-10-31,1000,0.0247
2022-11-01,3000,0.1045
2022-11-02,1000,0.0167
2022-11-03,0,0.0
2022-11-04,3000,0.0435
2022-11-07,2000,0.0223
2022-11-08,4000,0.0343
2022-11-09,6000,0.0714
2022-11-10,55000,0.3361
2022-11-11,3000,0.0787
2022-11-14,6000,0.1356
2022-11-15,3000,0.0575
2022-11-16,4000,0.0235
2022-11-17,0,0.0
2022-11-18,4000,0.0907
2022-11-21,89000,0.3402
2022-11-22,9000,0.1352
2022-11-23,3000,0.0666
2022-11-24,2000,0.0266
2022-11-25,0,0.0
2022-11-28,4000,0.0645
2022-11-29,1000,0.015
2022-11-30,11000,0.1076
2022-12-01,4000,0.0232
2022-12-02,4000,0.021
2022-12-05,7000,0.0593
2022-12-06,2000,0.0306
2022-12-07,159000,0.769
2022-12-08,8000,0.1697
2022-12-09,1000,0.0313
2022-12-12,45000,0.2731
2022-12-13,7000,0.0749
2022-12-14,12000,0.1237
2022-12-15,1000,0.03
2022-12-16,9000,0.1111
2022-12-19,0,0.0
2022-12-20,67000,0.2691
2022-12-21,13000,0.2088
2022-12-22,0,0.0
2022-12-23,10000,0.2388
2022-12-26,0,0.0
2022-12-27,10000,0.2234
2022-12-28,1000,0.0246
2022-12-29,0,0.0
2022-12-30,0,0.0
2023-01-03,5000,0.0502
2023-01-04,3000,0.0378
2023-01-05,10000,0.1077
2023-01-06,9000,0.2049
2023-01-09,3000,0.0502
2023-01-10,50000,0.2184
2023-01-11,4000,0.0933
2023-01-12,1000,0.0211
2023-01-13,11000,0.1552
2023-01-16,8000,0.1971
2023-01-17,20000,0.1739
2023-01-30,49000,0.2429
2023-01-31,3000,0.0856
2023-02-01,0,0.0
2023-02-02,0,0.0
2023-02-03,117000,0.2426
2023-02-06,12000,0.0657
2023-02-07,5000,0.0474
2023-02-08,4000,0.0323
2023-02-09,59000,0.126
2023-02-10,434000,0.3286
2023-02-13,934000,0.3693
2023-02-14,1861000,0.4759
2023-02-15,322000,0.2504
2023-02-16,271000,0.2502
2023-02-17,172000,0.2834
2023-02-20,471000,0.2964
2023-02-21,180000,0.2371
2023-02-22,63000,0.1516
2023-02-23,129000,0.2097
2023-02-24,147000,0.1542
2023-03-01,109000,0.1972
2023-03-02,87000,0.1913
2023-03-03,1385000,0.4011
2023-03-06,835000,0.3135
2023-03-07,259000,0.226
2023-03-08,557000,0.2865
2023-03-09,915000,0.3839
2023-03-10,356000,0.2032
2023-03-13,357000,0.2715
2023-03-14,239000,0.2978
2023-03-15,251000,0.2884
2023-03-16,214000,0.1514
2023-03-17,300000,0.264
2023-03-20,536000,0.29
2023-03-21,329000,0.2306
2023-03-22,82000,0.1369
2023-03-23,87000,0.1017
2023-03-24,177000,0.175
2023-03-27,136000,0.1386
2023-03-28,137000,0.1804
2023-03-29,31000,0.0953
2023-03-30,46000,0.1246
2023-03-31,109000,0.2635
2023-04-06,103000,0.11
2023-04-07,111000,0.1831
2023-04-10,4294000,0.5623
2023-04-11,828000,0.3366
2023-04-12,277000,0.2236
2023-04-13,252000,0.2498
2023-04-14,1337000,0.4266
2023-04-17,4846000,0.5469
2023-04-18,1761000,0.388
2023-04-19,587000,0.3031
2023-04-20,1141000,0.4093
2023-04-21,3338000,0.6238
2023-04-24,720000,0.4139
2023-04-25,595000,0.3224
2023-04-26,968000,0.5155
2023-04-27,667000,0.3885
2023-04-28,3342000,0.4182
2023-05-02,10522000,0.606
2023-05-03,3129000,0.4893
2023-05-04,3814000,0.5429
2023-05-05,11938000,0.6485
2023-05-08,5923000,0.4817
2023-05-09,23759000,0.7069
2023-05-10,8680000,0.6259
2023-05-11,5654000,0.633
2023-05-12,14891000,0.6904
2023-05-15,3406000,0.4794
2023-05-16,3220000,0.5678
2023-05-17,8774000,0.5297
2023-05-18,42005000,0.7828
2023-05-19,15371000,0.6802
2023-05-22,4625000,0.5411
2023-05-23,21042000,0.7483
2023-05-24,4577000,0.567
2023-05-25,8886000,0.6594
2023-05-26,6215000,0.5461
2023-05-29,2172000,0.4195
2023-05-30,4865000,0.5845
2023-05-31,2740000,0.4961
2023-06-01,2029000,0.4884
2023-06-02,8653000,0.5933
2023-06-05,2051000,0.3461
2023-06-06,2534000,0.3998
2023-06-07,1329000,0.328
2023-06-08,2250000,0.3695
2023-06-09,1329000,0.4367
2023-06-12,1022000,0.3806
2023-06-13,686000,0.357
2023-06-14,1284000,0.4448
2023-06-15,3686000,0.5513
2023-06-16,1024000,0.3668
2023-06-19,2877000,0.4181
2023-06-20,2782000,0.5173
2023-06-21,5114000,0.5125
2023-06-26,1377000,0.2859
2023-06-27,1241000,0.4511
2023-06-28,845000,0.358
2023-06-29,1819000,0.4151
2023-06-30,2709000,0.4942
2023-07-03,5504000,0.4523
2023-07-04,7466000,0.3583
2023-07-05,2882000,0.4036
2023-07-06,2214000,0.462
2023-07-07,1358000,0.4794
2023-07-10,895000,0.4086
2023-07-11,471000,0.2946
2023-07-12,1225000,0.3626
2023-07-13,818000,0.3802
2023-07-14,249000,0.156
2023-07-17,727000,0.2744
2023-07-18,402000,0.1487
2023-07-19,920000,0.33
2023-07-20,2733000,0.317
2023-07-21,11425000,0.6161
2023-07-24,5679000,0.4811
2023-07-25,5234000,0.3656
2023-07-26,26722000,0.7049
2023-07-27,6074000,0.5407
2023-07-28,1807000,0.3886
2023-07-31,2530000,0.5277
2023-08-01,1146000,0.4292
2023-08-02,6580000,0.5668
2023-08-04,2752000,0.5165
2023-08-07,1915000,0.5492
2023-08-08,1391000,0.4199
2023-08-09,778000,0.2878
2023-08-10,1875000,0.2879
2023-08-11,1308000,0.4349
2023-08-14,823000,0.3766
2023-08-15,534000,0.4546
2023-08-16,763000,0.4814
2023-08-17,698000,0.4002
2023-08-18,737000,0.3764
2023-08-21,488000,0.279
2023-08-22,393000,0.3523
2023-08-23,374000,0.3394
2023-08-24,460000,0.3776
2023-08-25,197000,0.3207
2023-08-28,350000,0.3014
2023-08-29,160000,0.339
2023-08-30,292000,0.3598
2023-08-31,276000,0.3831
2023-09-01,270000,0.3001
2023-09-04,2251000,0.4631
2023-09-05,889000,0.4314
2023-09-06,370000,0.3407
2023-09-07,551000,0.3769
2023-09-08,930000,0.4408
2023-09-11,459000,0.2939
2023-09-12,146000,0.2648
2023-09-13,116000,0.2549
2023-09-14,155000,0.1811
2023-09-15,238000,0.2607
2023-09-18,193000,0.1906
2023-09-19,121000,0.1655
2023-09-20,107000,0.2214
2023-09-21,97000,0.1914
2023-09-22,191000,0.3623
2023-09-25,76000,0.2118
2023-09-26,166000,0.2244
2023-09-27,441000,0.4037
2023-09-28,386000,0.331
2023-10-02,110000,0.1855
2023-10-03,138000,0.2314
2023-10-04,1500000,0.4248
2023-10-05,3830000,0.476
2023-10-06,1977000,0.5173
2023-10-11,1041000,0.4308
2023-10-12,818000,0.3275
2023-10-13,5161000,0.5845
2023-10-16,852000,0.3066
2023-10-17,606000,0.4105
2023-10-18,522000,0.2756
2023-10-19,260000,0.3502
2023-10-20,240000,0.2095
2023-10-23,278000,0.3207
2023-10-24,204000,0.3722
2023-10-25,164000,0.2624
2023-10-26,157000,0.2114
2023-10-27,136000,0.2672
2023-10-30,83000,0.2086
2023-10-31,182000,0.1545
2023-11-01,109000,0.2663
2023-11-02,152000,0.3282
2023-11-03,3962000,0.6081
2023-11-06,2224000,0.4255
2023-11-07,1620000,0.5195
2023-11-08,684000,0.3987
2023-11-09,840000,0.3635
2023-11-10,364000,0.3291
2023-11-13,238000,0.2967
2023-11-14,244000,0.2922
2023-11-15,163000,0.1568
2023-11-16,262000,0.2268
2023-11-17,345000,0.2537
2023-11-20,668000,0.2965
2023-11-21,508000,0.239
2023-11-22,620000,0.2307
2023-11-23,1088000,0.3149
2023-11-24,216000,0.2004
2023-11-27,103000,0.0941
2023-11-28,207000,0.2727
2023-11-29,299000,0.2918
2023-11-30,171000,0.1679
2023-12-01,249000,0.1998
2023-12-04,448000,0.2346
2023-12-05,5933000,0.5586
2023-12-06,2474000,0.2569
2023-12-07,8174000,0.5045
2023-12-08,3901000,0.5637
2023-12-11,1234000,0.4363
2023-12-12,769000,0.3661
2023-12-13,1697000,0.3859
2023-12-14,1146000,0.3511
2023-12-15,407000,0.2912
2023-12-18,363000,0.3007
2023-12-19,458000,0.3193
2023-12-20,322000,0.3025
2023-12-21,171000,0.2705
2023-12-22,224000,0.281
2023-12-25,140000,0.1269
2023-12-26,113000,0.1867
2023-12-27,161000,0.1411
2023-12-28,210000,0.2609
2023-12-29,418000,0.3133
2024-01-02,359000,0.2837
2024-01-03,243000,0.31
2024-01-04,723000,0.2946
2024-01-05,605000,0.3471
2024-01-08,2041000,0.3643
2024-01-09,887000,0.3342
2024-01-10,386000,0.16
2024-01-11,374000,0.3919
2024-01-12,167000,0.1553
2024-01-15,99000,0.1505
2024-01-16,160000,0.2619
2024-01-17,930000,0.5567
2024-01-18,1172000,0.5306
2024-01-19,199000,0.2415
2024-01-22,1611000,0.238
2024-01-23,1375000,0.4729
2024-01-24,591000,0.427
2024-01-25,607000,0.4541
2024-01-26,134000,0.111
2024-01-29,564000,0.3059
2024-01-30,298000,0.3176
2024-01-31,271000,0.263
2024-02-01,259000,0.1706
2024-02-02,163000,0.2478
2024-02-05,4728000,0.4453
2024-02-15,3801000,0.4872
2024-02-16,1448000,0.4375
2024-02-19,641000,0.2998
2024-02-20,2091000,0.5034
2024-02-21,806000,0.3036
2024-02-22,312000,0.2426
2024-02-23,898000,0.4249
2024-02-26,152000,0.152
2024-02-27,864000,0.3059
2024-02-29,622000,0.3721
2024-03-01,1732000,0.2081
2024-03-04,346000,0.1744
2024-03-05,473000,0.3145
2024-03-06,316000,0.2443
2024-03-07,167000,0.1369
2024-03-08,486000,0.2543
2024-03-11,87000,0.1684
2024-03-12,361000,0.3261
2024-03-13,851000,0.4811
2024-03-14,404000,0.3819
2024-03-15,196000,0.2527
2024-03-18,74000,0.1493
2024-03-19,587000,0.4493
2024-03-20,600000,0.4234
2024-03-21,422000,0.4487
2024-03-22,1075000,0.459
2024-03-25,399000,0.3885
2024-03-26,138000,0.1147
2024-03-27,19000,0.0461
2024-03-28,56000,0.1241
2024-03-29,40000,0.0582
2024-04-01,218000,0.2791
2024-04-02,312000,0.3724
2024-04-03,707000,0.193
2024-04-08,475000,0.1664
2024-04-09,204000,0.2212
2024-04-10,88000,0.1673
2024-04-11,69000,0.0885
2024-04-12,64000,0.0752
2024-04-15,141000,0.1841
2024-04-16,206000,0.1421
2024-04-17,127000,0.1908
2024-04-18,109000,0.1815
2024-04-19,283000,0.237
2024-04-22,213000,0.3182
2024-04-23,66000,0.2201
2024-04-24,70000,0.1771
2024-04-25,25000,0.0765
2024-04-26,69000,0.1665
2024-04-29,66000,0.1959
2024-04-30,66000,0.1546
2024-05-02,435000,0.2901
2024-05-03,139000,0.1468
2024-05-06,43000,0.096
2024-05-07,59000,0.1576
2024-05-08,96000,0.1776
2024-05-09,45000,0.1195
2024-05-10,852000,0.3073
2024-05-13,95000,0.1542
2024-05-14,73000,0.1685
2024-05-15,60000,0.1676
2024-05-16,89000,0.0919
2024-05-17,71000,0.1306
2024-05-20,97000,0.1709
2024-05-21,85000,0.2445
2024-05-22,94000,0.197
2024-05-23,101000,0.1529
2024-05-24,119000,0.3559
2024-05-27,60000,0.1608
2024-05-28,99000,0.1403
2024-05-29,58000,0.1375
2024-05-30,42000,0.096
2024-05-31,162000,0.2198
2024-06-03,664000,0.286
2024-06-04,1582000,0.3454
2024-06-05,1952000,0.3762
2024-06-06,253000,0.2461
2024-06-07,475000,0.4321
2024-06-11,187000,0.2175
2024-06-12,578000,0.2903
2024-06-13,1319000,0.3493
2024-06-14,658000,0.3657
2024-06-17,290000,0.3775
2024-06-18,1060000,0.4253
2024-06-19,4746000,0.4706
2024-06-20,602000,0.3085
2024-06-21,226000,0.2105
2024-06-24,407000,0.2769
2024-06-25,385000,0.2616
2024-06-26,197000,0.1819
2024-06-27,145000,0.1395
2024-06-28,63000,0.1462
2024-07-01,353000,0.3427
2024-07-02,1246000,0.3382
2024-07-03,481000,0.2961
2024-07-04,191000,0.1943
2024-07-05,209000,0.1346
2024-07-08,180000,0.1804
2024-07-09,1969000,0.3867
2024-07-10,382000,0.2647
2024-07-11,992000,0.3277
2024-07-12,292000,0.1716
2024-07-15,119000,0.13
2024-07-16,490000,0.1427
2024-07-17,500000,0.1982
2024-07-18,385000,0.279
2024-07-19,246000,0.1631
2024-07-22,518000,0.305
2024-07-23,197000,0.288
2024-07-26,97000,0.1362
2024-07-29,130000,0.1224
2024-07-30,134000,0.2814
2024-07-31,83000,0.1734
2024-08-01,67000,0.1627
2024-08-02,11000,0.0108
2024-08-05,0,0.0
2024-08-06,676000,0.2431
2024-08-07,827000,0.3499
2024-08-08,364000,0.3488
2024-08-09,246000,0.2469
2024-08-12,179000,0.2483
2024-08-13,81000,0.1807
2024-08-14,131000,0.2649
2024-08-15,95000,0.2099
2024-08-16,140000,0.2383
2024-08-19,162000,0.3107
2024-08-20,128000,0.2257
2024-08-21,71000,0.1719
2024-08-22,39000,0.1564
2024-08-23,93000,0.2139
2024-08-26,105000,0.2761
2024-08-27,46000,0.2147
2024-08-28,87000,0.2141
2024-08-29,38000,0.1528
2024-08-30,32000,0.122
2024-09-02,53000,0.2333
2024-09-03,40000,0.1913
2024-09-04,149000,0.234
2024-09-05,119000,0.2795
2024-09-06,140000,0.3109
2024-09-09,84000,0.2295
2024-09-10,127000,0.2976
2024-09-11,102000,0.2232
2024-09-12,32000,0.1441
2024-09-13,25000,0.1108
2024-09-16,59000,0.1996
2024-09-18,45000,0.1763
2024-09-19,25000,0.1039
2024-09-20,110000,0.2899
2024-09-23,26000,0.1375
2024-09-24,106000,0.3453
2024-09-25,39000,0.1471
2024-09-26,55000,0.1955
2024-09-27,32000,0.1311
2024-09-30,33000,0.1614
2024-10-01,39000,0.2493
2024-10-04,83000,0.2133
2024-10-07,548000,0.392
2024-10-08,108000,0.2003
2024-10-09,45000,0.1525
2024-10-11,65000,0.2356
2024-10-14,41000,0.1773
2024-10-15,71000,0.2035
2024-10-16,208000,0.1328
2024-10-17,254000,0.3177
2024-10-18,35000,0.0967
2024-10-21,200000,0.2206
2024-10-22,145000,0.2809
2024-10-23,229000,0.4144
2024-10-24,1143000,0.4567
2024-10-25,267000,0.3117
2024-10-28,89000,0.2017
2024-10-29,232000,0.4486
2024-10-30,129000,0.3467
2024-11-01,233000,0.3374
2024-11-04,55000,0.1535
2024-11-05,145000,0.408
2024-11-06,57000,0.2342
2024-11-07,46000,0.1523
2024-11-08,100000,0.2958
2024-11-11,105000,0.3428
2024-11-12,54000,0.1955
2024-11-13,98000,0.3899
2024-11-14,87000,0.2934
2024-11-15,21000,0.1134
2024-11-18,52000,0.2305
2024-11-19,163000,0.3253
2024-11-20,122000,0.3581
2024-11-21,119000,0.4168
2024-11-22,186000,0.3919
2024-11-25,187000,0.2346
2024-11-26,192000,0.4333
2024-11-27,49000,0.1711
2024-11-28,56000,0.2278
2024-11-29,64000,0.2907
2024-12-02,21000,0.1022
2024-12-03,66000,0.2137
2024-12-04,114000,0.2055
2024-12-05,1493000,0.3904
2024-12-06,12777000,0.6852
2024-12-09,11740000,0.7129
2024-12-10,1975000,0.4863
2024-12-11,6265000,0.7298
2024-12-12,3001000,0.6399
2024-12-13,1065000,0.4665
2024-12-16,355000,0.3636
2024-12-17,254000,0.3212
2024-12-18,358000,0.4355
2024-12-19,244000,0.3185
2024-12-20,773000,0.4214
2024-12-23,1469000,0.5432
2024-12-24,404000,0.4533
2024-12-25,228000,0.3581
2024-12-26,82000,0.2452
2024-12-27,124000,0.2865
2024-12-30,103000,0.2655
2024-12-31,98000,0.2818
2025-01-02,594000,0.5455
2025-01-03,123000,0.2916
2025-01-06,1762000,0.3643
2025-01-07,5388000,0.6282
2025-01-08,3148000,0.5776
2025-01-09,1879000,0.5368
2025-01-10,4903000,0.6019
2025-01-13,10305000,0.6721
2025-01-14,2721000,0.5423
2025-01-15,921000,0.4075
2025-01-16,944000,0.4729
2025-01-17,567000,0.4313
2025-01-20,3612000,0.6078
2025-01-21,450000,0.3792
2025-01-22,1366000,0.4926
2025-02-03,8845000,0.594
2025-02-04,20345000,0.6738
2025-02-05,65729000,0.8171
2025-02-06,37273000,0.7872
2025-02-07,58581000,0.8218
2025-02-10,20185000,0.7237
2025-02-11,12923000,0.6797
2025-02-12,10931000,0.7044
2025-02-13,23536000,0.7687
2025-02-14,5028000,0.53
2025-02-17,4080000,0.6137
2025-02-18,3691000,0.584
2025-02-19,6784000,0.6291
2025-02-20,2223000,0.4105
2025-02-21,1400000,0.4622
2025-02-24,1023000,0.4812
2025-02-25,740000,0.3573
2025-02-26,834000,0.3713
2025-02-27,3411000,0.3704
2025-03-03,2012000,0.5426
2025-03-04,4975000,0.7042
2025-03-05,935000,0.5109
2025-03-06,527000,0.3208
2025-03-07,2523000,0.5742
2025-03-10,916000,0.4802
2025-03-11,790000,0.4436
2025-03-12,843000,0.5719
2025-03-13,456000,0.3382
2025-03-14,548000,0.4104
2025-03-17,362000,0.3496
2025-03-18,230000,0.2773
2025-03-19,259000,0.3038
2025-03-20,4381000,0.6611
2025-03-21,3469000,0.6647
2025-03-24,377000,0.2403
2025-03-25,2950000,0.3925
2025-03-26,10195000,0.5322
2025-03-27,2145000,0.3906
2025-03-28,648000,0.2038
2025-03-31,1152000,0.428
2025-04-01,1192000,0.542
2025-04-02,985000,0.6546
2025-04-07,1000,0.0073
2025-04-08,259000,0.138
2025-04-09,1209000,0.3168
2025-04-10,1000,0.0025
2025-04-11,887000,0.4908
2025-04-14,1030000,0.4985
2025-04-15,1238000,0.4709
2025-04-16,5400000,0.7182
2025-04-17,1776000,0.6404
2025-04-18,1738000,0.6858
2025-04-21,857000,0.4488
2025-04-22,421000,0.4002
2025-04-23,1387000,0.6288
2025-04-24,6022000,0.6207
2025-04-25,7364000,0.5814
2025-04-28,29943000,0.798
2025-04-29,8893000,0.6657
2025-04-30,4899000,0.6099
2025-05-02,2284000,0.533
2025-05-05,1873000,0.543
2025-05-06,3367000,0.5853
2025-05-07,2280000,0.5685
2025-05-08,755000,0.4563
2025-05-09,1021000,0.5251
2025-05-12,805000,0.4039
2025-05-13,1293000,0.4863
2025-05-14,480000,0.3596
2025-05-15,2433000,0.5428
2025-05-16,452000,0.3667
2025-05-19,304000,0.2891
2025-05-20,549000,0.4681
2025-05-21,668000,0.5078
2025-05-22,263000,0.2736
2025-05-23,1081000,0.4993
2025-05-26,290000,0.3117
2025-05-27,795000,0.5467
2025-05-28,605000,0.4904
2025-05-29,928000,0.502
2025-06-02,442000,0.469
2025-06-03,435000,0.465
2025-06-04,102000,0.0396
2025-06-05,6399000,0.6144
2025-06-06,7984000,0.5996
2025-06-09,6860000,0.5812
2025-06-10,1703000,0.4423
2025-06-11,651000,0.3588
2025-06-12,4174000,0.6014
2025-06-13,3691000,0.591
2025-06-16,394000,0.2851
2025-06-17,1046000,0.5007
2025-06-18,348000,0.2904
2025-06-19,425000,0.2699
2025-06-20,621000,0.4643
2025-06-23,237000,0.3306
2025-06-24,422000,0.3317
2025-06-25,533000,0.2929
2025-06-26,234000,0.2676
2025-06-27,701000,0.5072
2025-06-30,575000,0.3341
2025-07-01,5014000,0.4454
2025-07-02,43081000,0.8062
2025-07-03,8987000,0.6571
2025-07-04,3684000,0.5926
2025-07-07,2631000,0.5881
2025-07-08,26173000,0.7592
2025-07-09,18288000,0.7507
2025-07-10,5267000,0.5164
2025-07-11,2537000,0.5168
2025-07-14,7489000,0.5165
2025-07-15,2939000,0.4267
2025-07-16,818000,0.2587
2025-07-17,419000,0.21
2025-07-18,682000,0.2395
2025-07-21,852000,0.3566
2025-07-22,4166000,0.56
2025-07-23,2470000,0.5142
2025-07-24,1154000,0.4288
2025-07-25,1523000,0.3994
2025-07-28,4403000,0.5259
2025-07-29,3030000,0.3807
2025-07-30,1375000,0.4953
2025-07-31,700000,0.3606
2025-08-01,1208000,0.5049
2025-08-04,1037000,0.2787
2025-08-05,3841000,0.4985
2025-08-06,761000,0.2778
2025-08-07,535000,0.2886
2025-08-08,359000,0.2841
2025-08-11,949000,0.3103
2025-08-12,969000,0.3424
2025-08-13,1218000,0.2937
2025-08-14,1824000,0.4613
2025-08-15,768000,0.4225
2025-08-18,617000,0.3823
2025-08-19,751000,0.4426
2025-08-20,4860000,0.6273
2025-08-21,1982000,0.5281
2025-08-22,1014000,0.3914
2025-08-25,583000,0.2477
2025-08-26,688000,0.3225
2025-08-27,464000,0.2959
2025-08-28,738000,0.3853
2025-08-29,433000,0.2203
2025-09-01,489000,0.2926
2025-09-02,499000,0.3223
2025-09-03,297000,0.1901
2025-09-04,236000,0.2758
2025-09-05,170000,0.2455
2025-09-08,261000,0.357
2025-09-09,173000,0.2161
2025-09-10,266000,0.065
2025-09-11,12101000,0.5973
2025-09-12,1099000,0.3628
2025-09-15,781000,0.3035
2025-09-16,313000,0.2751
2025-09-17,169000,0.2089
2025-09-18,292000,0.2897
2025-09-19,336000,0.2461
2025-09-22,255000,0.2716
2025-09-23,467000,0.4143
2025-09-24,213000,0.3185
2025-09-25,145000,0.2919
2025-09-26,731000,0.4354
2025-09-30,113000,0.1764
2025-10-01,107000,0.2318
2025-10-02,142000,0.3082
2025-10-03,451000,0.3334
2025-10-07,268000,0.2604
2025-10-08,209000,0.2439
2025-10-09,424000,0.4109
2025-10-13,345000,0.3678
2025-10-14,292000,0.2875
2025-10-15,200000,0.095
2025-10-16,124000,0.2343
2025-10-17,114000,0.1976
2025-10-20,114000,0.2303
2025-10-21,203000,0.3212
2025-10-22,146000,0.3414
2025-10-23,338000,0.2631
2025-10-27,82000,0.1681
2025-10-28,2580000,0.5693
2025-10-29,284000,0.2062
2025-10-30,304000,0.1928
2025-10-31,305000,0.3186
2025-11-03,1436000,0.2742
2025-11-04,1563000,0.4464
2025-11-05,552000,0.2903
2025-11-06,507000,0.2993
2025-11-07,243000,0.1846
2025-11-10,154000,0.2434
2025-11-11,102000,0.244
2025-11-12,162000,0.2695
2025-11-13,99000,0.1487
2025-11-14,307000,0.2665
2025-11-17,243000,0.243
2025-11-18,212000,0.2694
2025-11-19,145000,0.2729
2025-11-20,193000,0.3458
2025-11-21,158000,0.3207
2025-11-24,84000,0.3164
2025-11-25,129000,0.302
2025-11-26,132000,0.2739
2025-11-27,103000,0.3286
2025-11-28,71000,0.2737
2025-12-01,84000,0.2299
2025-12-02,114000,0.31
2025-12-03,202000,0.2411
2025-12-04,107000,0.2846
2025-12-05,72000,0.1389
2025-12-08,86000,0.1948
2025-12-09,58000,0.1591
2025-12-10,321000,0.2987
2025-12-11,122000,0.1721
2025-12-12,97000,0.2261
2025-12-15,38000,0.2424
2025-12-16,97000,0.3143
2025-12-17,399000,0.4948
2025-12-18,69000,0.3403
2025-12-19,29000,0.0867
2025-12-22,13000,0.0222
2025-12-23,48000,0.1749
2025-12-24,73000,0.2376
2025-12-26,41000,0.1638
2025-12-29,110000,0.232
2025-12-30,37000,0.1101
2025-12-31,138000,0.4051
2026-01-02,141000,0.1592
2026-01-05,51000,0.0657
2026-01-06,539000,0.3595
2026-01-07,211000,0.3163
2026-01-08,75000,0.2672
2026-01-09,64000,0.2112
2026-01-12,126000,0.2973
2026-01-13,64000,0.1618
2026-01-14,26000,0.0524
2026-01-15,75000,0.2426
2026-01-16,74000,0.1687
2026-01-19,158000,0.1993
2026-01-20,87000,0.2275
2026-01-21,118000,0.2258
2026-01-22,83000,0.1612
2026-01-23,260000,0.3216
2026-01-26,93000,0.2207
2026-01-27,165000,0.2715
2026-01-28,53000,0.1598
2026-01-29,113000,0.1788
2026-01-30,246000,0.2168
2026-02-02,59000,0.1441
2026-02-03,88000,0.2627
2026-02-04,88000,0.3175
2026-02-05,65000,0.1858
2026-02-06,105000,0.2413
2026-02-09,54000,0.2324
2026-02-10,148000,0.3029
2026-02-11,32000,0.0939
2026-02-23,114000,0.2436
2026-02-24,99000,0.2662
2026-02-25,39000,0.0914
2026-02-26,1173000,0.3482
2026-03-02,2423000,0.4825
2026-03-03,532000,0.2854
2026-03-04,484000,0.3551
2026-03-05,490000,0.4217
2026-03-06,164000,0.3327
2026-03-09,207000,0.3311
2026-03-10,212000,0.3117
2026-03-11,265000,0.2787
2026-03-12,959000,0.4189
2026-03-13,347000,0.4038
2026-03-16,128000,0.2231
2026-03-17,199000,0.2975
2026-03-18,495000,0.3339
2026-03-19,536000,0.3504
2026-03-20,1049000,0.4136
2026-03-23,161000,0.1993
2026-03-24,115000,0.1816
2026-03-25,50000,0.1373
2026-03-26,36000,0.0981
2026-03-27,48000,0.1304
2026-03-30,86000,0.1912
2026-03-31,78000,0.1543
2026-04-01,45000,0.1576
2026-04-02,53000,0.2588
2026-04-07,474000,0.3861
2026-04-08,208000,0.2609
2026-04-09,98000,0.2624
2026-04-10,69000,0.2534
2026-04-13,76000,0.2392
2026-04-14,402000,0.3766
2026-04-15,92000,0.2167
2026-04-16,52000,0.1223
2026-04-17,192000,0.2915
2026-04-20,126000,0.2298
2026-04-21,53000,0.0981
2026-04-22,101000,0.1332
2026-04-23,301000,0.3696
2026-04-24,98000,0.2068
2026-04-27,95000,0.2098
2026-04-28,127000,0.3206
2026-04-29,74000,0.2857
2026-04-30,91000,0.2631
2026-05-04,54000,0.1368
2026-05-05,65000,0.1724
2026-05-06,197000,0.2728
2026-05-07,342000,0.2267
2026-05-08,167000,0.1816
2026-05-11,101000,0.1797
2026-05-12,76000,0.0875
2026-05-13,131000,0.1813
2026-05-14,97000,0.1797
2026-05-15,160000,0.2691
2026-05-18,88000,0.2323
2026-05-19,91000,0.204
2026-05-20,123000,0.3523
2026-05-21,121000,0.2713
2026-05-22,195000,0.3554
2026-05-25,111000,0.1721
2026-05-26,26000,0.0692
2026-05-27,72000,0.1422
2026-05-28,169000,0.2715
2026-05-29,69000,0.1307
2026-06-01,1460000,0.3522
2026-06-02,4312000,0.5772
2026-06-03,1148000,0.4165
2026-06-04,792000,0.4189
2026-06-05,2166000,0.4571
2026-06-08,3059000,0.5029
2026-06-09,3345000,0.4662
2026-06-10,1122000,0.435
2026-06-11,363000,0.351
2026-06-12,238000,0.3503
2026-06-15,168000,0.2072
2026-06-16,139000,0.1733
2026-06-17,156000,0.2555
2026-06-18,83000,0.1501
2026-06-22,122000,0.1942
2026-06-23,139000,0.1941
2026-06-24,159000,0.2095
2026-06-25,71000,0.1952
2026-06-26,168000,0.1702
2026-06-29,100000,0.2297
2026-06-30,294000,0.2222
2026-07-01,77000,0.1169
2026-07-02,164000,0.2997
2026-07-03,107000,0.2708
2026-07-06,0,0.0
2026-07-07,242000,0.4017
2026-07-08,62000,0.2453
2026-07-09,70000,0.2192
2026-07-13,36000,0.0902
2026-07-14,123000,0.2077
2026-07-15,37000,0.1129
2026-07-16,71000,0.1641
2026-07-17,46000,0.0916
2026-07-20,113000,0.2524
