date,Trading_Volume,Trading_money,open,max,min,close,spread,Trading_turnover
2020-12-11,68053,3379979,39.405646,39.550716,36.649312,37.41284,-4.504811,47
2020-12-14,60605,2891695,37.924403,38.023661,35.885785,36.03849,-1.37435,36
2020-12-15,47000,2251350,36.427889,37.41284,35.885785,35.885785,-0.152705,20
2020-12-16,0,0,47.9,37.41284,35.885785,35.885785,0.0,0
2020-12-17,6400,306750,36.57296,36.649312,36.534783,36.649312,0.763527,5
2020-12-18,5000,239450,36.595865,36.611136,36.534783,36.534783,-0.114529,2
2020-12-21,0,0,47.89,36.611136,36.534783,36.534783,0.0,0
2020-12-22,2110,98340,36.565324,36.649312,35.580374,35.580374,-0.954409,3
2020-12-23,68020,3325804,35.588009,38.405425,35.885785,36.954723,1.374349,29
2020-12-24,43460,2176510,37.328852,38.558131,36.649312,38.558131,1.603408,22
2020-12-25,6440,318560,38.237449,38.176367,37.41284,37.41284,-1.145291,6
2020-12-28,31040,1529960,37.771697,38.100014,37.336487,37.794603,0.381763,15
2020-12-29,15002,759503,37.634263,39.703422,38.176367,39.627069,1.832466,11
2020-12-30,3091,154661,38.657389,40.085185,38.176367,38.25272,-1.374349,4
2020-12-31,19000,959400,38.206908,38.710836,38.329072,38.558131,0.305411,8
2021-01-04,159501,8258004,38.550495,41.764945,38.481778,41.764945,3.206814,50
2021-01-05,35203,2025007,39.52781,45.81164,40.466949,45.81164,4.046695,24
2021-01-06,78052,5159991,43.918093,56.501023,44.819055,53.370561,7.558921,56
2021-01-07,48449,3125520,50.476792,54.210441,46.65152,48.86575,-4.504811,32
2021-01-08,24198,1560342,49.255149,49.934688,47.338695,49.934688,1.068938,18
2021-01-11,83816,6074661,49.232243,58.028078,52.454328,55.58479,5.650102,37
2021-01-12,30350,2147110,55.340462,55.737496,52.301623,53.828677,-1.756113,24
2021-01-13,1000,72600,54.011924,55.432085,55.432085,55.432085,1.603408,1
2021-01-14,6800,481030,55.432085,55.661143,53.370561,53.446914,-1.985171,8
2021-01-15,50560,3600924,54.011924,56.119259,51.919859,55.737496,2.290582,22
2021-01-18,4000,282000,54.378417,53.981383,53.675972,53.675972,-2.061524,3
2021-01-19,9001,624068,53.828677,53.446914,52.301623,52.377975,-1.297997,5
2021-01-20,85001,5878469,52.93535,53.06515,52.301623,52.836092,0.458117,23
2021-01-21,500,35500,52.805551,54.210441,54.210441,54.210441,1.374349,1
2021-01-22,1000,70000,54.210441,53.446914,53.446914,53.446914,-0.763527,2
2021-01-25,3452,240823,53.446914,53.446914,52.912445,53.446914,0.0,4
2021-01-26,5000,346300,53.263667,53.294208,52.683386,52.683386,-0.763528,3
2021-01-27,1600,111840,52.881903,53.446914,52.22527,52.22527,-0.458116,3
2021-01-28,51000,3693100,53.370561,57.646314,53.446914,56.501023,4.275753,28
2021-01-29,12000,850100,55.287015,54.515852,53.141503,54.439499,-2.061524,7
2021-02-01,66300,4839930,54.088277,57.646314,54.210441,57.493609,3.05411,33
2021-02-02,100000,7623800,55.737496,60.395012,56.882787,58.791605,1.297996,47
2021-02-03,64040,5038540,58.211324,62.609242,58.791605,60.31866,1.527055,33
2021-02-04,37000,2965300,60.074331,62.227478,60.31866,62.151125,1.832465,26
2021-02-05,73000,5933500,61.189081,65.052529,60.31866,65.052529,2.901404,49
2021-02-17,12000,973600,62.059502,62.227478,60.776776,62.227478,-2.825051,7
2021-02-18,10000,783700,61.944973,61.082187,59.173369,59.555132,-2.672346,7
2021-02-19,8000,626600,59.837638,60.700423,59.631485,60.700423,1.145291,6
2021-02-22,26000,2120500,59.807096,63.372769,60.471365,62.991005,2.290582,15
2021-02-23,11010,897608,62.27329,62.991005,61.616656,62.456536,-0.534469,9
2021-02-24,10100,800880,62.250384,62.456536,59.860543,60.853129,-1.603407,9
2021-02-25,3000,235000,60.547718,60.700423,59.326074,59.326074,-1.527055,3
2021-02-26,27000,2179900,59.807096,62.685595,60.31866,62.609242,3.283168,14
2021-03-02,50000,4071600,61.647197,63.67818,60.013249,62.761947,0.152705,32
2021-03-03,1000,82000,62.174031,62.609242,62.609242,62.609242,-0.152705,1
2021-03-04,28000,2296400,62.609242,64.136296,61.082187,62.914653,0.305411,11
2021-03-05,6000,489500,62.616877,62.8383,61.540303,62.8383,-0.076353,5
2021-03-08,3000,241800,62.28856,61.540303,61.540303,61.540303,-1.297997,2
2021-03-09,1000,79200,61.540303,60.471365,60.471365,60.471365,-1.068938,1
2021-03-10,33170,2769901,60.471365,65.739704,62.227478,65.128882,4.657517,21
2021-03-11,12000,1017500,63.762168,66.274173,63.372769,65.281587,0.152705,12
2021-03-12,1000,85500,64.739483,65.281587,65.281587,65.281587,0.0,1
2021-03-15,5000,419000,65.281587,64.899824,62.609242,64.899824,-0.381763,4
2021-03-16,0,0,83.8,64.899824,62.609242,64.899824,0.0,0
2021-03-17,0,0,83.8,64.899824,62.609242,64.899824,0.0,0
2021-03-18,1000,84900,63.983591,64.823471,64.823471,64.823471,-0.076353,1
2021-03-19,28001,2360184,64.823471,65.892409,61.845714,65.586998,0.763527,18
2021-03-22,27310,2297850,64.357719,65.663351,62.380184,62.609242,-2.977756,15
2021-03-23,3010,249320,64.24319,64.51806,62.609242,64.51806,1.908818,4
2021-03-24,3000,248000,63.242969,64.594413,62.380184,64.594413,0.076353,3
2021-03-25,2,168,63.120805,64.136296,64.136296,64.136296,-0.458117,1
2021-03-26,315,26014,64.136296,64.059944,61.311245,64.059944,-0.076352,4
2021-03-29,200,16800,63.059723,64.136296,64.136296,64.136296,0.076352,2
2021-03-30,1050,88200,64.136296,64.136296,64.136296,64.136296,0.0,2
2021-03-31,1300,109200,64.136296,64.136296,64.136296,64.136296,0.0,4
2021-04-01,350,29505,64.136296,64.365355,64.365355,64.365355,0.229059,4
2021-04-06,300,25290,64.365355,64.365355,64.365355,64.365355,0.0,2
2021-04-07,7600,611430,64.365355,64.365355,61.311245,64.365355,0.0,7
2021-04-08,100,8390,61.425774,64.059944,64.059944,64.059944,-0.305411,1
2021-04-09,1109,89245,64.059944,64.059944,61.15854,64.059944,0.0,3
2021-04-12,35150,2949150,61.441045,65.892409,62.991005,64.899824,0.83988,34
2021-04-13,3502,294595,64.059944,65.892409,62.991005,65.281587,0.381763,6
2021-04-14,92700,8195345,64.22792,73.298625,63.372769,72.916861,7.635274,58
2021-04-15,12650,1169690,67.503452,73.45133,69.786399,71.008042,-1.908819,15
2021-04-16,3650,334250,70.603373,71.008042,69.480988,71.008042,0.0,10
2021-04-19,2100,189300,69.923834,71.008042,68.71746,68.71746,-2.290582,3
2021-04-20,600,54900,68.824354,71.008042,68.71746,71.008042,2.290582,6
2021-04-21,6201,555792,69.862751,70.244515,68.335697,70.244515,-0.763527,7
2021-04-22,4000,357330,68.434955,70.93169,67.572169,70.93169,0.687175,8
2021-04-23,2900,259310,68.205897,71.008042,67.572169,70.855337,-0.076353,6
2021-04-26,500,46250,68.274615,70.626279,70.626279,70.626279,-0.229058,1
2021-04-27,200,18560,70.626279,70.855337,70.855337,70.855337,0.229058,1
2021-04-28,1200,107260,70.855337,70.855337,67.724875,70.855337,0.0,2
2021-04-29,100,9280,68.244074,70.855337,70.855337,70.855337,0.0,1
2021-05-03,3300,293940,70.855337,70.855337,67.724875,70.855337,0.0,4
2021-05-04,1400,125080,68.00738,70.855337,67.495817,70.855337,0.0,4
2021-05-05,4200,372300,68.213532,70.244515,67.495817,70.244515,-0.610822,4
2021-05-06,100,9200,67.679063,70.244515,70.244515,70.244515,0.0,1
2021-05-07,200,18400,70.244515,70.244515,70.244515,70.244515,0.0,1
2021-05-10,0,0,92.0,70.244515,70.244515,70.244515,0.0,0
2021-05-11,2400,213200,70.244515,69.862751,67.419464,69.862751,-0.381764,5
2021-05-12,4100,364610,67.824133,69.862751,66.808642,68.71746,-1.145291,10
2021-05-13,100,9150,67.900486,69.862751,69.862751,69.862751,1.145291,1
2021-05-14,200,18300,69.862751,69.862751,69.862751,69.862751,0.0,1
2021-05-17,28200,2456610,69.862751,69.557341,63.830886,69.557341,-0.30541,25
2021-05-18,1200,105240,66.510866,69.633693,66.426878,69.633693,0.076352,2
2021-05-19,100,9100,66.961348,69.480988,69.480988,69.480988,-0.152705,1
2021-05-20,100,9100,69.480988,69.480988,69.480988,69.480988,0.0,1
2021-05-21,0,0,91.0,69.480988,69.480988,69.480988,0.0,0
2021-05-24,0,0,91.0,69.480988,69.480988,69.480988,0.0,0
2021-05-25,100,9100,69.480988,69.480988,69.480988,69.480988,0.0,1
2021-05-26,0,0,91.0,69.480988,69.480988,69.480988,0.0,0
2021-05-27,100,9100,69.480988,69.480988,69.480988,69.480988,0.0,1
2021-05-28,200,18200,69.480988,69.480988,69.480988,69.480988,0.0,1
2021-05-31,200,18230,69.480988,69.633693,69.557341,69.633693,0.152705,2
2021-06-01,0,0,91.15,69.633693,69.557341,69.633693,0.0,0
2021-06-02,500,45600,69.595517,69.633693,69.633693,69.633693,0.0,1
2021-06-03,0,0,91.2,69.633693,69.633693,69.633693,0.0,0
2021-06-04,0,0,91.2,69.633693,69.633693,69.633693,0.0,0
2021-06-07,0,0,91.2,69.633693,69.633693,69.633693,0.0,0
2021-06-08,100,9100,69.633693,69.480988,69.480988,69.480988,-0.152705,1
2021-06-09,0,0,91.0,69.480988,69.480988,69.480988,0.0,0
2021-06-10,210,19110,69.480988,69.480988,69.480988,69.480988,0.0,2
2021-06-11,100,9100,69.480988,69.480988,69.480988,69.480988,0.0,1
2021-06-15,1200,109200,69.480988,69.480988,69.480988,69.480988,0.0,2
2021-06-16,301,27391,69.480988,69.480988,69.480988,69.480988,0.0,2
2021-06-17,0,0,91.0,69.480988,69.480988,69.480988,0.0,0
2021-06-18,3001,261089,69.480988,67.953933,66.426878,67.953933,-1.527055,3
2021-06-21,1800,158500,66.426878,69.480988,66.19782,67.953933,0.0,3
2021-06-22,2310,205867,67.236217,69.480988,66.19782,69.480988,1.527055,4
2021-06-23,3000,272900,68.045556,69.633693,69.175577,69.633693,0.152705,3
2021-06-24,8507,749847,69.458082,69.480988,66.19782,69.099224,-0.534469,10
2021-06-25,201,18190,67.2973,69.099224,69.099224,69.099224,0.0,2
2021-06-28,300,27090,69.099224,69.404635,68.71746,69.404635,0.305411,2
2021-06-29,2220,194350,68.946519,69.404635,66.19782,67.190406,-2.214229,5
2021-06-30,5400,471300,66.846819,67.953933,66.19782,66.426878,-0.763528,7
2021-07-01,20300,1770800,66.640666,68.71746,66.045115,68.71746,2.290582,14
2021-07-02,3200,284500,66.60249,68.71746,66.045115,68.71746,0.0,5
2021-07-05,11300,1002740,67.885216,68.946519,65.816057,68.870166,0.152706,12
2021-07-06,8000,704500,67.755416,68.793813,65.739704,68.71746,-0.152706,7
2021-07-07,200,18000,67.236217,68.71746,68.71746,68.71746,0.0,2
2021-07-08,100,9000,68.71746,68.71746,68.71746,68.71746,0.0,1
2021-07-09,200,17980,68.71746,68.71746,68.564755,68.71746,0.0,2
2021-07-12,100,9000,68.641108,68.71746,68.71746,68.71746,0.0,1
2021-07-13,0,0,90.0,68.71746,68.71746,68.71746,0.0,0
2021-07-14,100,9000,68.71746,68.71746,68.71746,68.71746,0.0,1
2021-07-15,0,0,90.0,68.71746,68.71746,68.71746,0.0,0
2021-07-16,1001,85590,68.71746,68.71746,65.281587,68.71746,0.0,2
2021-07-19,0,0,85.5,68.71746,65.281587,68.71746,0.0,0
2021-07-20,100,9000,65.281587,68.71746,68.71746,68.71746,0.0,1
2021-07-21,0,0,90.0,68.71746,68.71746,68.71746,0.0,0
2021-07-22,1400,121500,68.71746,68.71746,65.281587,68.71746,0.0,3
2021-07-23,100,9000,66.266538,68.71746,68.71746,68.71746,0.0,1
2021-07-26,4200,363740,68.71746,68.488402,65.281587,68.182991,-0.534469,4
2021-07-27,8552,768788,66.121468,68.793813,65.434293,68.793813,0.610822,9
2021-07-28,3461,306195,68.641108,69.099224,67.190406,67.190406,-1.603407,9
2021-07-29,421,37978,67.549264,69.022871,68.71746,69.022871,1.832465,3
2021-07-30,0,0,90.21,69.022871,68.71746,69.022871,0.0,0
2021-08-02,0,0,90.21,69.022871,68.71746,69.022871,0.0,0
2021-08-03,3000,267200,68.877801,68.335697,67.724875,67.953933,-1.068938,3
2021-08-04,3100,272940,68.00738,68.870166,66.121468,67.953933,0.0,5
2021-08-05,4300,378560,67.228582,68.870166,66.045115,68.870166,0.916233,5
2021-08-06,0,0,88.04,68.870166,66.045115,68.870166,0.0,0
2021-08-09,1000,88000,67.220947,67.190406,67.190406,67.190406,-1.67976,1
2021-08-10,3414,307260,67.190406,68.71746,68.71746,68.71746,1.527054,8
2021-08-11,21305,1744458,68.71746,65.586998,60.853129,63.983591,-4.733869,23
2021-08-12,63901,5518883,62.517618,68.71746,63.372769,66.19782,2.214229,46
2021-08-13,6000,532650,65.945856,68.564755,66.045115,68.335697,2.137877,7
2021-08-16,2475,213097,67.785957,65.739704,65.739704,65.739704,-2.595993,3
2021-08-17,1800,153050,65.739704,66.045115,64.594413,64.899824,-0.83988,4
2021-08-18,600,52320,64.92273,66.579584,66.579584,66.579584,1.67976,2
2021-08-19,200,17480,66.579584,66.732289,66.732289,66.732289,0.152705,1
2021-08-20,200,17500,66.732289,66.808642,66.808642,66.808642,0.076353,1
2021-08-23,0,0,87.5,66.808642,66.808642,66.808642,0.0,0
2021-08-24,400,35070,66.808642,67.0377,66.884995,67.0377,0.229058,3
2021-08-25,0,0,87.68,67.0377,66.884995,67.0377,0.0,0
2021-08-26,200,17560,66.946077,67.0377,67.0377,67.0377,0.0,2
2021-08-27,0,0,87.8,67.0377,67.0377,67.0377,0.0,0
2021-08-30,0,0,87.8,67.0377,67.0377,67.0377,0.0,0
2021-08-31,9873,870144,67.0377,68.71746,66.655937,68.71746,1.67976,14
2021-09-01,200,17980,67.289664,68.641108,68.641108,68.641108,-0.076352,2
2021-09-02,100,8990,68.641108,68.641108,68.641108,68.641108,0.0,1
2021-09-03,7200,647100,68.641108,68.71746,68.488402,68.71746,0.076352,4
2021-09-06,100,9000,68.625837,68.71746,68.71746,68.71746,0.0,1
2021-09-07,0,0,90.0,68.71746,68.71746,68.71746,0.0,0
2021-09-08,0,0,90.0,68.71746,68.71746,68.71746,0.0,0
2021-09-09,100,9000,68.71746,68.71746,68.71746,68.71746,0.0,1
2021-09-10,5610,494645,68.71746,68.71746,65.510646,68.335697,-0.381763,7
2021-09-13,3500,300350,67.320205,66.045115,65.434293,66.045115,-2.290582,3
2021-09-14,3536,302560,65.518281,65.663351,64.899824,64.899824,-1.145291,5
2021-09-15,1789,152802,65.335034,67.419464,64.747118,65.663351,0.763527,8
2021-09-16,107,9416,65.21287,67.190406,67.190406,67.190406,1.527055,1
2021-09-17,0,0,88.0,67.190406,67.190406,67.190406,0.0,0
2021-09-22,0,0,88.0,67.190406,67.190406,67.190406,0.0,0
2021-09-23,100,8850,67.190406,67.572169,67.572169,67.572169,0.381763,1
2021-09-24,9805,826042,67.572169,64.899824,64.212649,64.441707,-3.130462,7
2021-09-27,100,8490,64.327178,64.823471,64.823471,64.823471,0.381764,1
2021-09-28,0,0,84.9,64.823471,64.823471,64.823471,0.0,0
2021-09-29,100,8520,64.823471,65.052529,65.052529,65.052529,0.229058,1
2021-09-30,81,6901,65.052529,65.052529,65.052529,65.052529,0.0,1
2021-10-01,398,33147,65.052529,65.128882,62.074773,65.128882,0.076353,4
2021-10-04,209,17391,63.586557,65.128882,62.074773,65.128882,0.0,2
2021-10-05,100,8300,63.53311,63.372769,63.372769,63.372769,-1.756113,1
2021-10-06,2438,199659,63.372769,63.296416,61.845714,61.99842,-1.374349,5
2021-10-07,473,38493,62.525254,63.220064,61.845714,63.220064,1.221644,3
2021-10-08,12,969,62.135855,61.693009,61.693009,61.693009,-1.527055,1
2021-10-12,100,8280,61.693009,63.220064,63.220064,63.220064,1.527055,1
2021-10-13,24411,2019666,63.220064,64.136296,62.609242,64.059944,0.83988,23
2021-10-14,100,8400,63.174252,64.136296,64.136296,64.136296,0.076352,1
2021-10-15,102,8517,64.136296,63.754533,63.754533,63.754533,-0.381763,2
2021-10-18,200,16700,63.754533,63.754533,63.754533,63.754533,0.0,1
2021-10-19,100,8350,63.754533,63.754533,63.754533,63.754533,0.0,1
2021-10-20,1100,88950,63.754533,63.754533,61.540303,63.754533,0.0,2
2021-10-21,1200,100200,61.738821,63.754533,63.754533,63.754533,0.0,2
2021-10-22,1000,83500,63.754533,63.754533,63.754533,63.754533,0.0,2
2021-10-25,890,74315,63.754533,63.754533,63.754533,63.754533,0.0,2
2021-10-26,150,12510,63.754533,63.67818,63.67818,63.67818,-0.076353,1
2021-10-27,100,8340,63.67818,63.67818,63.67818,63.67818,0.0,1
2021-10-28,1000,83000,63.67818,63.372769,63.372769,63.372769,-0.305411,1
2021-10-29,229,19007,63.372769,63.372769,63.372769,63.372769,0.0,3
2021-11-01,1200,98760,63.372769,62.8383,62.8383,62.8383,-0.534469,2
2021-11-02,1600,131680,62.8383,62.8383,62.8383,62.8383,0.0,4
2021-11-03,4158,338941,62.8383,62.8383,61.693009,62.8383,0.0,8
2021-11-04,5939,488348,62.242749,62.8383,62.609242,62.8383,0.0,9
2021-11-05,300,24690,62.784853,62.8383,62.8383,62.8383,0.0,2
2021-11-08,3510,283063,62.8383,62.8383,61.311245,61.311245,-1.527055,6
2021-11-09,0,0,80.64,62.8383,61.311245,61.311245,0.0,0
2021-11-10,444,36408,61.570845,62.609242,62.609242,62.609242,1.297997,5
2021-11-11,368,30176,62.609242,62.609242,62.609242,62.609242,0.0,3
2021-11-12,167,13694,62.609242,62.609242,62.609242,62.609242,0.0,2
2021-11-15,10,820,62.609242,62.609242,62.609242,62.609242,0.0,1
2021-11-16,647,52260,62.609242,62.609242,61.082187,62.609242,0.0,3
2021-11-17,200,16400,61.670103,62.609242,62.609242,62.609242,0.0,1
2021-11-18,200,16400,62.609242,62.609242,62.609242,62.609242,0.0,1
2021-11-19,610,50020,62.609242,62.609242,62.609242,62.609242,0.0,3
2021-11-22,160,13120,62.609242,62.609242,62.609242,62.609242,0.0,2
2021-11-23,1301,106679,62.609242,62.609242,60.853129,62.609242,0.0,3
2021-11-24,0,0,82.0,62.609242,60.853129,62.609242,0.0,0
2021-11-25,210,17220,62.609242,62.609242,62.609242,62.609242,0.0,2
2021-11-26,30,2460,62.609242,62.609242,62.609242,62.609242,0.0,1
2021-11-29,0,0,82.0,62.609242,62.609242,62.609242,0.0,0
2021-11-30,0,0,82.0,62.609242,62.609242,62.609242,0.0,0
2021-12-01,374,30197,62.609242,62.609242,60.700423,60.700423,-1.908819,4
2021-12-02,130,10660,61.647197,62.609242,62.609242,62.609242,1.908819,2
2021-12-03,2020,163418,62.609242,61.769362,61.769362,61.769362,-0.83988,2
2021-12-06,129,10231,61.769362,61.845714,60.165954,61.845714,0.076352,2
2021-12-07,30,2430,60.555353,61.845714,61.845714,61.845714,0.0,1
2021-12-08,30,2430,61.845714,61.845714,61.845714,61.845714,0.0,1
2021-12-09,50,4050,61.845714,61.845714,61.845714,61.845714,0.0,1
2021-12-10,130,10530,61.845714,61.845714,61.845714,61.845714,0.0,2
2021-12-13,5,405,61.845714,61.845714,61.845714,61.845714,0.0,1
2021-12-14,100,8100,61.845714,61.845714,61.845714,61.845714,0.0,1
2021-12-15,65688,5031646,61.845714,60.242307,56.577376,60.242307,-1.603407,35
2021-12-16,14110,1072634,58.486194,60.165954,57.569961,58.028078,-2.214229,8
2021-12-17,0,0,76.02,60.165954,57.569961,58.028078,0.0,0
2021-12-20,171,13132,58.043348,58.6389,58.6389,58.6389,0.610822,7
2021-12-21,1212,91575,58.6389,58.257136,57.569961,57.569961,-1.068939,7
2021-12-22,18600,1394940,57.692126,57.493609,56.959139,56.959139,-0.610822,11
2021-12-23,106,7776,57.26455,57.26455,54.668557,57.26455,0.305411,3
2021-12-24,105,7875,56.012366,57.26455,57.26455,57.26455,0.0,2
2021-12-27,600,43350,57.26455,57.26455,54.74491,57.26455,0.0,3
2021-12-28,7671,564524,55.16485,57.26455,55.58479,55.58479,-1.67976,10
2021-12-29,1100,79000,56.187977,57.26455,54.592205,57.26455,1.67976,2
2021-12-30,1109,82964,54.836533,57.188198,57.111845,57.111845,-0.152705,3
2022-01-03,2100,152900,57.11948,56.501023,54.592205,56.501023,-0.610822,3
2022-01-04,100,7400,55.592426,56.501023,56.501023,56.501023,0.0,1
2022-01-05,2000,146700,56.501023,56.119259,55.890201,55.890201,-0.610822,2
2022-01-06,100,7350,56.00473,56.119259,56.119259,56.119259,0.229058,1
2022-01-07,9,661,56.119259,56.119259,56.119259,56.119259,0.0,1
2022-01-10,13600,967930,56.119259,54.821263,53.981383,54.210441,-1.908818,11
2022-01-11,100,7300,54.340241,55.737496,55.737496,55.737496,1.527055,1
2022-01-12,100,7300,55.737496,55.737496,55.737496,55.737496,0.0,1
2022-01-13,1300,94400,55.737496,55.737496,55.355732,55.355732,-0.381764,2
2022-01-14,14700,1033930,55.447355,55.58479,53.523266,53.599619,-1.756113,11
2022-01-17,3400,240720,53.706513,54.057736,54.057736,54.057736,0.458117,4
2022-01-18,300,21210,54.057736,53.981383,53.981383,53.981383,-0.076353,2
2022-01-19,7890,554565,53.981383,53.981383,52.301623,53.828677,-0.152706,12
2022-01-20,4055,281060,53.668337,53.90503,52.530681,53.446914,-0.381763,8
2022-01-21,9300,648990,52.92008,53.90503,52.683386,53.446914,0.0,10
2022-01-24,6600,453600,53.278938,53.90503,51.538095,53.828677,0.381763,10
2022-01-25,1319,92986,52.477234,53.828677,53.675972,53.675972,-0.152705,5
2022-01-26,4925,344429,53.828677,53.599619,53.06515,53.523266,-0.152706,11
2022-02-07,9400,660800,53.393467,54.210441,53.446914,54.210441,0.687175,10
2022-02-08,13512,954716,53.675972,54.210441,51.919859,54.134088,-0.076353,12
2022-02-09,5200,368000,53.950842,54.210441,53.828677,54.210441,0.076353,6
2022-02-10,7200,510500,54.03483,54.210441,53.90503,53.981383,-0.229058,7
2022-02-11,16300,1163600,54.134088,55.737496,54.210441,55.737496,1.756113,11
2022-02-14,9701,699612,54.508217,55.737496,54.439499,55.661143,-0.076353,12
2022-02-15,2202,158604,55.065592,55.58479,54.515852,55.355732,-0.305411,6
2022-02-16,5301,381361,54.996874,55.737496,54.515852,55.737496,0.381764,8
2022-02-17,4210,307350,54.928157,55.813848,55.737496,55.813848,0.076352,7
2022-02-18,200,14610,55.737496,55.813848,55.737496,55.737496,-0.076352,2
2022-02-21,3009,219657,55.775672,55.813848,55.737496,55.813848,0.076352,3
2022-02-22,22850,1619795,55.737496,55.813848,53.675972,55.432085,-0.381763,15
2022-02-23,11100,798470,54.126453,55.508438,54.210441,55.508438,0.076353,8
2022-02-24,5300,371890,54.920521,55.661143,53.446914,53.446914,-2.061524,6
2022-02-25,102,7333,53.576713,54.897616,54.897616,54.897616,1.450702,3
2022-03-01,7800,558780,54.897616,54.973968,52.22527,54.286794,-0.610822,8
2022-03-02,1000,71700,54.699099,54.74491,54.74491,54.74491,0.458116,1
2022-03-03,5202,372822,54.74491,54.897616,53.828677,54.897616,0.152706,8
2022-03-04,20401,1470120,54.722004,56.195612,53.828677,56.195612,1.297996,16
2022-03-07,20300,1507100,55.01978,57.79902,56.195612,57.493609,1.297997,28
2022-03-08,11600,867640,56.68427,57.79902,55.813848,57.722667,0.229058,13
2022-03-09,3300,247550,57.111845,57.646314,57.26455,57.26455,-0.458117,4
2022-03-10,9450,706620,57.279821,57.26455,56.882787,57.26455,0.0,9
2022-03-11,9520,712510,57.088939,58.028078,55.813848,57.646314,0.381764,10
2022-03-14,16507,1239197,57.142386,57.569961,57.035492,57.569961,-0.076353,13
2022-03-15,17009,1274145,57.317997,58.028078,56.730081,57.951725,0.381764,20
2022-03-16,160,12100,57.195833,58.028078,57.111845,57.111845,-0.83988,3
2022-03-17,2449,185882,57.745573,58.257136,57.111845,58.257136,1.145291,8
2022-03-18,14959,1141011,57.951725,58.791605,57.340903,58.715252,0.458116,17
2022-03-21,14428,1112935,58.241865,61.082187,58.333489,61.005834,2.290582,14
2022-03-22,53069,4267917,58.898499,62.685595,58.791605,62.609242,1.603408,56
2022-03-23,13725,1109681,61.402869,62.685595,61.463951,61.616656,-0.992586,22
2022-03-24,2542,202838,61.731185,62.532889,60.395012,60.395012,-1.221644,9
2022-03-25,17261,1358287,60.921846,61.234893,59.249721,61.082187,0.687175,22
2022-03-28,139,10991,60.081966,61.082187,58.333489,61.005834,-0.076353,11
2022-03-29,1206,92398,60.372107,61.082187,58.257136,61.082187,0.076353,10
2022-03-30,15815,1235836,58.501465,61.082187,58.10443,59.784191,-1.297996,27
2022-03-31,600,47400,59.662026,60.31866,60.31866,60.31866,0.534469,2
2022-04-01,16900,1333180,60.31866,60.547718,60.013249,60.547718,0.229058,11
2022-04-06,310,24645,60.234672,60.700423,60.700423,60.700423,0.152705,4
2022-04-07,83110,6380655,60.700423,60.700423,58.180783,58.6389,-2.061523,41
2022-04-08,4800,369920,58.615994,59.097016,58.791605,58.867958,0.229058,7
2022-04-11,18900,1440050,58.845052,59.020663,57.951725,59.020663,0.152705,13
2022-04-12,0,0,76.19,59.020663,57.951725,59.020663,0.0,0
2022-04-13,100,7720,58.173148,58.944311,58.944311,58.944311,-0.076352,1
2022-04-14,24200,1880880,58.944311,61.082187,58.562547,60.165954,1.221643,15
2022-04-15,5100,395180,59.341345,60.165954,58.867958,60.165954,0.0,3
2022-04-18,1000,76800,59.165733,58.6389,58.6389,58.6389,-1.527054,1
2022-04-19,3000,229000,58.6389,58.6389,58.10443,58.6389,0.0,2
2022-04-20,0,0,76.33,58.6389,58.10443,58.6389,0.0,0
2022-04-21,1000,76000,58.280042,58.028078,58.028078,58.028078,-0.610822,1
2022-04-22,6000,454100,58.028078,58.028078,57.646314,57.646314,-0.381764,3
2022-04-25,1000,75000,57.783749,57.26455,57.26455,57.26455,-0.381764,1
2022-04-26,0,0,75.0,57.26455,57.26455,57.26455,0.0,0
2022-04-27,15200,1090870,57.26455,57.340903,54.592205,54.74491,-2.51964,12
2022-04-28,11500,818059,54.798357,54.74491,54.210441,54.363147,-0.381763,12
2022-04-29,1250,88770,54.317335,54.363147,54.210441,54.210441,-0.152706,4
2022-05-03,2170,154095,54.225712,54.592205,54.210441,54.592205,0.381764,5
2022-05-04,1201,85818,54.218076,54.592205,52.22527,52.22527,-2.366935,4
2022-05-05,4001,286171,54.561664,54.668557,54.592205,54.668557,2.443287,3
2022-05-06,450,31465,54.615111,54.668557,52.22527,52.22527,-2.443287,4
2022-05-09,1100,78760,53.385832,54.668557,54.668557,54.668557,2.443287,2
2022-05-10,9200,643690,54.668557,54.592205,52.072564,52.072564,-2.595993,9
2022-05-11,250,17875,53.424008,54.592205,54.592205,54.592205,2.519641,2
2022-05-12,16900,1161410,54.592205,54.439499,52.072564,54.134088,-0.458117,13
2022-05-13,12800,880590,52.469599,53.981383,52.301623,53.90503,-0.229058,7
2022-05-16,8400,577920,52.530681,53.90503,52.301623,52.683386,-1.221644,8
2022-05-17,2000,140000,52.530681,53.446914,53.446914,53.446914,0.763528,1
2022-05-18,800,56520,53.446914,54.134088,53.828677,54.134088,0.687174,2
2022-05-19,9,636,53.943206,53.981383,53.981383,53.981383,-0.152705,1
2022-05-20,0,0,70.7,53.981383,53.981383,53.981383,0.0,0
2022-05-23,2500,176250,53.981383,53.828677,53.828677,53.828677,-0.152706,2
2022-05-24,0,0,70.5,53.828677,53.828677,53.828677,0.0,0
2022-05-25,1010,71205,53.828677,53.828677,53.828677,53.828677,0.0,2
2022-05-26,200,14100,53.828677,53.828677,53.828677,53.828677,0.0,1
2022-05-27,0,0,70.5,53.828677,53.828677,53.828677,0.0,0
2022-05-30,8200,578640,53.828677,54.057736,53.599619,53.599619,-0.229058,5
2022-05-31,2001,141670,53.882124,54.057736,54.057736,54.057736,0.458117,2
2022-06-01,2499,176429,54.057736,54.210441,53.446914,54.210441,0.152705,5
2022-06-02,7200,511120,53.90503,54.286794,53.90503,54.286794,0.076353,5
2022-06-06,2700,191970,54.202806,54.286794,54.286794,54.286794,0.0,5
2022-06-07,28501,2049723,54.286794,56.119259,54.439499,55.126674,0.83988,15
2022-06-08,5201,379382,54.912886,56.119259,54.973968,56.119259,0.992585,11
2022-06-09,100,7450,55.691684,56.882787,56.882787,56.882787,0.763528,1
2022-06-10,12400,926560,56.882787,58.180783,56.806434,58.180783,1.297996,10
2022-06-13,0,0,74.72,58.180783,56.806434,58.180783,0.0,0
2022-06-14,2001,151276,57.050763,58.180783,57.26455,57.26455,-0.916233,3
2022-06-15,8202,624282,57.722667,58.6389,57.646314,58.409841,1.145291,10
2022-06-16,6197,459523,58.112066,58.333489,55.737496,55.966554,-2.443287,6
2022-06-17,8900,652470,56.615552,57.26455,55.813848,55.813848,-0.152706,7
2022-06-20,7700,564600,55.974189,57.26455,55.813848,56.042907,0.229059,6
2022-06-21,1000,73300,55.981824,55.966554,55.966554,55.966554,-0.076353,1
2022-06-22,9000,658800,55.966554,55.966554,55.737496,55.737496,-0.229058,6
2022-06-23,0,0,73.2,55.966554,55.737496,55.737496,0.0,0
2022-06-24,0,0,73.2,55.966554,55.737496,55.737496,0.0,0
2022-06-27,0,0,73.2,55.966554,55.737496,55.737496,0.0,0
2022-06-28,6000,448500,55.890201,57.188198,56.959139,56.959139,1.221643,2
2022-06-29,3000,221700,57.073669,56.42467,56.42467,56.42467,-0.534469,1
2022-06-30,70,5152,56.42467,56.195612,56.195612,56.195612,-0.229058,1
2022-07-01,1110,79777,56.195612,56.195612,54.74491,56.195612,0.0,3
2022-07-04,0,0,71.87,56.195612,54.74491,56.195612,0.0,0
2022-07-05,100,7340,54.87471,56.042907,56.042907,56.042907,-0.152705,1
2022-07-06,0,0,73.4,56.042907,56.042907,56.042907,0.0,0
2022-07-07,2100,153090,56.042907,55.661143,55.661143,55.661143,-0.381764,2
2022-07-08,200,14580,55.661143,55.661143,55.661143,55.661143,0.0,1
2022-07-11,2500,178900,55.661143,55.58479,54.210441,55.58479,-0.076353,5
2022-07-12,7300,519680,54.638016,54.973968,54.210441,54.973968,-0.610822,5
2022-07-13,1200,85590,54.355511,55.737496,54.210441,55.661143,0.687175,3
2022-07-14,4300,305580,54.462405,54.973968,54.210441,54.973968,-0.687175,4
2022-07-15,9200,669000,54.263888,55.737496,55.432085,55.737496,0.763528,6
2022-07-18,5100,364800,55.523708,55.737496,54.592205,55.737496,0.0,2
2022-07-19,0,0,71.53,55.737496,54.592205,55.737496,0.0,0
2022-07-20,5400,385760,54.615111,55.661143,54.210441,54.897616,-0.83988,6
2022-07-21,13200,949900,54.546393,55.737496,54.897616,55.737496,0.83988,7
2022-07-22,100,7300,54.943427,55.737496,55.737496,55.737496,0.0,1
2022-07-25,0,0,73.0,55.737496,55.737496,55.737496,0.0,0
2022-07-26,1337,95599,55.737496,55.508438,54.286794,55.508438,-0.229058,3
2022-07-27,2200,157080,54.592205,55.279379,54.286794,54.286794,-1.221644,3
2022-07-28,8100,583000,54.515852,55.737496,54.821263,55.737496,1.450702,6
2022-07-29,0,0,71.98,55.737496,54.821263,55.737496,0.0,0
2022-08-01,4700,341190,54.958698,55.966554,54.973968,55.966554,0.229058,9
2022-08-02,4680,341754,55.42445,56.042907,55.355732,56.042907,0.076353,11
2022-08-03,1600,117440,55.752766,56.042907,56.042907,56.042907,0.0,5
2022-08-04,200,14680,56.042907,56.042907,56.042907,56.042907,0.0,1
2022-08-05,1447,106209,56.042907,56.042907,56.042907,56.042907,0.0,5
2022-08-08,45,3303,56.042907,56.042907,56.042907,56.042907,0.0,1
2022-08-09,26501,1943518,56.042907,57.035492,55.737496,56.959139,0.916232,22
2022-08-10,22747,1671209,55.997095,56.882787,55.737496,56.271965,-0.687174,19
2022-08-11,56650,3996220,56.096354,57.035492,52.22527,54.897616,-1.374349,52
2022-08-12,300,21750,53.859218,55.355732,55.355732,55.355732,0.458116,1
2022-08-15,6450,469145,55.355732,56.195612,54.592205,55.432085,0.076353,6
2022-08-16,1000,73600,55.538979,56.195612,56.195612,56.195612,0.763527,1
2022-08-17,400,29420,56.195612,56.348318,55.966554,55.966554,-0.229058,2
2022-08-18,16400,1214570,56.157436,59.020663,56.042907,58.6389,2.672346,16
2022-08-19,300,23190,56.546835,59.020663,59.020663,59.020663,0.381763,3
2022-08-22,12601,933103,59.020663,58.867958,56.119259,56.806434,-2.214229,14
2022-08-23,412,30674,56.539199,56.959139,54.363147,54.363147,-2.443287,3
2022-08-24,2700,197590,56.84461,57.035492,55.737496,57.035492,2.672345,4
2022-08-25,21718,1614961,55.874931,57.188198,54.363147,57.188198,0.152706,17
2022-08-26,5100,378110,56.775893,57.26455,56.501023,57.188198,0.0,8
2022-08-29,2028,151616,56.607917,57.188198,54.973968,56.882787,-0.305411,4
2022-08-30,3841,281384,57.081304,56.882787,55.737496,56.501023,-0.381764,5
2022-08-31,2000,149500,55.936013,57.26455,56.882787,57.26455,0.763527,2
2022-09-01,24500,1867350,57.073669,59.860543,56.959139,59.707838,2.443288,17
2022-09-02,76253,6197225,58.196054,65.892409,59.47878,62.991005,3.283167,53
2022-09-05,7000,567530,62.051867,63.372769,61.463951,62.532889,-0.458116,9
2022-09-06,9200,729740,61.906797,62.761947,60.31866,60.700423,-1.832466,7
2022-09-07,500,40850,60.562989,62.380184,62.380184,62.380184,1.679761,1
2022-09-08,11250,883750,62.380184,62.380184,59.402427,61.769362,-0.610822,7
2022-09-12,7500,594850,59.982708,61.005834,59.936896,61.005834,-0.763528,6
2022-09-13,3700,296100,60.555353,61.234893,61.082187,61.234893,0.229059,4
2022-09-14,1500,120300,61.105093,61.234893,61.234893,61.234893,0.0,2
2022-09-15,4301,340630,61.234893,61.769362,59.860543,61.769362,0.534469,11
2022-09-16,9658,770561,60.471365,61.769362,59.860543,61.311245,-0.458117,13
2022-09-19,23201,1855359,60.914211,61.769362,60.395012,61.769362,0.458117,20
2022-09-20,16965,1368822,61.059281,62.609242,60.929482,62.609242,0.83988,23
2022-09-21,5125,417887,61.609021,62.991005,61.311245,62.991005,0.381763,10
2022-09-22,4532,371822,62.258019,63.372769,61.693009,63.372769,0.381764,9
2022-09-23,1012,83996,62.639783,63.372769,63.372769,63.372769,0.0,2
2022-09-26,13500,1096250,63.372769,63.449122,60.776776,62.991005,-0.381764,14
2022-09-27,13980,1129056,61.99842,63.372769,61.234893,63.372769,0.381764,7
2022-09-28,11700,943600,61.662468,63.372769,61.15854,63.372769,0.0,6
2022-09-29,0,0,80.65,63.372769,61.15854,63.372769,0.0,0
2022-09-30,0,0,80.65,63.372769,61.15854,63.372769,0.0,0
2022-10-03,2500,202050,61.57848,63.296416,61.311245,61.311245,-2.061524,2
2022-10-04,629,52035,61.70828,63.296416,62.609242,62.609242,1.297997,4
2022-10-05,13,1071,63.166617,62.914653,62.914653,62.914653,0.305411,1
2022-10-06,5229,427359,62.914653,62.991005,61.082187,62.991005,0.076352,9
2022-10-07,29607,2465075,62.403089,65.892409,62.380184,65.892409,2.901404,29
2022-10-11,4200,350400,63.571286,65.968762,63.372769,63.754533,-2.137876,6
2022-10-12,56500,4687350,63.701086,65.052529,62.685595,64.976177,1.221644,40
2022-10-13,400,33590,63.342228,64.976177,62.074773,64.441707,-0.53447,3
2022-10-14,2100,171150,64.121026,63.296416,61.311245,63.296416,-1.145291,5
2022-10-17,901,74402,62.227478,63.296416,61.082187,63.296416,0.0,4
2022-10-18,4200,341140,63.052088,63.143711,61.845714,63.143711,-0.152705,3
2022-10-19,5000,405400,62.01369,63.143711,61.082187,63.143711,0.0,4
2022-10-20,3000,240300,61.906797,63.143711,60.165954,63.143711,0.0,2
2022-10-21,25939,2105481,61.15854,63.754533,61.15854,63.754533,0.610822,22
2022-10-24,500,41450,61.975514,63.296416,63.296416,63.296416,-0.458117,1
2022-10-25,14000,1139300,63.296416,62.609242,60.853129,62.532889,-0.763527,7
2022-10-26,1000,81900,62.135855,62.532889,62.532889,62.532889,0.0,1
2022-10-27,0,0,81.9,62.532889,62.532889,62.532889,0.0,0
2022-10-28,737,59620,62.532889,62.380184,60.471365,62.380184,-0.152705,2
2022-10-31,300,24510,61.769362,62.380184,62.380184,62.380184,0.0,1
2022-11-01,0,0,81.7,62.380184,62.380184,62.380184,0.0,0
2022-11-02,0,0,81.7,62.380184,62.380184,62.380184,0.0,0
2022-11-03,4280,340920,62.380184,61.769362,59.555132,61.769362,-0.610822,4
2022-11-04,0,0,79.65,61.769362,59.555132,61.769362,0.0,0
2022-11-07,4700,363700,60.814953,61.463951,58.6389,61.463951,-0.305411,7
2022-11-08,106,8510,59.081745,61.463951,58.562547,61.463951,0.0,2
2022-11-09,0,0,80.28,61.463951,58.562547,61.463951,0.0,0
2022-11-10,100,8020,61.295975,61.234893,61.234893,61.234893,-0.229058,1
2022-11-11,27,2168,61.234893,61.311245,61.311245,61.311245,0.076352,1
2022-11-14,0,0,80.3,61.311245,61.311245,61.311245,0.0,0
2022-11-15,300,24060,61.311245,61.234893,61.234893,61.234893,-0.076352,2
2022-11-16,50,4010,61.234893,61.234893,61.234893,61.234893,0.0,1
2022-11-17,150,11855,61.234893,61.234893,58.562547,61.234893,0.0,2
2022-11-18,10,801,60.341566,61.15854,61.15854,61.15854,-0.076353,1
2022-11-21,15,1184,61.15854,61.15854,58.562547,61.15854,0.0,2
2022-11-22,10,801,60.295754,61.15854,61.15854,61.15854,0.0,1
2022-11-23,20,1602,61.15854,61.15854,61.15854,61.15854,0.0,1
2022-11-24,0,0,80.1,61.15854,61.15854,61.15854,0.0,0
2022-11-25,100,8000,61.15854,61.082187,61.082187,61.082187,-0.076353,1
2022-11-28,9303,709008,61.082187,58.486194,58.028078,58.257136,-2.825051,5
2022-11-29,100,7630,58.188418,58.257136,58.257136,58.257136,0.0,1
2022-11-30,610,46482,58.257136,58.180783,58.180783,58.180783,-0.076353,3
2022-12-01,0,0,76.2,58.180783,58.180783,58.180783,0.0,0
2022-12-02,310,23591,58.180783,58.10443,58.10443,58.10443,-0.076353,2
2022-12-05,2070,155664,58.10443,57.417256,57.417256,57.417256,-0.687174,12
2022-12-06,9640,714135,57.417256,57.493609,55.355732,57.26455,-0.152706,15
2022-12-07,300,22500,56.562105,57.26455,57.26455,57.26455,0.0,3
2022-12-08,3800,278080,57.26455,57.26455,55.355732,57.188198,-0.076352,11
2022-12-09,1222,91222,55.874931,57.188198,55.279379,57.188198,0.0,11
2022-12-12,5416,400399,56.997316,57.26455,55.279379,57.26455,0.076352,16
2022-12-13,23508,1746160,56.447576,57.569961,54.897616,57.569961,0.305411,32
2022-12-14,22445,1657963,56.714811,57.569961,55.432085,57.26455,-0.305411,25
2022-12-15,20000,1494200,56.401765,57.340903,54.821263,57.035492,-0.229058,16
2022-12-16,29188,2165100,57.043127,57.493609,54.439499,57.035492,0.0,20
2022-12-19,500,37350,56.638458,57.035492,57.035492,57.035492,0.0,1
2022-12-20,0,0,74.7,57.035492,57.035492,57.035492,0.0,0
2022-12-21,1000,74000,57.035492,56.501023,56.501023,56.501023,-0.534469,1
2022-12-22,0,0,74.0,56.501023,56.501023,56.501023,0.0,0
2022-12-23,0,0,74.0,56.501023,56.501023,56.501023,0.0,0
2022-12-26,2000,148000,56.501023,56.501023,56.501023,56.501023,0.0,1
2022-12-27,1900,136040,56.501023,55.050321,54.363147,54.973968,-1.527055,5
2022-12-28,2750,198286,54.668557,55.126674,54.973968,55.126674,0.152706,6
2022-12-29,5100,368200,55.050321,55.126674,54.973968,54.973968,-0.152706,5
2022-12-30,0,0,72.2,55.126674,54.973968,54.973968,0.0,0
2023-01-03,200,14300,55.126674,54.592205,54.592205,54.592205,-0.381763,1
2023-01-04,0,0,71.5,54.592205,54.592205,54.592205,0.0,0
2023-01-05,0,0,71.5,54.592205,54.592205,54.592205,0.0,0
2023-01-06,100,7240,54.592205,55.279379,55.279379,55.279379,0.687174,1
2023-01-09,4000,288000,55.279379,55.203027,54.74491,54.74491,-0.534469,3
2023-01-10,0,0,72.0,55.203027,54.74491,54.74491,0.0,0
2023-01-11,0,0,72.0,55.203027,54.74491,54.74491,0.0,0
2023-01-12,0,0,72.0,55.203027,54.74491,54.74491,0.0,0
2023-01-13,0,0,72.0,55.203027,54.74491,54.74491,0.0,0
2023-01-16,0,0,72.0,55.203027,54.74491,54.74491,0.0,0
2023-01-17,0,0,72.0,55.203027,54.74491,54.74491,0.0,0
2023-01-30,8248,593758,54.973968,55.050321,54.057736,54.973968,0.229058,6
2023-01-31,1705,120714,54.966333,54.057736,54.057736,54.057736,-0.916232,2
2023-02-01,3120,219628,54.057736,54.973968,53.446914,54.515852,0.458116,5
2023-02-02,60,4243,53.744689,54.515852,53.446914,54.439499,-0.076353,8
2023-02-03,22070,1532707,53.996653,54.439499,52.072564,53.370561,-1.068938,19
2023-02-06,20300,1410180,53.026974,53.446914,50.850921,53.370561,0.0,13
2023-02-07,1010,69300,53.042244,53.446914,52.377975,53.446914,0.076353,2
2023-02-08,10,700,52.385611,53.446914,53.446914,53.446914,0.0,1
2023-02-09,20,1400,53.446914,53.446914,53.446914,53.446914,0.0,1
2023-02-10,10,700,53.446914,53.446914,53.446914,53.446914,0.0,1
2023-02-13,40,2800,53.446914,53.446914,53.446914,53.446914,0.0,2
2023-02-14,16,1111,53.446914,53.446914,52.377975,53.446914,0.0,2
2023-02-15,6010,420701,53.049879,53.523266,53.446914,53.523266,0.076352,3
2023-02-16,3100,217000,53.446914,53.446914,53.446914,53.446914,-0.076352,6
2023-02-17,13828,968760,53.446914,53.599619,53.370561,53.446914,0.0,7
2023-02-20,10,710,53.492725,54.210441,54.210441,54.210441,0.763527,1
2023-02-21,6270,446004,54.210441,54.363147,54.210441,54.363147,0.152706,12
2023-02-22,4350,310348,54.3097,54.592205,54.439499,54.592205,0.229058,11
2023-02-23,10427,748144,54.47004,54.973968,54.592205,54.973968,0.381763,11
2023-02-24,1220,87858,54.783087,55.661143,54.973968,55.661143,0.687175,4
2023-03-01,3050,222040,54.981604,55.661143,55.432085,55.661143,0.0,4
2023-03-02,6010,436729,55.58479,55.661143,55.432085,55.58479,-0.076353,4
2023-03-03,6201,452472,55.485532,55.737496,55.661143,55.737496,0.152706,6
2023-03-06,3900,284700,55.71459,55.737496,55.737496,55.737496,0.0,6
2023-03-07,1002,73146,55.737496,55.737496,55.737496,55.737496,0.0,2
2023-03-08,2003,146219,55.737496,55.737496,55.737496,55.737496,0.0,4
2023-03-09,2,146,55.737496,55.737496,55.737496,55.737496,0.0,2
2023-03-10,2600,189800,55.737496,55.737496,55.737496,55.737496,0.0,3
2023-03-13,1411,101963,55.737496,55.737496,53.752325,55.737496,0.0,5
2023-03-14,10,730,55.172485,55.737496,55.737496,55.737496,0.0,1
2023-03-15,0,0,73.0,55.737496,55.737496,55.737496,0.0,0
2023-03-16,6,435,55.737496,55.737496,53.523266,55.737496,0.0,2
2023-03-17,0,0,72.52,55.737496,53.523266,55.737496,0.0,0
2023-03-20,10,728,55.371003,55.58479,55.58479,55.58479,-0.152706,1
2023-03-21,0,0,72.8,55.58479,55.58479,55.58479,0.0,0
2023-03-22,4010,281427,55.58479,55.508438,53.370561,55.508438,-0.076352,5
2023-03-23,10,726,53.584349,55.432085,55.432085,55.432085,-0.076353,1
2023-03-24,3684,260678,55.432085,55.203027,53.828677,55.203027,-0.229058,8
2023-03-27,1001,69672,54.027194,55.203027,53.141503,53.141503,-2.061524,3
2023-03-28,10,722,53.141503,55.126674,55.126674,55.126674,1.985171,1
2023-03-29,0,0,72.2,55.126674,55.126674,55.126674,0.0,0
2023-03-30,5012,361861,55.126674,55.126674,53.141503,55.126674,0.0,4
2023-03-31,10,722,55.126674,55.126674,55.126674,55.126674,0.0,1
2023-04-06,1,71,55.126674,54.897616,54.897616,54.897616,-0.229058,1
2023-04-07,2357,169232,54.897616,54.821263,54.821263,54.821263,-0.076353,5
2023-04-10,3000,215400,54.821263,54.821263,54.821263,54.821263,0.0,1
2023-04-11,32825,2362094,54.821263,55.737496,54.668557,55.737496,0.916233,16
2023-04-12,32408,2374689,54.943427,56.959139,55.279379,56.195612,0.458116,18
2023-04-13,23910,1765090,55.943648,56.882787,55.58479,56.501023,0.305411,14
2023-04-14,1005,73866,56.363588,56.119259,55.890201,56.119259,-0.381764,2
2023-04-17,39319,3039261,56.119259,60.776776,56.501023,60.31866,4.199401,24
2023-04-18,59529,4797415,59.020663,63.220064,60.471365,63.220064,2.901404,41
2023-04-19,93046,8079236,61.532668,69.862751,63.220064,69.480988,6.260924,64
2023-04-20,55922,5071249,66.297079,70.93169,66.961348,68.71746,-0.763528,48
2023-04-21,41800,3584750,69.236659,69.099224,62.8383,62.8383,-5.87916,32
2023-04-24,18015,1543890,65.480105,66.045115,64.51806,65.663351,2.825051,15
2023-04-25,31310,2656210,65.434293,66.045115,63.525475,64.059944,-1.603407,23
2023-04-26,30619,2510189,64.777659,64.136296,61.082187,63.372769,-0.687175,19
2023-04-27,1043,86509,62.593971,63.372769,61.99842,63.372769,0.0,3
2023-04-28,11330,939408,63.326957,63.983591,63.143711,63.372769,0.0,15
2023-05-02,0,0,82.91,63.983591,63.143711,63.372769,0.0,0
2023-05-03,10,838,63.304052,63.983591,63.983591,63.983591,0.610822,1
2023-05-04,100,8380,63.983591,63.983591,63.983591,63.983591,0.0,1
2023-05-05,0,0,83.8,63.983591,63.983591,63.983591,0.0,0
2023-05-08,0,0,83.8,63.983591,63.983591,63.983591,0.0,0
2023-05-09,2210,183432,63.983591,63.525475,63.372769,63.525475,-0.458116,5
2023-05-10,3010,244531,63.372769,63.449122,61.99842,63.449122,-0.076353,3
2023-05-11,460,37628,62.028961,62.456536,62.456536,62.456536,-0.992586,4
2023-05-12,4510,359910,62.456536,62.456536,60.700423,61.845714,-0.610822,6
2023-05-15,12270,979169,60.929482,61.693009,60.242307,60.242307,-1.603407,13
2023-05-16,8400,660970,60.929482,60.700423,59.936896,59.936896,-0.305411,11
2023-05-17,110,8690,60.081966,60.31866,60.31866,60.31866,0.381764,2
2023-05-18,1211,94842,60.31866,59.936896,59.326074,59.936896,-0.381764,5
2023-05-19,3100,243350,59.799461,59.936896,59.936896,59.936896,0.0,4
2023-05-22,1200,93360,59.936896,59.402427,59.402427,59.402427,-0.534469,3
2023-05-23,2100,163380,59.402427,59.402427,59.402427,59.402427,0.0,3
2023-05-24,4,311,59.402427,59.402427,59.402427,59.402427,0.0,1
2023-05-25,3203,246352,59.402427,59.249721,57.569961,59.249721,-0.152706,6
2023-05-26,110,8569,58.722888,59.47878,59.47878,59.47878,0.229059,2
2023-05-29,10,779,59.47878,59.47878,59.47878,59.47878,0.0,1
2023-05-30,510,39729,59.47878,59.47878,59.47878,59.47878,0.0,2
2023-05-31,1000,77900,59.47878,59.47878,59.47878,59.47878,0.0,1
2023-06-01,2101,162837,59.47878,59.249721,59.173369,59.173369,-0.305411,4
2023-06-02,7220,559149,59.173369,59.173369,57.646314,59.173369,0.0,8
2023-06-05,2010,150277,59.127557,59.326074,56.653729,57.493609,-1.67976,3
2023-06-06,2001,148477,57.081304,59.326074,56.653729,59.326074,1.832465,2
2023-06-07,110,8547,56.653729,59.326074,59.326074,59.326074,0.0,2
2023-06-08,31238,2461843,59.326074,61.463951,59.326074,60.471365,1.145291,19
2023-06-09,20,1614,60.17359,61.616656,61.616656,61.616656,1.145291,2
2023-06-12,1503,121292,61.616656,61.616656,61.616656,61.616656,0.0,4
2023-06-13,0,0,80.7,61.616656,61.616656,61.616656,0.0,0
2023-06-14,310,24957,61.616656,61.616656,61.463951,61.463951,-0.152705,4
2023-06-15,1000,80500,61.471586,61.463951,61.463951,61.463951,0.0,1
2023-06-16,520,40414,61.463951,61.616656,59.249721,61.616656,0.152705,3
2023-06-19,10,807,59.341345,61.616656,61.616656,61.616656,0.0,1
2023-06-20,1,80,61.616656,61.616656,61.616656,61.616656,0.0,1
2023-06-21,31,2498,61.616656,61.616656,59.249721,59.249721,-2.366935,2
2023-06-26,10,807,61.540303,61.616656,61.616656,61.616656,2.366935,1
2023-06-27,0,0,80.7,61.616656,61.616656,61.616656,0.0,0
2023-06-28,1000,80700,61.616656,61.616656,61.616656,61.616656,0.0,1
2023-06-29,511,41237,61.616656,61.616656,61.616656,61.616656,0.0,5
2023-06-30,33341,2712311,61.616656,62.609242,61.616656,62.532889,0.916233,21
2023-07-03,8231,667109,62.112949,62.532889,61.463951,62.532889,0.0,6
2023-07-04,9000,736500,61.883891,62.609242,62.380184,62.609242,0.076353,4
2023-07-05,100,8180,62.479442,62.456536,62.456536,62.456536,-0.152706,1
2023-07-06,30,2451,62.456536,62.380184,62.380184,62.380184,-0.076352,1
2023-07-07,0,0,81.7,62.380184,62.380184,62.380184,0.0,0
2023-07-10,0,0,81.7,62.380184,62.380184,62.380184,0.0,0
2023-07-11,0,0,81.7,62.380184,62.380184,62.380184,0.0,0
2023-07-12,0,0,81.7,62.380184,62.380184,62.380184,0.0,0
2023-07-13,0,0,81.7,62.380184,62.380184,62.380184,0.0,0
2023-07-14,3210,260293,62.380184,62.074773,59.47878,62.074773,-0.305411,3
2023-07-17,2013,163656,61.914432,62.074773,62.074773,62.074773,0.0,4
2023-07-18,20,1629,62.074773,62.303831,62.074773,62.074773,0.0,2
2023-07-19,1030,83434,62.189302,61.922067,59.402427,59.402427,-2.672346,2
2023-07-20,2010,163212,61.845714,61.99842,61.99842,61.99842,2.595993,2
2023-07-21,32210,2496313,61.99842,61.99842,58.791605,59.326074,-2.672346,28
2023-07-24,13012,1023164,59.173369,61.463951,59.555132,61.311245,1.985171,14
2023-07-25,38015,3045208,60.036155,62.609242,60.089602,61.845714,0.534469,37
2023-07-26,13171,1050750,61.166175,61.845714,58.6389,60.929482,-0.916232,16
2023-07-27,8019,638508,60.914211,61.005834,59.249721,61.005834,0.076352,7
2023-07-28,7610,608069,60.792047,61.234893,61.005834,61.234893,0.229059,8
2023-07-31,11014,883922,61.005834,61.311245,61.234893,61.311245,0.076352,8
2023-08-01,124388,10060440,61.273069,62.609242,61.082187,62.151125,0.83988,50
2023-08-02,138274,11368734,61.754091,63.754533,61.845714,62.991005,0.83988,61
2023-08-04,27170,2245580,62.777218,63.296416,62.761947,63.143711,0.152706,23
2023-08-07,17110,1418670,63.105535,63.525475,62.914653,62.914653,-0.229058,21
2023-08-08,21660,1796975,63.304052,63.983591,62.914653,63.983591,1.068938,15
2023-08-09,27160,2186654,63.342228,63.372769,60.31866,61.99842,-1.985171,21
2023-08-10,6261,518636,61.471586,63.601827,62.991005,62.991005,0.992585,8
2023-08-11,29100,2374000,63.250605,63.525475,61.616656,63.525475,0.53447,17
2023-08-14,49409,4132093,62.28856,64.365355,63.296416,63.601827,0.076352,37
2023-08-15,12147,1013912,63.853791,64.059944,61.922067,63.754533,0.152706,15
2023-08-16,28269,2388037,63.731627,66.350526,63.907238,64.670766,0.916233,22
2023-08-17,10,881,64.50279,67.266759,67.266759,67.266759,2.595993,1
2023-08-18,2000,168400,67.266759,64.289002,64.289002,64.289002,-2.977757,2
2023-08-21,22165,1879269,64.289002,65.510646,64.365355,64.899824,0.610822,13
2023-08-22,170,14641,64.739483,67.266759,65.128882,67.266759,2.366935,3
2023-08-23,17520,1474438,65.754974,65.892409,63.830886,64.51806,-2.748699,14
2023-08-24,10520,887590,64.258461,65.892409,63.754533,64.289002,-0.229058,10
2023-08-25,4110,344133,64.418802,65.586998,63.372769,65.586998,1.297996,4
2023-08-28,3110,261890,63.930144,65.663351,64.136296,65.663351,0.076353,4
2023-08-29,19053,1566988,64.296637,64.136296,62.303831,63.983591,-1.67976,13
2023-08-30,4110,345843,62.792488,64.365355,64.136296,64.136296,0.152705,5
2023-08-31,2175,184782,64.250826,65.128882,64.136296,65.128882,0.992586,6
2023-09-01,12710,1069620,64.869283,65.281587,63.907238,65.281587,0.152705,10
2023-09-04,1900,160280,64.258461,64.51806,64.289002,64.51806,-0.763527,3
2023-09-05,130,10749,64.411166,65.586998,62.685595,65.586998,1.068938,3
2023-09-06,25020,2148868,63.12844,65.816057,65.052529,65.663351,0.076353,17
2023-09-07,39193,3448158,65.579363,69.557341,65.663351,69.557341,3.89399,26
2023-09-08,17400,1584635,67.175135,70.09181,68.182991,68.182991,-1.37435,16
2023-09-11,121085,12176768,69.534435,81.697425,70.168162,81.697425,13.514434,99
2023-09-12,155020,16990043,76.780309,87.042117,79.406843,80.552134,-1.145291,126
2023-09-13,51819,5414166,83.682596,81.697425,78.643316,79.406843,-1.145291,40
2023-09-14,33762,3575005,79.773336,82.460953,79.02508,81.315662,1.908819,30
2023-09-15,63683,6610061,80.84991,82.079189,76.734498,80.933898,-0.381764,54
2023-09-18,9002,948711,79.254138,80.933898,79.788607,80.552134,-0.381764,9
2023-09-19,88557,9486715,80.468146,84.369771,77.498025,81.315662,0.763528,57
2023-09-20,4015,415562,81.796684,80.170371,78.261552,80.170371,-1.145291,5
2023-09-21,10,1070,79.02508,81.697425,81.697425,81.697425,1.527054,1
2023-09-22,6000,620000,81.697425,79.788607,78.261552,78.643316,-3.054109,4
2023-09-25,2017,211772,78.89528,80.552134,78.261552,80.552134,1.908818,4
2023-09-26,14010,1444030,80.162735,80.170371,77.879789,78.643316,-1.908818,10
2023-09-27,19010,1991555,78.696763,80.552134,78.261552,80.552134,1.908818,14
2023-09-28,2010,212055,79.987124,80.552134,80.552134,80.552134,0.0,2
2023-10-02,111178,12151846,80.552134,84.751535,80.552134,83.988007,3.435873,111
2023-10-03,92615,10552986,83.453538,88.569171,84.369771,88.569171,4.581164,92
2023-10-04,41164,4627358,86.996305,88.569171,84.369771,86.660353,-1.908818,79
2023-10-05,27341,3055551,85.828108,87.042117,84.751535,86.660353,0.0,73
2023-10-06,21026,2394463,85.331815,87.805644,86.278589,87.805644,1.145291,40
2023-10-11,71096,8155900,86.950493,89.332699,85.133298,88.569171,0.763527,80
2023-10-12,13182,1494145,87.591856,88.569171,85.515062,85.896826,-2.672345,38
2023-10-13,17280,1920603,86.545824,86.660353,83.606244,86.278589,0.381763,40
2023-10-16,9115,1006823,84.866064,85.515062,83.22448,85.133298,-1.145291,22
2023-10-17,2327,256891,84.33923,85.133298,83.988007,85.133298,0.0,23
2023-10-18,13104,1439892,84.293418,84.751535,83.606244,83.988007,-1.145291,14
2023-10-19,7008,761879,83.896384,83.988007,82.460953,83.988007,0.0,13
2023-10-20,19216,2059387,83.010692,83.22448,80.170371,83.22448,-0.763527,33
2023-10-23,1209,128078,81.827225,83.22448,80.552134,82.842716,-0.381764,11
2023-10-24,4108,431343,80.888086,82.842716,76.734498,80.552134,-2.290582,12
2023-10-25,13556,1372189,80.170371,79.788607,76.352734,78.261552,-2.290582,22
2023-10-26,15504,1595966,77.284237,80.170371,77.879789,79.02508,0.763528,17
2023-10-27,28010,2946574,78.597504,82.842716,79.406843,81.315662,2.290582,24
2023-10-30,2004,211425,80.323076,82.079189,79.406843,81.315662,0.0,6
2023-10-31,5207,540730,80.552134,80.170371,78.261552,79.788607,-1.527055,11
2023-11-01,12503,1286561,79.292314,79.788607,77.116261,78.643316,-1.145291,13
2023-11-02,52183,5401446,78.566963,80.170371,78.261552,79.406843,0.763527,53
2023-11-03,6610,682030,79.032715,79.02508,76.734498,78.643316,-0.763527,18
2023-11-06,15046,1569742,78.780751,80.933898,78.643316,80.170371,1.527055,13
2023-11-07,5107,524548,79.658807,79.02508,78.261552,79.02508,-1.145291,14
2023-11-08,8135,824103,78.421893,79.02508,76.734498,77.879789,-1.145291,21
2023-11-09,43696,4412902,77.345319,78.261552,76.352734,77.498025,-0.381764,41
2023-11-10,5002,506703,77.108626,77.498025,77.116261,77.498025,0.0,5
2023-11-13,15804,1560971,77.345319,77.116261,74.062152,76.734498,-0.763527,21
2023-11-14,7256,724739,75.413595,76.352734,75.741912,76.352734,-0.381764,15
2023-11-15,85170,8498231,76.261111,78.261552,72.916861,76.734498,0.381764,42
2023-11-16,1003,100801,76.184758,76.734498,76.734498,76.734498,0.0,4
2023-11-17,6305,626900,76.734498,76.734498,74.825679,75.589207,-1.145291,14
2023-11-20,24805,2429899,75.917523,76.352734,72.535097,74.596621,-0.992586,24
2023-11-21,90473,8403757,74.795138,73.985799,68.946519,70.244515,-4.352106,78
2023-11-22,100373,9197833,70.924054,71.237101,68.71746,71.237101,0.992586,73
2023-11-23,41457,3866374,69.969645,71.542512,70.93169,71.389806,0.152705,42
2023-11-24,43586,4075850,71.20656,71.695217,71.008042,71.618864,0.229058,63
2023-11-27,89103,8081570,71.397441,71.313453,67.572169,69.328282,-2.290582,78
2023-11-28,129931,11440582,69.25193,68.946519,65.205235,67.495817,-1.832465,89
2023-11-29,104092,9351464,67.228582,69.710046,67.419464,68.870166,1.374349,63
2023-11-30,50226,4529982,68.595296,69.480988,68.488402,68.870166,0.0,35
2023-12-01,48680,4367174,68.862531,68.946519,68.106639,68.564755,-0.305411,38
2023-12-04,47144,4237550,68.496038,69.022871,68.030286,68.641108,0.076353,38
2023-12-05,38253,3401979,68.633472,68.641108,67.419464,68.41205,-0.229058,29
2023-12-06,51830,4590630,67.900486,68.41205,66.655937,67.87758,-0.53447,37
2023-12-07,23821,2134337,67.625616,68.641108,68.106639,68.182991,0.305411,23
2023-12-08,38147,3404965,68.41205,68.870166,67.724875,67.724875,-0.458116,35
2023-12-11,141257,12075655,68.15245,67.801228,63.754533,63.830886,-3.893989,113
2023-12-12,804107,63107416,62.303831,62.303831,58.10443,58.486194,-5.344692,592
2023-12-13,236568,17991104,57.722667,59.097016,57.569961,57.569961,-0.916233,196
2023-12-14,87102,6605479,58.486194,58.486194,57.722667,57.722667,0.152706,77
2023-12-15,89591,6766545,58.028078,58.028078,57.340903,57.340903,-0.381764,82
2023-12-18,96540,7266345,57.26455,58.180783,56.882787,56.882787,-0.458116,83
2023-12-19,98508,7274062,57.26455,57.26455,55.966554,56.042907,-0.83988,99
2023-12-20,119201,8583110,55.737496,55.737496,53.523266,55.279379,-0.763528,107
2023-12-21,82676,5928136,55.203027,55.203027,54.515852,54.515852,-0.763527,48
2023-12-22,32030,2282450,54.515852,54.821263,54.134088,54.592205,0.076353,39
2023-12-25,16104,1143893,54.515852,54.515852,54.210441,54.210441,-0.381764,36
2023-12-26,35150,2480150,54.210441,54.210441,53.752325,53.828677,-0.381764,29
2023-12-27,57034,3998141,53.828677,53.828677,53.446914,53.446914,-0.381763,51
2023-12-28,128165,8969168,53.446914,53.675972,53.217856,53.294208,-0.152706,83
2023-12-29,62518,4375111,53.523266,53.828677,53.294208,53.294208,0.0,49
2024-01-02,25223,1755729,53.294208,53.294208,53.06515,53.294208,0.0,33
2024-01-03,29040,2012996,52.912445,53.141503,52.759739,52.912445,-0.381763,26
2024-01-04,59000,4104000,52.988797,53.599619,52.912445,52.912445,0.0,38
2024-01-05,20023,1392778,52.912445,53.446914,52.836092,53.294208,0.381763,23
2024-01-08,59050,4105905,53.294208,53.446914,52.836092,52.836092,-0.458116,40
2024-01-09,33550,2315000,52.683386,52.988797,52.530681,52.759739,-0.076353,31
2024-01-10,31439,2154335,52.607034,52.912445,51.919859,52.301623,-0.458116,35
2024-01-11,49000,3320000,51.919859,52.683386,51.461743,51.767154,-0.534469,41
2024-01-12,59127,3963710,51.309037,51.538095,51.003626,51.079979,-0.687175,54
2024-01-15,63531,4206620,50.774568,50.850921,50.392804,50.392804,-0.687175,60
2024-01-16,19042,1258376,50.392804,50.774568,50.240099,50.621863,0.229059,17
2024-01-17,26053,1725628,51.690801,51.690801,50.392804,50.469157,-0.152706,24
2024-01-18,55042,3577538,49.781982,50.011041,49.400219,49.781982,-0.687175,40
2024-01-19,39260,2545451,49.70563,50.240099,49.247513,49.781982,0.0,36
2024-01-22,19039,1227035,49.247513,49.552924,49.018455,49.552924,-0.229058,21
2024-01-23,16242,1047990,49.629277,49.629277,49.018455,49.552924,0.0,21
2024-01-24,31100,2008690,49.247513,49.476572,49.094808,49.247513,-0.305411,29
2024-01-25,16280,1046259,49.247513,49.247513,48.942102,49.247513,0.0,23
2024-01-26,24076,1534824,48.483986,48.86575,48.483986,48.789397,-0.458116,30
2024-01-29,17631,1122003,48.789397,48.789397,48.331281,48.636691,-0.152706,33
2024-01-30,12164,768924,48.254928,48.331281,48.178575,48.331281,-0.30541,24
2024-01-31,22347,1406761,48.102222,48.178575,47.873164,48.102222,-0.229059,26
2024-02-01,8044,505076,47.873164,48.102222,47.873164,48.102222,0.0,9
2024-02-02,14000,878400,47.644106,48.102222,47.644106,48.102222,0.0,12
2024-02-05,11090,694714,47.644106,48.02587,47.4914,48.02587,-0.076352,15
2024-02-15,51228,3185112,47.415048,48.02587,47.109637,47.415048,-0.610822,48
2024-02-16,15093,932399,47.18599,47.338695,46.956931,47.338695,-0.076353,18
2024-02-19,63937,4231118,47.18599,52.072564,47.18599,51.538095,4.1994,76
2024-02-20,38417,2577864,51.538095,51.538095,50.850921,51.38539,-0.152705,73
2024-02-21,8020,532840,51.079979,51.156332,50.54551,50.54551,-0.83988,13
2024-02-22,34010,2280670,50.927273,51.538095,50.54551,51.538095,0.992585,24
2024-02-23,16156,1083613,51.538095,51.538095,50.927273,51.156332,-0.381763,17
2024-02-26,33000,2185900,49.781982,51.538095,49.400219,51.156332,0.0,29
2024-02-27,16030,1056677,50.698215,50.698215,50.087393,50.316452,-0.83988,16
2024-02-29,22109,1436285,49.70563,50.240099,49.400219,50.240099,-0.076353,47
2024-03-01,14315,957948,51.079979,51.156332,51.079979,51.079979,0.83988,96
2024-03-04,6044,404148,51.079979,51.079979,51.003626,51.003626,-0.076353,19
2024-03-05,6051,401965,51.003626,51.003626,50.392804,50.850921,-0.152705,9
2024-03-06,25250,1689750,51.079979,51.156332,51.003626,51.079979,0.229058,22
2024-03-07,9000,597800,50.011041,51.079979,50.011041,51.079979,0.0,9
2024-03-08,19250,1262155,50.316452,50.316452,50.011041,50.011041,-1.068938,26
2024-03-11,11006,721592,50.011041,50.316452,50.011041,50.316452,0.305411,11
2024-03-12,19030,1235212,49.70563,50.011041,49.247513,50.011041,-0.305411,19
2024-03-13,2001,131065,50.011041,50.011041,50.011041,50.011041,0.0,3
2024-03-14,50544,3413432,50.392804,54.210441,50.316452,50.774568,0.763527,48
2024-03-15,21026,1416330,50.927273,51.919859,50.774568,51.690801,0.916233,22
2024-03-18,37152,2514218,51.919859,51.919859,51.309037,51.614448,-0.076353,29
2024-03-19,21001,1409066,51.309037,51.843506,50.774568,51.614448,0.0,21
2024-03-20,29300,1978879,51.843506,51.843506,51.232684,51.690801,0.076353,27
2024-03-21,3000,203300,51.690801,51.767154,51.690801,51.767154,0.076353,3
2024-03-22,2000,135400,51.690801,51.690801,51.690801,51.690801,-0.076353,2
2024-03-25,4000,270400,51.614448,51.614448,51.614448,51.614448,-0.076353,4
2024-03-26,8200,548960,51.614448,51.614448,50.240099,51.461743,-0.152705,9
2024-03-27,26000,1743000,50.927273,51.538095,50.850921,50.850921,-0.610822,19
2024-03-28,8000,533800,51.079979,51.079979,50.621863,51.003626,0.152705,7
2024-03-29,9001,597166,51.156332,51.156332,50.392804,51.079979,0.076353,10
2024-04-01,6070,403882,50.774568,50.850921,50.698215,50.774568,-0.305411,9
2024-04-02,14565,970902,50.774568,51.156332,50.774568,50.850921,0.076353,22
2024-04-03,14168,959135,50.850921,53.370561,50.850921,52.377975,1.527054,16
2024-04-08,9341,636891,52.301623,52.377975,51.538095,51.919859,-0.458116,94
2024-04-09,6748,454424,51.538095,51.538095,51.156332,51.156332,-0.763527,64
2024-04-10,15020,1016960,51.156332,52.530681,51.156332,51.232684,0.076352,16
2024-04-11,11000,733200,51.232684,51.461743,50.54551,51.156332,-0.076352,11
2024-04-12,44020,2919032,50.927273,51.156332,50.240099,50.774568,-0.381764,37
2024-04-15,24000,1592800,50.698215,50.774568,50.54551,50.698215,-0.076353,17
2024-04-16,32285,2111523,50.392804,50.392804,49.552924,49.629277,-1.068938,29
2024-04-17,3020,199940,50.927273,50.927273,50.087393,50.087393,0.458116,4
2024-04-18,9001,595367,50.392804,50.621863,50.392804,50.392804,0.305411,10
2024-04-19,17107,1123004,49.934688,50.774568,49.629277,50.392804,0.0,27
2024-04-22,8215,542090,50.392804,50.392804,50.316452,50.392804,0.0,11
2024-04-23,10050,660975,50.392804,50.392804,50.011041,50.392804,0.0,13
2024-04-24,11030,733702,50.392804,51.156332,50.392804,50.54551,0.152706,19
2024-04-25,16000,1057100,50.392804,50.54551,50.392804,50.392804,-0.152706,16
2024-04-26,15000,989900,50.469157,50.469157,50.316452,50.316452,-0.076352,12
2024-04-29,21100,1387095,50.392804,50.927273,49.781982,50.927273,0.610821,41
2024-04-30,8017,532935,50.850921,50.927273,50.621863,50.774568,-0.152705,12
2024-05-02,13000,865400,50.621863,51.003626,50.621863,51.003626,0.229058,12
2024-05-03,8064,536839,50.850921,51.156332,50.698215,51.156332,0.152706,11
2024-05-06,13050,878959,51.232684,51.843506,51.232684,51.309037,0.152705,16
2024-05-07,3000,202000,51.309037,51.538095,51.309037,51.538095,0.229058,3
2024-05-08,8026,541554,51.156332,51.843506,51.156332,51.843506,0.305411,16
2024-05-09,16000,1081800,51.767154,51.843506,51.156332,51.309037,-0.534469,15
2024-05-10,14015,948208,51.309037,51.919859,51.309037,51.538095,0.229058,15
2024-05-13,52227,3422042,49.934688,50.392804,49.70563,49.70563,-1.832465,48
2024-05-14,10060,656830,49.70563,49.934688,49.70563,49.934688,0.229058,11
2024-05-15,27110,1761583,49.858335,50.011041,49.323866,50.011041,0.076353,27
2024-05-16,17000,1115300,50.316452,50.316452,49.858335,50.163746,0.152705,16
2024-05-17,3010,197220,49.934688,50.163746,49.934688,50.163746,0.0,7
2024-05-20,17130,1115451,49.629277,50.011041,49.476572,50.011041,-0.152705,17
2024-05-21,20457,1335853,49.629277,51.767154,49.400219,51.767154,1.756113,27
2024-05-22,1000,65300,49.858335,49.858335,49.858335,49.858335,-1.908819,1
2024-05-23,20033,1298949,50.316452,50.316452,49.247513,49.629277,-0.229058,27
2024-05-24,13000,841100,49.629277,49.629277,49.247513,49.629277,0.0,12
2024-05-27,13015,840475,49.629277,49.629277,49.018455,49.400219,-0.229058,11
2024-05-28,7002,453033,49.400219,49.629277,49.247513,49.629277,0.229058,9
2024-05-29,11015,712872,49.552924,49.629277,49.323866,49.476572,-0.152705,10
2024-05-30,22000,1421800,49.400219,49.476572,49.323866,49.476572,0.0,15
2024-05-31,4362,283130,49.476572,49.629277,49.476572,49.476572,0.0,47
2024-06-03,6010,389350,49.476572,49.552924,49.400219,49.400219,-0.076353,8
2024-06-04,10047,650044,49.400219,49.400219,49.400219,49.400219,0.0,9
2024-06-05,9140,590042,49.400219,49.400219,49.247513,49.247513,-0.152706,13
2024-06-06,21020,1345290,48.942102,48.942102,48.789397,48.86575,-0.381763,19
2024-06-07,35000,2226600,48.86575,48.86575,48.483986,48.636691,-0.229059,22
2024-06-11,28032,1759365,48.636691,48.636691,47.720459,47.949517,-0.687174,26
2024-06-12,26000,1684900,49.476572,49.934688,48.331281,49.934688,1.985171,22
2024-06-13,16200,1052299,48.942102,49.858335,48.942102,49.629277,-0.305411,22
2024-06-14,14057,923010,50.698215,50.698215,49.629277,49.629277,0.0,17
2024-06-17,6010,391755,48.86575,50.011041,48.86575,49.858335,0.229058,7
2024-06-18,6000,392700,49.934688,50.011041,49.934688,49.934688,0.076353,5
2024-06-19,4115,267035,49.934688,50.011041,49.094808,49.094808,-0.83988,9
2024-06-20,9000,576300,48.86575,48.942102,48.86575,48.86575,-0.229058,9
2024-06-21,22150,1425330,48.942102,49.70563,48.407633,49.70563,0.83988,16
2024-06-24,3077,196845,48.789397,48.86575,48.789397,48.86575,-0.83988,5
2024-06-25,4025,257605,48.86575,48.86575,48.86575,48.86575,0.0,5
2024-06-26,4001,256870,48.789397,49.094808,48.789397,49.094808,0.229058,4
2024-06-27,8104,525580,49.094808,49.629277,49.094808,49.323866,0.229058,14
2024-06-28,14000,899000,48.86575,49.323866,48.86575,48.86575,-0.458116,11
2024-07-01,11191,716586,48.86575,48.86575,48.789397,48.86575,0.0,12
2024-07-02,7000,447900,48.86575,49.476572,48.636691,49.476572,0.610822,6
2024-07-03,4000,256500,48.942102,49.018455,48.942102,49.018455,-0.458117,3
2024-07-04,20000,1278600,48.789397,48.942102,48.713044,48.789397,-0.229058,15
2024-07-05,9000,578000,49.018455,49.247513,48.942102,49.247513,0.458116,8
2024-07-08,6090,393840,49.400219,49.400219,49.171161,49.171161,-0.076352,6
2024-07-09,16000,1026500,49.171161,49.171161,48.942102,49.018455,-0.152706,11
2024-07-10,6312,405616,49.018455,49.018455,48.942102,49.018455,0.0,6
2024-07-11,8200,523370,49.018455,49.018455,48.407633,48.483986,-0.534469,16
2024-07-12,4300,273900,48.560339,48.560339,48.560339,48.560339,0.076353,7
2024-07-15,20,1276,48.560339,48.560339,48.560339,48.560339,0.0,1
2024-07-16,8020,511390,48.789397,48.789397,48.636691,48.636691,0.076352,8
2024-07-17,20,1300,48.789397,48.789397,48.636691,48.636691,0.0,1
2024-07-18,8130,515527,48.483986,48.483986,48.331281,48.331281,-0.30541,22
2024-07-19,24479,1596188,51.461743,51.461743,49.247513,49.629277,1.297996,22
2024-07-22,12004,768479,49.629277,49.629277,48.560339,48.560339,-1.068938,11
2024-07-23,6053,385197,48.560339,48.86575,48.483986,48.483986,-0.076353,8
2024-07-26,5000,317300,48.483986,48.483986,48.407633,48.407633,-0.076353,5
2024-07-29,4024,256184,48.86575,48.86575,48.407633,48.407633,0.0,7
2024-07-30,7003,442301,48.178575,48.560339,48.102222,48.560339,0.152706,9
2024-07-31,0,0,48.178575,48.560339,48.102222,48.560339,0.0,0
2024-08-01,9103,582791,48.86575,48.86575,48.86575,48.86575,0.305411,11
2024-08-02,4020,255710,48.713044,48.713044,48.407633,48.560339,-0.305411,5
2024-08-05,8000,500900,48.254928,48.254928,47.338695,48.254928,-0.305411,8
2024-08-06,19004,1189478,47.415048,48.102222,47.033284,48.102222,-0.152706,14
2024-08-07,12845,807070,48.102222,48.86575,47.338695,48.331281,0.229059,49
2024-08-08,15167,861476,48.627024,48.627024,48.371092,48.456403,0.125122,16
2024-08-09,20092,1151841,49.224198,49.309509,48.456403,48.541714,0.085311,20
2024-08-12,4032,229324,48.541714,48.541714,48.456403,48.456403,-0.085311,8
2024-08-13,4400,250118,48.627024,48.627024,48.456403,48.456403,0.0,9
2024-08-14,6482,367274,48.371092,48.371092,48.285782,48.285782,-0.170621,14
2024-08-15,3000,170000,48.371092,48.371092,48.285782,48.285782,0.0,3
2024-08-16,10100,574960,48.371092,48.627024,48.371092,48.627024,0.341242,8
2024-08-19,100,5720,48.371092,48.627024,48.371092,48.627024,0.0,1
2024-08-20,3030,172714,48.627024,48.627024,48.627024,48.627024,0.0,5
2024-08-21,0,0,48.627024,48.627024,48.627024,48.627024,0.0,0
2024-08-22,1020,57634,48.200471,48.200471,48.200471,48.200471,-0.426553,2
2024-08-23,1000,56400,48.115161,48.115161,48.115161,48.115161,-0.08531,1
2024-08-26,2000,112800,48.115161,48.115161,48.115161,48.115161,0.0,2
2024-08-27,2020,114128,48.115161,48.285782,48.115161,48.285782,0.170621,3
2024-08-28,1000,56600,48.285782,48.285782,48.285782,48.285782,0.0,1
2024-08-29,120,6840,48.285782,48.285782,48.285782,48.285782,0.0,1
2024-08-30,7300,415047,48.627024,48.627024,48.285782,48.285782,0.0,22
2024-09-02,6961,410974,48.627024,52.039447,48.627024,50.247925,1.962143,21
2024-09-03,347,20088,48.627024,52.039447,48.627024,50.247925,0.0,6
2024-09-04,13927,821471,50.333235,51.698205,49.138888,49.138888,-1.109037,26
2024-09-05,3764,221817,50.674478,50.674478,49.053577,49.053577,-0.085311,7
2024-09-06,1213,69847,49.138888,49.138888,49.138888,49.138888,0.085311,5
2024-09-09,4213,242468,49.053577,49.138888,49.053577,49.138888,0.0,4
2024-09-10,4723,274506,50.333235,50.333235,49.138888,49.906683,0.767795,12
2024-09-11,21305,1307659,49.991993,54.598764,49.991993,53.660348,3.753665,46
2024-09-12,12835,805323,53.575037,54.342832,52.892553,52.892553,-0.767795,32
2024-09-13,3215,190273,50.674478,50.674478,50.418546,50.503857,-2.388696,7
2024-09-16,172,10178,50.674478,50.674478,50.418546,50.503857,0.0,4
2024-09-18,3865,233007,51.698205,51.698205,51.186341,51.186341,0.682484,13
2024-09-19,9689,573789,50.759788,50.759788,49.991993,49.991993,-1.194348,17
2024-09-20,3000,175300,49.56544,49.991993,49.56544,49.991993,0.0,3
2024-09-23,1571,91082,49.053577,49.053577,49.053577,49.053577,-0.938416,6
2024-09-24,3148,180839,49.053577,49.053577,48.968266,48.968266,-0.085311,9
2024-09-25,2002,117114,49.906683,49.906683,49.906683,49.906683,0.938417,4
2024-09-26,8594,497697,49.906683,49.906683,49.224198,49.309509,-0.597174,15
2024-09-27,3199,184901,49.224198,49.394819,49.224198,49.394819,0.08531,7
2024-09-30,55,3152,49.224198,49.394819,49.224198,49.394819,0.0,2
2024-10-01,159,9028,49.224198,49.394819,49.224198,49.394819,0.0,5
2024-10-04,57,3300,49.224198,49.394819,49.224198,49.394819,0.0,1
2024-10-07,97,5616,49.224198,49.394819,49.224198,49.394819,0.0,1
2024-10-08,37622,2179955,49.394819,49.56544,49.224198,49.224198,-0.170621,21
2024-10-09,18,1036,49.394819,49.56544,49.224198,49.224198,0.0,2
2024-10-11,2142,122144,49.394819,49.56544,49.224198,49.224198,0.0,6
2024-10-14,874,50305,49.394819,49.56544,49.224198,49.224198,0.0,3
2024-10-15,0,0,49.394819,49.56544,49.224198,49.224198,0.0,0
2024-10-16,3728,217966,49.138888,49.138888,49.138888,49.138888,-0.08531,16
2024-10-17,715,45259,49.138888,49.138888,49.138888,49.138888,0.0,3
2024-10-18,2019,114584,48.627024,48.627024,48.200471,48.200471,-0.938417,3
2024-10-21,11038,618248,47.859229,47.859229,47.603297,47.603297,-0.597174,26
2024-10-22,16121,888629,47.517987,47.517987,46.57957,46.920813,-0.682484,17
2024-10-23,8000,434900,46.49426,47.262055,46.067707,47.262055,0.341242,7
2024-10-24,25001,1351655,46.920813,46.920813,45.982396,45.982396,-1.279659,21
2024-10-25,12071,644447,45.726465,47.091434,45.214601,47.091434,1.109038,17
2024-10-28,68,3740,45.726465,47.091434,45.214601,47.091434,0.0,2
2024-10-29,1,54,45.726465,47.091434,45.214601,47.091434,0.0,1
2024-10-30,73,3975,45.726465,47.091434,45.214601,47.091434,0.0,13
2024-11-01,1210,63687,44.532117,44.532117,44.532117,44.532117,-2.559317,4
2024-11-04,4203,220576,44.702738,44.702738,44.702738,44.702738,0.170621,9
2024-11-05,1115,60496,46.408949,46.408949,46.408949,46.408949,1.706211,11
2024-11-06,10000,556700,47.432676,47.773918,47.432676,47.432676,1.023727,10
2024-11-07,100,5560,47.432676,47.773918,47.432676,47.432676,0.0,1
2024-11-08,2051,109354,45.555844,45.555844,45.385223,45.385223,-2.047453,4
2024-11-11,5000,273800,46.835502,46.920813,46.153018,46.153018,0.767795,5
2024-11-12,11704,664207,48.627024,48.627024,47.773918,47.773918,1.6209,23
2024-11-13,5101,274003,45.726465,45.982396,45.555844,45.555844,-2.218074,7
2024-11-14,7071,376663,45.470533,45.555844,45.385223,45.385223,-0.170621,7
2024-11-15,6021,319719,45.299912,45.299912,45.299912,45.299912,-0.085311,7
2024-11-18,2150,113165,45.299912,45.299912,44.446806,44.446806,-0.853106,4
2024-11-19,0,0,45.299912,45.299912,44.446806,44.446806,0.0,0
2024-11-20,39,2058,45.299912,45.299912,44.446806,44.446806,0.0,2
2024-11-21,4033,211718,45.982396,45.982396,44.190875,44.190875,-0.255931,7
2024-11-22,2116,110054,44.361496,44.361496,44.361496,44.361496,0.170621,6
2024-11-25,4022,208444,43.764322,45.385223,43.764322,45.385223,1.023727,6
2024-11-26,12667,646828,43.337769,43.764322,43.337769,43.50839,-1.876833,25
2024-11-27,9091,454786,42.655284,42.655284,42.655284,42.655284,-0.853106,55
2024-11-28,0,0,42.655284,42.655284,42.655284,42.655284,0.0,0
2024-11-29,44,2224,42.655284,42.655284,42.655284,42.655284,0.0,5
2024-12-02,2000,100000,42.655284,42.655284,42.655284,42.655284,0.0,2
2024-12-03,0,0,42.655284,42.655284,42.655284,42.655284,0.0,0
2024-12-04,2214,110700,42.655284,42.655284,42.655284,42.655284,0.0,3
2024-12-05,10176,499359,41.887489,41.887489,41.631557,41.716868,-0.938416,25
2024-12-06,0,0,41.887489,41.887489,41.631557,41.716868,0.0,0
2024-12-09,31,1519,41.887489,41.887489,41.631557,41.716868,0.0,3
2024-12-10,4000,197400,42.05811,42.143421,42.05811,42.143421,0.426553,4
2024-12-11,3425,165473,41.034384,41.375626,41.034384,41.375626,-0.767795,13
2024-12-12,455,22084,41.034384,41.375626,41.034384,41.375626,0.0,11
2024-12-13,4000,190900,40.095967,41.332971,40.095967,41.332971,-0.042655,4
2024-12-16,126,6102,40.095967,41.332971,40.095967,41.332971,0.0,5
2024-12-17,112,5376,40.095967,41.332971,40.095967,41.332971,0.0,3
2024-12-18,118,5603,40.095967,41.332971,40.095967,41.332971,0.0,7
2024-12-19,0,0,40.095967,41.332971,40.095967,41.332971,0.0,0
2024-12-20,239,11049,40.095967,41.332971,40.095967,41.332971,0.0,11
2024-12-23,0,0,40.095967,41.332971,40.095967,41.332971,0.0,0
2024-12-24,75,3600,40.095967,41.332971,40.095967,41.332971,0.0,1
2024-12-25,0,0,40.095967,41.332971,40.095967,41.332971,0.0,0
2024-12-26,0,0,40.095967,41.332971,40.095967,41.332971,0.0,0
2024-12-27,0,0,40.095967,41.332971,40.095967,41.332971,0.0,0
2024-12-30,20782,938735,38.603032,39.840036,38.389756,39.840036,-1.492935,47
2024-12-31,2000,95900,41.205005,41.205005,40.607831,40.607831,0.767795,2
2025-01-02,89426,3848823,39.242862,39.242862,36.555579,36.598234,-4.009597,85
2025-01-03,17569,726259,36.598234,36.598234,34.124227,35.403886,-1.194348,41
2025-01-06,6417,260402,34.422814,34.636091,34.422814,34.636091,-0.767795,21
2025-01-07,6015,244223,34.636091,35.147954,34.422814,35.147954,0.511863,8
2025-01-08,0,0,34.636091,35.147954,34.422814,35.147954,0.0,0
2025-01-09,2017,84967,35.403886,36.470268,35.403886,36.470268,1.322314,4
2025-01-10,285,12104,35.403886,36.470268,35.403886,36.470268,0.0,11
2025-01-13,35088,1508278,36.214336,37.621961,36.214336,36.555579,0.085311,38
2025-01-14,10974,501177,39.114896,40.138623,38.048514,38.389756,1.834177,19
2025-01-15,4200,188970,38.432411,38.432411,38.389756,38.389756,0.0,4
2025-01-16,4477,205465,39.242862,39.242862,39.242862,39.242862,0.853106,5
2025-01-17,8000,373300,40.095967,40.095967,39.669414,39.669414,0.426552,6
2025-01-20,8,373,40.095967,40.095967,39.669414,39.669414,0.0,1
2025-01-21,1000,46400,39.584104,39.584104,39.584104,39.584104,-0.08531,1
2025-01-22,7194,334183,39.584104,40.181278,39.584104,40.181278,0.597174,11
2025-02-03,15076,727034,40.52252,42.655284,39.669414,42.655284,2.474006,15
2025-02-04,3071,153204,42.527318,42.612629,42.527318,42.612629,-0.042655,9
2025-02-05,6000,297350,42.569974,42.569974,41.844834,42.569974,-0.042655,6
2025-02-06,9007,449818,42.569974,42.655284,42.527318,42.655284,0.08531,9
2025-02-07,2000,99700,42.569974,42.569974,42.484663,42.484663,-0.170621,2
2025-02-10,6004,299435,42.527318,42.569974,42.527318,42.569974,0.085311,6
2025-02-11,2000,97000,41.375626,41.375626,41.375626,41.375626,-1.194348,2
2025-02-12,71,3099,41.375626,41.375626,41.375626,41.375626,0.0,1
2025-02-13,1012,49088,41.375626,41.375626,41.375626,41.375626,0.0,3
2025-02-14,2011,97538,41.375626,41.375626,41.375626,41.375626,0.0,3
2025-02-17,1128,54204,40.949073,40.949073,40.949073,40.949073,-0.426553,7
2025-02-18,0,0,40.949073,40.949073,40.949073,40.949073,0.0,0
2025-02-19,5044,240295,42.612629,42.612629,40.095967,40.095967,-0.853106,10
2025-02-20,2149,100850,40.351899,40.351899,39.669414,39.669414,-0.426553,15
2025-02-21,2084,95437,39.328172,39.328172,38.816309,38.816309,-0.853105,6
2025-02-24,0,0,39.328172,39.328172,38.816309,38.816309,0.0,0
2025-02-25,72,3294,39.328172,39.328172,38.816309,38.816309,0.0,3
2025-02-26,300,13800,39.328172,39.328172,38.816309,38.816309,0.0,1
2025-02-27,8078,371664,39.754725,39.754725,39.157551,39.157551,0.341242,12
2025-03-03,7174,324956,38.816309,38.816309,38.389756,38.389756,-0.767795,11
2025-03-04,1001,45547,38.816309,38.816309,38.816309,38.816309,0.426553,2
2025-03-05,3110,150930,41.546247,41.546247,41.162349,41.162349,2.34604,10
2025-03-06,9,451,41.546247,41.546247,41.162349,41.162349,0.0,2
2025-03-07,2000,94700,40.52252,40.52252,40.266588,40.266588,-0.895761,2
2025-03-10,0,0,40.52252,40.52252,40.266588,40.266588,0.0,0
2025-03-11,221,10431,40.52252,40.52252,40.266588,40.266588,0.0,1
2025-03-12,52,2610,40.52252,40.52252,40.266588,40.266588,0.0,2
2025-03-13,2173,99184,38.517722,38.603032,38.517722,38.603032,-1.663556,8
2025-03-14,0,0,38.517722,38.603032,38.517722,38.603032,0.0,0
2025-03-17,5023,227606,38.645688,38.688343,38.645688,38.645688,0.042656,6
2025-03-18,2000,90600,38.645688,38.645688,38.645688,38.645688,0.0,2
2025-03-19,2189,99282,38.645688,38.645688,38.645688,38.645688,0.0,5
2025-03-20,2071,95266,39.242862,39.242862,39.242862,39.242862,0.597174,3
2025-03-21,71,3301,39.242862,39.242862,39.242862,39.242862,0.0,1
2025-03-24,4000,180150,38.517722,38.517722,38.389756,38.389756,-0.853106,4
2025-03-25,5000,224900,38.389756,38.389756,38.304445,38.304445,-0.085311,3
2025-03-26,0,0,38.389756,38.389756,38.304445,38.304445,0.0,0
2025-03-27,1082,45775,36.086371,36.086371,36.086371,36.086371,-2.218074,7
2025-03-28,5000,213300,37.323374,37.323374,36.129026,36.129026,0.042655,4
2025-03-31,18395,746126,36.086371,36.086371,34.081572,35.318575,-0.810451,20
2025-04-01,11001,444441,34.166883,36.171681,34.166883,36.171681,0.853106,12
2025-04-02,1037,44091,36.256992,36.256992,36.256992,36.256992,0.085311,3
2025-04-07,15255,592003,32.631293,36.256992,32.631293,36.256992,0.0,18
2025-04-08,7648,303392,32.887224,36.043715,32.887224,35.873094,-0.383898,15
2025-04-09,8100,320402,37.110097,37.110097,32.673948,32.673948,-3.199146,14
2025-04-10,11154,453409,34.294849,35.787784,34.294849,34.806712,2.132764,16
2025-04-11,5001,193386,33.01519,33.01519,32.929879,32.929879,-1.876833,6
2025-04-14,3017,117668,33.271122,33.271122,33.271122,33.271122,0.341243,5
2025-04-15,2031,79252,33.271122,33.271122,33.271122,33.271122,0.0,7
2025-04-16,1130,44134,33.271122,33.271122,33.271122,33.271122,0.0,4
2025-04-17,0,0,33.271122,33.271122,33.271122,33.271122,0.0,0
2025-04-18,4071,156472,32.545982,33.527053,32.503327,33.527053,0.255931,5
2025-04-21,18357,760902,33.01519,36.854166,33.01519,33.527053,0.0,37
2025-04-22,1076,43985,34.977333,34.977333,34.977333,34.977333,1.45028,5
2025-04-23,1011,41401,34.934678,34.934678,34.934678,34.934678,-0.042655,2
2025-04-24,10000,387950,32.759258,33.356432,32.759258,33.356432,-1.578246,10
2025-04-25,2000,78200,33.356432,33.356432,33.356432,33.356432,0.0,2
2025-04-28,2000,80800,34.46547,34.46547,34.46547,34.46547,1.109038,2
2025-04-29,144,5788,34.46547,34.46547,34.46547,34.46547,0.0,6
2025-04-30,4001,160140,34.124227,34.380159,33.953606,33.953606,-0.511864,5
2025-05-02,5000,197300,33.697675,33.697675,33.612364,33.612364,-0.341242,4
2025-05-05,4034,160878,34.636091,34.636091,33.527053,33.527053,-0.085311,6
2025-05-06,71,2705,34.636091,34.636091,33.527053,33.527053,0.0,2
2025-05-07,1000,40000,34.124227,34.124227,34.124227,34.124227,0.597174,1
2025-05-08,4071,159090,33.271122,33.399088,33.271122,33.356432,-0.767795,6
2025-05-09,3001,118091,33.356432,34.081572,33.271122,34.081572,0.72514,4
2025-05-12,4116,160566,33.271122,33.271122,33.271122,33.271122,-0.81045,8
2025-05-13,1000,39000,33.271122,33.271122,33.271122,33.271122,0.0,1
2025-05-14,71,2776,33.271122,33.271122,33.271122,33.271122,0.0,1
2025-05-15,785,30732,33.271122,33.271122,33.271122,33.271122,0.0,2
2025-05-16,4000,155850,33.356432,33.356432,33.185811,33.185811,-0.085311,4
2025-05-19,1000,39000,33.271122,33.271122,33.271122,33.271122,0.085311,1
2025-05-20,9269,353166,32.631293,32.631293,31.735532,31.735532,-1.53559,12
2025-05-21,1000,38000,32.418016,32.418016,32.418016,32.418016,0.682484,1
2025-05-22,0,0,32.418016,32.418016,32.418016,32.418016,0.0,0
2025-05-23,0,0,32.418016,32.418016,32.418016,32.418016,0.0,0
2025-05-26,147,5615,32.418016,32.418016,32.418016,32.418016,0.0,8
2025-05-27,0,0,32.418016,32.418016,32.418016,32.418016,0.0,0
2025-05-28,0,0,32.418016,32.418016,32.418016,32.418016,0.0,0
2025-05-29,0,0,32.418016,32.418016,32.418016,32.418016,0.0,0
2025-06-02,0,0,32.418016,32.418016,32.418016,32.418016,0.0,0
2025-06-03,1000,37550,32.034119,32.034119,32.034119,32.034119,-0.383897,1
2025-06-04,5142,198538,32.844569,33.271122,32.844569,33.271122,1.237003,6
2025-06-05,1000,40300,34.380159,34.380159,34.380159,34.380159,1.109037,1
2025-06-06,0,0,34.380159,34.380159,34.380159,34.380159,0.0,0
2025-06-09,142,5721,34.380159,34.380159,34.380159,34.380159,0.0,5
2025-06-10,4000,164000,34.977333,34.977333,34.977333,34.977333,0.597174,4
2025-06-11,5000,205950,35.787784,35.787784,34.977333,34.977333,0.0,5
2025-06-12,1,40,35.787784,35.787784,34.977333,34.977333,0.0,1
2025-06-13,1284,52360,34.977333,34.977333,34.977333,34.977333,0.0,3
2025-06-16,0,0,34.977333,34.977333,34.977333,34.977333,0.0,0
2025-06-17,0,0,34.977333,34.977333,34.977333,34.977333,0.0,0
2025-06-18,0,0,34.977333,34.977333,34.977333,34.977333,0.0,0
2025-06-19,0,0,34.977333,34.977333,34.977333,34.977333,0.0,0
2025-06-20,0,0,34.977333,34.977333,34.977333,34.977333,0.0,0
2025-06-23,71,2740,34.977333,34.977333,34.977333,34.977333,0.0,3
2025-06-24,0,0,34.977333,34.977333,34.977333,34.977333,0.0,0
2025-06-25,5092,202051,32.844569,34.124227,32.844569,34.124227,-0.853106,4
2025-06-26,1,39,32.844569,34.124227,32.844569,34.124227,0.0,1
2025-06-27,0,0,32.844569,34.124227,32.844569,34.124227,0.0,0
2025-06-30,58,2324,32.844569,34.124227,32.844569,34.124227,0.0,2
2025-07-01,2071,81039,32.844569,33.953606,32.844569,33.953606,-0.170621,7
2025-07-02,6357,249293,32.972535,34.46547,32.929879,34.46547,0.511864,10
2025-07-03,1008,40962,34.678746,34.678746,34.678746,34.678746,0.213276,2
2025-07-04,0,0,34.678746,34.678746,34.678746,34.678746,0.0,0
2025-07-07,0,0,34.678746,34.678746,34.678746,34.678746,0.0,0
2025-07-08,0,0,34.678746,34.678746,34.678746,34.678746,0.0,0
2025-07-09,0,0,34.678746,34.678746,34.678746,34.678746,0.0,0
2025-07-10,142,5396,34.678746,34.678746,34.678746,34.678746,0.0,3
2025-07-11,60,2490,34.678746,34.678746,34.678746,34.678746,0.0,2
2025-07-14,51,2042,34.678746,34.678746,34.678746,34.678746,0.0,1
2025-07-15,7480,287431,32.673948,32.844569,32.673948,32.801914,-1.876832,15
2025-07-16,8022,308449,32.801914,32.801914,32.801914,32.801914,0.0,5
2025-07-17,2000,77650,32.801914,33.441743,32.801914,33.441743,0.639829,2
2025-07-18,1,39,32.801914,33.441743,32.801914,33.441743,0.0,1
2025-07-21,0,0,32.801914,33.441743,32.801914,33.441743,0.0,0
2025-07-22,0,0,32.801914,33.441743,32.801914,33.441743,0.0,0
2025-07-23,0,0,32.801914,33.441743,32.801914,33.441743,0.0,0
2025-07-24,1030,40585,33.612364,33.612364,33.612364,33.612364,0.170621,3
2025-07-25,3071,119733,33.271122,33.271122,33.271122,33.271122,-0.341242,3
2025-07-28,6134,241158,32.503327,33.782985,32.503327,33.74033,0.469208,10
2025-07-29,0,0,32.503327,33.782985,32.503327,33.74033,0.0,0
2025-07-30,2199,86486,33.527053,33.527053,33.527053,33.527053,-0.213277,10
2025-07-31,418,16488,33.527053,33.527053,33.527053,33.527053,0.0,4
2025-08-01,1221,47088,32.631293,32.631293,32.631293,32.631293,-0.89576,6
2025-08-04,0,0,32.631293,32.631293,32.631293,32.631293,0.0,0
2025-08-05,81,3172,32.631293,32.631293,32.631293,32.631293,0.0,3
2025-08-06,4100,160640,33.441743,33.441743,33.271122,33.441743,0.81045,4
2025-08-07,68806,2954291,35.745128,36.768855,35.745128,36.768855,3.327112,89
2025-08-08,45744,1755856,36.77034,36.77034,34.975542,34.975542,-1.793313,74
2025-08-11,7111,276829,34.975542,36.126053,34.975542,35.849931,0.874389,12
2025-08-12,4175,158690,34.975542,34.975542,34.975542,34.975542,-0.874389,9
2025-08-13,5232,200929,35.113603,35.527788,35.113603,35.527788,0.552246,13
2025-08-14,43,1659,35.113603,35.527788,35.113603,35.527788,0.0,4
2025-08-15,5105,195437,35.067583,35.389726,34.975542,35.389726,-0.138062,11
2025-08-18,1052,40201,35.159624,35.159624,35.159624,35.159624,-0.230102,8
2025-08-19,2000,76550,35.205644,35.251665,35.205644,35.251665,0.092041,2
2025-08-20,3006,114229,34.975542,34.975542,34.975542,34.975542,-0.276123,3
2025-08-21,10220,413030,36.172074,37.736769,36.172074,37.552687,2.577145,12
2025-08-22,3260,128929,36.356156,36.356156,36.356156,36.356156,-1.196531,10
2025-08-25,3001,118539,36.356156,36.356156,36.356156,36.356156,0.0,3
2025-08-26,1102,42712,35.619828,35.619828,35.619828,35.619828,-0.736328,4
2025-08-27,9002,339226,34.79146,35.297685,34.423297,35.297685,-0.322143,11
2025-08-28,9112,350733,35.251665,36.448197,35.159624,35.205644,-0.092041,12
2025-08-29,18314,707214,36.356156,37.000442,35.251665,35.435747,0.230103,52
2025-09-01,4384,167881,35.251665,35.435747,34.975542,35.251665,-0.184082,15
2025-09-02,27728,1106698,35.895951,37.82881,35.251665,37.82881,2.577145,42
2025-09-03,27993,1183465,37.736769,39.669628,37.736769,39.347485,1.518675,46
2025-09-04,1245,54598,40.544017,40.544017,40.544017,40.544017,1.196532,12
2025-09-05,22453,915076,39.255444,39.255444,36.908401,36.954422,-3.589595,42
2025-09-08,2317,93201,36.954422,36.954422,36.954422,36.954422,0.0,9
2025-09-09,5000,196550,35.895951,36.356156,35.895951,36.264115,-0.690307,4
2025-09-10,11300,457032,36.448197,37.736769,36.356156,37.736769,1.472654,12
2025-09-11,3709,151387,37.736769,37.736769,37.736769,37.736769,0.0,11
2025-09-12,1038,41153,36.448197,36.448197,36.448197,36.448197,-1.288572,3
2025-09-15,1116,45639,37.690749,37.690749,37.690749,37.690749,1.242552,4
2025-09-16,2356,96458,37.690749,37.690749,37.690749,37.690749,0.0,7
2025-09-17,106,4138,37.690749,37.690749,37.690749,37.690749,0.0,4
2025-09-18,2036,83271,37.644728,37.644728,37.644728,37.644728,-0.046021,4
2025-09-19,1000,40900,37.644728,37.644728,37.644728,37.644728,0.0,1
2025-09-22,0,0,37.644728,37.644728,37.644728,37.644728,0.0,0
2025-09-23,0,0,37.644728,37.644728,37.644728,37.644728,0.0,0
2025-09-24,1,40,37.644728,37.644728,37.644728,37.644728,0.0,1
2025-09-25,277,11322,37.644728,37.644728,37.644728,37.644728,0.0,6
2025-09-26,100,4090,37.644728,37.644728,37.644728,37.644728,0.0,1
2025-09-30,1007,39181,35.80391,35.80391,35.80391,35.80391,-1.840818,4
2025-10-01,7466,299119,36.908401,36.908401,36.77034,36.77034,0.96643,5
2025-10-02,3106,127000,37.690749,37.690749,37.644728,37.644728,0.874388,7
2025-10-03,621,24808,37.690749,37.690749,37.644728,37.644728,0.0,4
2025-10-07,172,6880,37.690749,37.690749,37.644728,37.644728,0.0,5
2025-10-08,22,896,37.690749,37.690749,37.644728,37.644728,0.0,3
2025-10-09,5037,203998,37.276565,37.276565,37.276565,37.276565,-0.368163,5
2025-10-13,0,0,37.276565,37.276565,37.276565,37.276565,0.0,0
2025-10-14,4613,179829,35.80391,35.941972,35.80391,35.80391,-1.472655,13
2025-10-15,1000,39000,35.895951,35.895951,35.895951,35.895951,0.092041,1
2025-10-16,11432,448582,35.527788,36.632278,35.435747,36.632278,0.736327,15
2025-10-17,1,39,35.527788,36.632278,35.435747,36.632278,0.0,1
2025-10-20,2125,81949,35.527788,35.527788,35.435747,35.435747,-1.196531,7
2025-10-21,6,232,35.527788,35.527788,35.435747,35.435747,0.0,1
2025-10-22,10,390,35.527788,35.527788,35.435747,35.435747,0.0,1
2025-10-23,0,0,35.527788,35.527788,35.435747,35.435747,0.0,0
2025-10-27,1135,43415,35.113603,35.113603,35.113603,35.113603,-0.322144,5
2025-10-28,3502,134226,35.251665,35.343706,35.251665,35.343706,0.230103,5
2025-10-29,4441,169483,35.113603,35.159624,35.067583,35.159624,-0.184082,8
2025-10-30,0,0,35.113603,35.159624,35.067583,35.159624,0.0,0
2025-10-31,4059,156223,35.527788,35.527788,35.251665,35.251665,0.092041,7
2025-11-03,7039,268656,34.699419,36.908401,34.561358,36.908401,1.656736,10
2025-11-04,300,12029,34.699419,36.908401,34.561358,36.908401,0.0,3
2025-11-05,0,0,34.699419,36.908401,34.561358,36.908401,0.0,0
2025-11-06,1,41,34.699419,36.908401,34.561358,36.908401,0.0,1
2025-11-07,1,39,34.699419,36.908401,34.561358,36.908401,0.0,1
2025-11-10,1,39,34.699419,36.908401,34.561358,36.908401,0.0,1
2025-11-11,767,29989,34.699419,36.908401,34.561358,36.908401,0.0,1
2025-11-12,2439,95475,35.895951,35.895951,35.895951,35.895951,-1.01245,17
2025-11-13,5475,208243,35.021563,35.021563,34.975542,34.975542,-0.920409,13
2025-11-14,13472,510386,34.975542,35.159624,34.653399,34.975542,0.0,13
2025-11-17,0,0,34.975542,35.159624,34.653399,34.975542,0.0,0
2025-11-18,1001,38038,34.975542,34.975542,34.975542,34.975542,0.0,2
2025-11-19,0,0,34.975542,34.975542,34.975542,34.975542,0.0,0
2025-11-20,3062,116356,34.975542,34.975542,34.975542,34.975542,0.0,4
2025-11-21,0,0,34.975542,34.975542,34.975542,34.975542,0.0,0
2025-11-24,2042,77595,34.975542,34.975542,34.975542,34.975542,0.0,4
2025-11-25,0,0,34.975542,34.975542,34.975542,34.975542,0.0,0
2025-11-26,1046,38727,34.055133,34.055133,34.055133,34.055133,-0.920409,5
2025-11-27,6268,233368,34.331256,34.331256,34.239215,34.239215,0.184082,9
2025-11-28,0,0,34.331256,34.331256,34.239215,34.239215,0.0,0
2025-12-01,2070,82262,36.724319,36.724319,36.586258,36.586258,2.347043,4
2025-12-02,98,3920,36.724319,36.724319,36.586258,36.586258,0.0,4
2025-12-03,97,3849,36.724319,36.724319,36.586258,36.586258,0.0,4
2025-12-04,1072,40836,35.067583,35.067583,35.067583,35.067583,-1.518675,5
2025-12-05,14427,553146,34.699419,35.435747,34.699419,35.343706,0.276123,17
2025-12-08,0,0,34.699419,35.435747,34.699419,35.343706,0.0,0
2025-12-09,10505,397959,34.975542,34.975542,34.607379,34.975542,-0.368164,14
2025-12-10,7000,264600,34.79146,34.79146,34.79146,34.79146,-0.184082,5
2025-12-11,3015,113999,34.79146,34.79146,34.79146,34.79146,0.0,5
2025-12-12,1004,37754,34.607379,34.607379,34.607379,34.607379,-0.184081,2
2025-12-15,427,16054,34.607379,34.607379,34.607379,34.607379,0.0,4
2025-12-16,2216,89099,37.552687,37.552687,36.678299,36.678299,2.07092,7
2025-12-17,2387,90170,34.239215,34.975542,34.239215,34.975542,-1.702757,8
2025-12-18,2027,77079,35.021563,35.021563,34.975542,34.975542,0.0,6
2025-12-19,0,0,35.021563,35.021563,34.975542,34.975542,0.0,0
2025-12-22,260,10206,35.021563,35.021563,34.975542,34.975542,0.0,2
2025-12-23,2365,90140,34.607379,35.343706,34.607379,35.343706,0.368164,9
2025-12-24,3801,145717,35.205644,35.435747,35.205644,35.435747,0.092041,12
2025-12-26,2507,96048,35.205644,35.435747,35.205644,35.435747,0.0,6
2025-12-29,4074,156244,35.297685,35.297685,35.297685,35.297685,-0.138062,4
2025-12-30,3001,115537,35.435747,35.435747,35.435747,35.435747,0.138062,4
2025-12-31,1002,38074,34.975542,34.975542,34.975542,34.975542,-0.460205,3
2026-01-02,18609,699239,34.515338,34.975542,34.515338,34.975542,0.0,9
2026-01-05,189,7096,34.515338,34.975542,34.515338,34.975542,0.0,5
2026-01-06,102,3865,34.515338,34.975542,34.515338,34.975542,0.0,7
2026-01-07,174,6481,34.515338,34.975542,34.515338,34.975542,0.0,3
2026-01-08,2202,84827,35.435747,35.435747,35.435747,35.435747,0.460205,4
2026-01-09,0,0,35.435747,35.435747,35.435747,35.435747,0.0,0
2026-01-12,13059,489289,34.423297,34.607379,34.239215,34.515338,-0.920409,13
2026-01-13,3026,114574,34.607379,34.975542,34.607379,34.975542,0.460204,5
2026-01-14,10106,387130,35.113603,35.435747,35.113603,35.297685,0.322143,10
2026-01-15,2002,77426,35.573808,35.619828,35.573808,35.619828,0.322143,3
2026-01-16,1000,38300,35.251665,35.251665,35.251665,35.251665,-0.368163,1
2026-01-19,7000,267650,35.251665,35.251665,35.159624,35.251665,0.0,4
2026-01-20,2100,80575,35.297685,35.297685,35.297685,35.297685,0.04602,2
2026-01-21,1,38,35.297685,35.297685,35.297685,35.297685,0.0,1
2026-01-22,3000,115150,35.297685,35.343706,35.297685,35.343706,0.046021,3
2026-01-23,9352,360649,35.435747,35.711869,35.435747,35.435747,0.092041,11
2026-01-26,3311,129472,35.849931,36.402176,35.849931,36.402176,0.966429,6
2026-01-27,5226,207619,36.586258,36.632278,36.540237,36.632278,0.230102,9
2026-01-28,2406,95773,36.724319,36.77034,36.724319,36.77034,0.138062,6
2026-01-29,4000,159750,36.724319,36.77034,36.724319,36.77034,0.0,4
2026-01-30,2342,92108,36.356156,36.356156,36.356156,36.356156,-0.414184,11
2026-02-02,8000,313750,36.126053,36.126053,36.080033,36.080033,-0.276123,6
2026-02-03,10000,389600,35.895951,35.895951,35.80391,35.895951,-0.184082,6
2026-02-04,3015,114785,34.975542,35.159624,34.975542,35.159624,-0.736327,5
2026-02-05,9333,369589,35.159624,36.77034,35.159624,36.724319,1.564695,18
2026-02-06,2424,92622,35.205644,35.205644,35.205644,35.205644,-1.518675,13
2026-02-09,7501,291520,35.895951,35.895951,35.895951,35.895951,0.690307,10
2026-02-10,1195,45728,35.251665,35.251665,35.251665,35.251665,-0.644286,7
2026-02-11,9032,354370,35.297685,36.724319,35.297685,36.724319,1.472654,21
2026-02-23,13855,546625,35.711869,36.77034,35.711869,36.724319,0.0,25
2026-02-24,149,5745,35.711869,36.77034,35.711869,36.724319,0.0,6
2026-02-25,8067,311696,35.527788,35.665849,35.527788,35.527788,-1.196531,13
2026-02-26,9009,358592,36.264115,36.724319,36.264115,36.724319,1.196531,8
2026-03-02,14072,544015,35.297685,36.678299,35.159624,36.678299,-0.04602,14
2026-03-03,8177,322733,35.711869,36.678299,35.527788,35.527788,-1.150511,14
2026-03-04,6000,231100,35.435747,36.264115,35.021563,36.264115,0.736327,6
2026-03-05,18167,722079,36.356156,36.77034,36.356156,36.632278,0.368163,16
2026-03-06,10277,409353,36.632278,36.77034,36.632278,36.77034,0.138062,13
2026-03-09,1140,45176,36.586258,36.586258,36.586258,36.586258,-0.184082,4
2026-03-10,9051,353974,36.586258,36.77034,35.435747,35.619828,-0.96643,11
2026-03-11,12206,475629,35.251665,36.77034,35.205644,36.77034,1.150512,16
2026-03-12,9273,360744,36.356156,36.356156,35.435747,35.527788,-1.242552,17
2026-03-13,2022,77749,35.389726,35.389726,35.389726,35.389726,-0.138062,3
2026-03-16,2136,82240,35.389726,35.435747,35.389726,35.435747,0.046021,7
2026-03-17,8198,323924,36.310135,36.632278,36.172074,36.632278,1.196531,11
2026-03-18,2000,79000,36.356156,36.356156,36.356156,36.356156,-0.276122,1
2026-03-19,5017,198521,36.402176,36.448197,36.402176,36.448197,0.092041,6
2026-03-20,4295,165824,35.527788,35.573808,35.527788,35.573808,-0.874389,8
2026-03-23,36106,1430052,35.435747,36.632278,35.159624,36.632278,1.05847,25
2026-03-24,3005,119101,36.448197,36.494217,36.448197,36.494217,-0.138061,4
2026-03-25,7579,305255,37.000442,38.289015,36.356156,37.736769,1.242552,17
2026-03-26,1013,40114,36.448197,36.448197,36.448197,36.448197,-1.288572,2
2026-03-27,1000,39600,36.448197,36.448197,36.448197,36.448197,0.0,1
2026-03-30,8026,321779,37.690749,37.690749,35.895951,35.895951,-0.552246,10
2026-03-31,1031,40242,35.895951,35.895951,35.895951,35.895951,0.0,5
2026-04-01,0,0,35.895951,35.895951,35.895951,35.895951,0.0,0
2026-04-02,4015,156686,35.987992,35.987992,35.895951,35.895951,0.0,3
2026-04-07,2000,77350,35.573808,35.619828,35.573808,35.619828,-0.276123,2
2026-04-08,4000,158500,35.573808,36.81636,35.573808,36.81636,1.196532,4
2026-04-09,3100,124000,36.81636,36.81636,36.81636,36.81636,0.0,4
2026-04-10,2000,81350,37.598708,37.598708,37.276565,37.276565,0.460205,2
2026-04-13,1000,40500,37.276565,37.276565,37.276565,37.276565,0.0,1
2026-04-14,10624,415028,35.941972,36.080033,35.895951,36.034013,-1.242552,27
2026-04-15,9552,377059,36.724319,36.77034,35.711869,35.711869,-0.322144,13
2026-04-16,0,0,36.724319,36.77034,35.711869,35.711869,0.0,0
2026-04-17,4026,157304,35.987992,35.987992,35.895951,35.987992,0.276123,7
2026-04-20,13238,513884,37.368606,37.368606,35.435747,35.435747,-0.552245,22
2026-04-21,8321,320808,35.343706,36.402176,35.297685,35.297685,-0.138062,8
2026-04-22,15140,583740,35.297685,36.448197,35.297685,35.343706,0.046021,16
2026-04-23,8131,310982,35.343706,35.343706,34.975542,34.975542,-0.368164,13
2026-04-24,8000,305800,34.975542,36.172074,34.975542,36.172074,1.196532,8
2026-04-27,6285,239228,35.021563,35.021563,34.975542,35.021563,-1.150511,16
2026-04-28,0,0,35.021563,35.021563,34.975542,35.021563,0.0,0
2026-04-29,6080,233893,36.218094,36.218094,35.021563,35.021563,0.0,10
2026-04-30,6211,236327,35.067583,35.067583,34.975542,34.975542,-0.046021,9
2026-05-04,5135,195074,34.883501,35.067583,34.883501,35.067583,0.092041,10
2026-05-05,4304,163711,34.929522,35.067583,34.929522,35.067583,0.0,6
2026-05-06,7041,266662,34.883501,34.975542,34.79146,34.79146,-0.276123,8
2026-05-07,8255,314019,34.975542,35.067583,34.975542,35.067583,0.276123,15
2026-05-08,41,1562,34.975542,35.067583,34.975542,35.067583,0.0,2
2026-05-11,6687,254524,35.067583,35.067583,34.975542,35.067583,0.0,9
2026-05-12,10715,407097,34.883501,35.067583,34.883501,35.067583,0.0,13
2026-05-13,8194,305179,34.975542,34.975542,32.67452,34.975542,-0.092041,15
2026-05-14,4135,155980,34.837481,34.883501,34.239215,34.883501,-0.092041,7
2026-05-15,5803,219483,34.055133,36.310135,34.055133,36.310135,1.426634,11
2026-05-18,3035,113394,34.331256,34.515338,34.331256,34.515338,-1.794797,6
2026-05-19,34929,1247084,34.515338,35.159624,31.109824,35.159624,0.644286,44
2026-05-20,2271,80528,32.444417,32.490438,32.444417,32.490438,-2.669186,13
2026-05-21,8092,302004,33.594929,34.837481,33.594929,34.79146,2.301022,11
2026-05-22,2001,74037,34.055133,34.055133,34.055133,34.055133,-0.736327,2
2026-05-25,5875,215375,32.398397,34.055133,32.398397,34.055133,0.0,11
2026-05-26,7107,255057,32.766561,33.134724,32.766561,33.134724,-0.920409,11
2026-05-27,5074,182134,31.984213,33.917072,31.984213,33.917072,0.782348,10
2026-05-28,5001,192836,35.849931,35.849931,34.975542,34.975542,1.05847,6
2026-05-29,3101,117788,34.975542,34.975542,34.975542,34.975542,0.0,5
2026-06-01,31,1137,34.975542,34.975542,34.975542,34.975542,0.0,3
2026-06-02,2000,74250,33.456867,34.883501,33.456867,34.883501,-0.092041,2
2026-06-03,1001,37937,34.883501,34.883501,34.883501,34.883501,0.0,2
2026-06-04,2408,90277,34.239215,34.883501,34.239215,34.883501,0.0,6
2026-06-05,61,2287,34.239215,34.883501,34.239215,34.883501,0.0,3
2026-06-08,10214,370803,32.352376,34.837481,32.076254,34.74544,-0.138061,12
2026-06-09,7460,280496,35.80391,35.80391,33.825031,33.825031,-0.920409,20
2026-06-10,4161,157067,34.883501,34.883501,34.837481,34.837481,1.01245,26
2026-06-11,2364,91377,35.80391,35.80391,34.79146,34.79146,-0.046021,15
2026-06-12,6218,235177,34.883501,34.929522,34.699419,34.74544,-0.04602,12
2026-06-15,2011,77514,36.724319,36.724319,34.239215,34.239215,-0.506225,5
2026-06-16,41,1397,36.724319,36.724319,34.239215,34.239215,0.0,2
2026-06-17,4176,152234,33.502888,33.77901,33.456867,33.77901,-0.460205,7
2026-06-18,4162,152924,33.318806,34.423297,33.272785,34.285235,0.506225,10
2026-06-22,13457,493525,34.239215,34.515338,33.272785,34.239215,-0.04602,27
2026-06-23,3899,147354,33.318806,35.711869,33.318806,35.665849,1.426634,12
2026-06-24,11000,408200,33.73299,35.021563,33.73299,35.021563,-0.644286,10
2026-06-25,5699,208912,33.548908,34.101154,33.548908,33.68697,-1.334593,14
2026-06-26,13711,499994,33.456867,34.055133,33.318806,34.055133,0.368163,18
2026-06-29,14036,527627,35.205644,36.402176,33.68697,34.469317,0.414184,17
2026-06-30,0,0,35.205644,36.402176,33.68697,34.469317,0.0,0
2026-07-01,4200,149895,31.892172,34.377276,31.892172,33.134724,-1.334593,8
2026-07-02,106,3816,31.892172,34.377276,31.892172,33.134724,0.0,1
2026-07-03,4002,149124,35.159624,35.159624,33.594929,33.640949,0.506225,6
2026-07-06,2161,81883,34.423297,35.527788,34.423297,35.527788,1.886839,6
2026-07-07,1000,38350,35.297685,35.297685,35.297685,35.297685,-0.230103,1
2026-07-08,11,419,35.297685,35.297685,35.297685,35.297685,0.0,2
2026-07-09,1000,38750,35.665849,35.665849,35.665849,35.665849,0.368164,1
2026-07-13,0,0,35.665849,35.665849,35.665849,35.665849,0.0,0
2026-07-14,3100,119709,35.435747,35.711869,35.435747,35.711869,0.04602,6
2026-07-15,8165,311967,35.711869,35.711869,34.193194,34.377276,-1.334593,11
2026-07-16,0,0,35.711869,35.711869,34.193194,34.377276,0.0,0
2026-07-17,2000,74500,34.055133,34.515338,34.055133,34.515338,0.138062,2
2026-07-20,1109,41043,34.055133,34.055133,34.055133,34.055133,-0.460205,3
2026-07-21,100,3614,34.055133,34.055133,34.055133,34.055133,0.0,2
2026-07-22,5052,188744,35.619828,35.619828,34.055133,34.239215,0.184082,13
2026-07-23,243,8955,35.619828,35.619828,34.055133,34.239215,0.0,2
2026-07-24,2015,74914,34.193194,34.239215,34.193194,34.239215,0.0,3
2026-07-27,51,1785,34.193194,34.239215,34.193194,34.239215,0.0,2
2026-07-28,1045,38223,33.640949,33.640949,33.640949,33.640949,-0.598266,4
2026-07-29,3268,119831,33.134724,34.285235,33.134724,34.009113,0.368164,12
2026-07-30,1016,38790,35.159624,35.159624,35.159624,35.159624,1.150511,3
2026-07-31,5111,196788,35.435747,35.435747,35.435747,35.435747,0.276123,7
2026-08-03,7960,300946,35.435747,35.435747,34.607379,34.607379,-0.828368,7
2026-08-04,6260,237336,35.435747,35.435747,34.653399,35.159624,0.552245,19
2026-08-05,7740,295823,35.435747,35.435747,34.975542,34.975542,-0.184082,18
2026-08-06,16256,619099,34.975542,35.435747,34.975542,34.975542,0.0,31
2026-08-07,21403,833602,35.481767,36.632278,35.435747,35.573808,0.598266,36
2026-08-10,9165,320602,32.6,37.85,32.6,37.15,1.576192,25
