date,Trading_Volume,Trading_money,open,max,min,close,spread,Trading_turnover
2023-03-30,891803,97972744,0.0,120.0,100.5,110.0,0.0,421
2023-03-31,1296999,153509840,101.003912,114.923439,99.293851,110.326502,9.193875,591
2023-04-06,689201,81837204,108.818706,114.923439,105.729564,109.866808,-0.459694,377
2023-04-07,348634,41828983,109.168073,111.245889,108.487727,108.94742,-0.919388,176
2023-04-10,369668,44258840,110.308114,110.786195,108.487727,110.786195,1.838775,202
2023-04-11,368374,44038214,110.078267,111.245889,108.94742,109.407114,-1.379081,148
2023-04-12,346660,40609676,109.912777,110.786195,103.431095,110.786195,1.379081,254
2023-04-13,168402,19869270,107.706247,110.786195,106.189258,106.648952,-4.137243,143
2023-04-14,263080,30134579,108.478533,108.028033,102.971402,105.729564,-0.919388,197
2023-04-17,363747,41570888,105.31584,106.189258,103.890789,104.350483,-1.379081,202
2023-04-18,464082,51177496,105.076799,104.810177,99.293851,100.672933,-3.67755,287
2023-04-19,548437,59786672,101.390055,105.26987,95.156608,102.971402,2.298469,348
2023-04-20,512268,58037655,100.222433,108.028033,100.672933,107.568339,4.596937,267
2023-04-21,851339,101970072,104.166605,119.060683,104.350483,116.30252,8.734181,631
2023-04-24,1582157,210875532,110.124236,129.633639,114.463745,129.173946,12.871426,1112
2023-04-25,1858831,261160764,122.535968,133.770883,125.036702,130.093333,0.919387,1143
2023-04-26,1053106,146928587,129.173946,132.851496,124.577008,132.391802,2.298469,731
2023-04-27,732837,100747781,128.272946,132.391802,121.818846,123.197927,-9.193875,588
2023-04-28,722365,94684289,126.397395,126.415783,117.221908,122.278539,-0.919388,520
2023-05-02,806478,102379433,120.513315,124.117314,113.544358,114.463745,-7.814794,576
2023-05-03,467879,59729090,116.716245,121.818846,113.084664,120.439764,5.976019,343
2023-05-04,169898,21696835,117.36901,120.899458,114.923439,116.30252,-4.137244,187
2023-05-05,313312,39593062,117.414979,118.141296,114.923439,117.221908,0.919388,182
2023-05-08,278522,34427008,116.183,117.221908,111.245889,112.62497,-4.596938,265
2023-05-09,150367,18567563,113.645491,115.383133,110.786195,114.463745,1.838775,100
2023-05-10,214411,26739683,113.52597,116.30252,112.62497,114.923439,0.459694,161
2023-05-11,287723,34542515,114.656817,114.923439,108.028033,108.94742,-5.976019,268
2023-05-12,922566,102832180,110.372471,108.94742,98.374464,105.729564,-3.217856,559
2023-05-15,241098,27228633,102.474932,105.729564,100.213239,104.350483,-1.379081,136
2023-05-16,109962,12621618,103.835626,107.568339,103.431095,104.350483,0.0,102
2023-05-17,198624,23131891,105.527299,109.866808,103.890789,108.94742,4.596937,137
2023-05-18,122343,14179755,107.07187,109.866808,105.26987,107.568339,-1.379081,92
2023-05-19,111242,12793504,106.557013,107.568339,104.350483,106.189258,-1.379081,99
2023-05-22,99786,11538016,105.738758,107.568339,105.26987,107.108645,0.919387,60
2023-05-23,80813,9256722,106.308778,107.108645,104.350483,105.26987,-1.838775,85
2023-05-24,95346,10823456,105.306646,106.189258,103.431095,104.350483,-0.919387,94
2023-05-25,179205,20677464,104.368871,108.94742,103.890789,108.487727,4.137244,139
2023-05-26,74521,8655449,106.078931,109.866808,105.729564,106.648952,-1.838775,65
2023-05-29,139571,16228230,106.78686,109.407114,105.26987,108.028033,1.379081,96
2023-05-30,111562,13127066,106.897186,110.326502,105.729564,108.94742,0.919387,106
2023-05-31,141304,16655185,108.184329,109.866808,107.108645,107.108645,-1.838775,103
2023-06-01,146652,16979693,108.368206,108.487727,104.810177,106.189258,-0.919387,124
2023-06-02,104744,12130197,106.446686,108.028033,105.26987,106.648952,0.459694,125
2023-06-05,117128,13507323,106.474268,107.108645,105.26987,105.729564,-0.919388,106
2023-06-06,77814,8907315,106.023768,105.729564,104.350483,105.729564,0.0,70
2023-06-07,72140,8260366,105.242289,106.189258,104.350483,104.350483,-1.379081,77
2023-06-08,101759,11667870,105.26987,106.189258,104.350483,105.26987,0.919387,93
2023-06-09,162396,18440598,105.416972,105.26987,103.431095,105.26987,0.0,136
2023-06-12,146518,16562222,104.396452,105.26987,102.971402,104.350483,-0.919387,118
2023-06-13,103975,11866998,103.927565,105.729564,103.890789,105.26987,0.919387,86
2023-06-14,146899,16690963,104.929697,105.26987,103.890789,104.350483,-0.919387,101
2023-06-15,114040,12874147,104.460809,105.26987,102.971402,103.890789,-0.459694,76
2023-06-16,200360,22645895,103.789656,104.810177,102.971402,103.890789,0.0,120
2023-06-19,313254,35866034,103.918371,107.568339,103.431095,104.350483,0.459694,199
2023-06-20,112938,12819603,105.26987,105.729564,103.890789,104.810177,0.459694,58
2023-06-21,181832,20622974,104.359677,105.26987,103.431095,104.350483,-0.459694,113
2023-06-26,110828,12554936,104.276932,105.26987,103.431095,103.890789,-0.459694,76
2023-06-27,181019,20407900,104.148218,104.810177,100.672933,103.431095,-0.459694,102
2023-06-28,262083,29308611,103.651748,103.890789,102.052014,103.431095,0.0,124
2023-06-29,85989,9681313,102.815106,104.350483,102.971402,104.350483,0.919388,41
2023-06-30,245842,28843244,103.51384,111.705583,103.890789,108.028033,3.67755,215
2023-07-03,107862,12509333,107.862543,108.487727,105.729564,106.189258,-1.838775,90
2023-07-04,53880,6154344,106.630564,106.189258,103.890789,104.810177,-1.379081,61
2023-07-05,76024,8728174,105.012442,106.648952,104.350483,106.648952,1.838775,56
2023-07-06,56120,6461315,105.55488,106.648952,104.810177,106.648952,0.0,38
2023-07-07,59815,6858660,105.849084,106.648952,104.350483,105.729564,-0.919388,47
2023-07-10,100992,11480794,105.416972,106.189258,103.431095,104.350483,-1.379081,89
2023-07-11,95428,10792911,104.515973,105.26987,103.431095,103.890789,-0.459694,63
2023-07-12,243267,27210173,103.982728,103.890789,102.052014,102.971402,-0.919387,143
2023-07-13,211973,23413517,102.833493,102.971402,100.672933,100.672933,-2.298469,81
2023-07-14,64695,7148207,101.555545,102.511708,100.672933,102.511708,1.838775,44
2023-07-17,60070,6645585,101.583126,102.511708,100.672933,101.59232,-0.919388,47
2023-07-18,60588,6635427,101.711841,102.052014,99.753545,100.672933,-0.919387,69
2023-07-19,95858,10473754,100.691321,101.59232,99.293851,101.132627,0.459694,82
2023-07-20,109597,11900252,100.45228,101.59232,98.834158,99.293851,-1.838776,86
2023-07-21,94948,10234841,99.827096,100.672933,98.374464,98.374464,-0.919387,79
2023-07-24,56819,6131918,99.10078,100.672933,98.374464,99.753545,1.379081,45
2023-07-25,56389,6153208,99.2203,102.511708,98.834158,100.672933,0.919388,40
2023-07-26,187302,21548960,100.323566,108.487727,100.672933,107.568339,6.895406,126
2023-07-27,94588,10880221,105.775533,108.028033,103.431095,104.810177,-2.758162,89
2023-07-28,78978,8941615,105.757146,105.729564,102.971402,104.350483,-0.459694,69
2023-07-31,147397,16753738,104.093054,106.189258,102.971402,102.971402,-1.379081,68
2023-08-01,84184,9460718,104.497585,104.350483,102.511708,103.890789,0.919387,34
2023-08-02,74161,8338742,103.320769,104.350483,102.511708,103.890789,0.0,58
2023-08-04,72095,8119680,103.375932,103.890789,102.511708,103.431095,-0.459694,39
2023-08-07,59568,6667813,103.541422,104.350483,101.59232,102.971402,-0.459693,44
2023-08-08,73192,8094027,102.916238,102.971402,99.753545,102.052014,-0.919388,67
2023-08-09,40638,4473041,101.675065,102.052014,100.672933,100.672933,-1.379081,38
2023-08-10,92073,9939106,101.196984,101.132627,97.91477,99.293851,-1.379082,86
2023-08-11,122685,13101315,99.247882,99.293851,97.455076,97.455076,-1.838775,99
2023-08-14,161390,16651632,98.181393,98.374464,92.858139,94.696914,-2.758162,122
2023-08-15,66989,6900132,94.862404,95.616301,93.777526,95.616301,0.919387,45
2023-08-16,15710,1641355,94.696914,96.995383,95.616301,96.535689,0.919388,16
2023-08-17,35447,3707868,96.057607,96.995383,95.616301,95.616301,-0.919388,27
2023-08-18,11571,1214730,96.167934,97.455076,96.075995,96.995383,1.379082,15
2023-08-21,45126,4772907,96.517301,97.91477,96.075995,96.535689,-0.459694,24
2023-08-22,20700,2184675,97.243617,97.91477,96.535689,97.455076,0.919387,15
2023-08-23,36061,3870649,97.032158,100.213239,96.995383,100.213239,2.758163,24
2023-08-24,33011,3564204,98.687056,100.672933,98.374464,98.834158,-1.379081,24
2023-08-25,42888,4554786,99.26627,98.834158,96.535689,98.834158,0.0,41
2023-08-28,51979,5497704,97.638954,98.834158,96.535689,96.535689,-2.298469,47
2023-08-29,63435,6681927,97.243617,97.91477,96.535689,96.995383,0.459694,46
2023-08-30,17595,1854807,96.848281,97.91477,96.535689,97.91477,0.919387,20
2023-08-31,73100,7795750,96.921832,98.834158,96.535689,98.374464,0.459694,36
2023-09-01,37114,3966541,98.052678,98.834158,97.455076,97.91477,-0.459694,19
2023-09-04,95985,10424982,98.254944,102.052014,97.91477,101.132627,3.217857,61
2023-09-05,165241,18417783,99.854678,103.431095,100.213239,102.971402,1.838775,76
2023-09-06,126789,14263776,102.474932,104.350483,102.511708,102.971402,0.0,60
2023-09-07,71915,7976587,103.431095,103.431095,100.672933,101.132627,-1.838775,43
2023-09-08,19200,2128200,101.978463,102.052014,101.132627,101.132627,0.0,11
2023-09-11,28420,3182270,101.904912,103.890789,101.59232,101.59232,0.459693,23
2023-09-12,71640,7917570,102.94382,102.511708,100.213239,101.132627,-0.459693,32
2023-09-13,49156,5408538,101.610708,102.511708,99.293851,100.213239,-0.919388,42
2023-09-14,54141,5967124,101.160208,102.511708,100.213239,101.59232,1.379081,31
2023-09-15,35350,3903200,101.325698,102.511708,100.213239,101.59232,0.0,23
2023-09-18,14014,1542033,101.518769,101.59232,100.672933,101.132627,-0.459693,7
2023-09-19,17760,1940795,101.169402,101.132627,99.753545,101.132627,0.0,14
2023-09-20,16680,1828400,100.470668,101.132627,99.293851,99.293851,-1.838776,12
2023-09-21,3050,335375,100.783259,101.132627,98.834158,101.132627,1.838776,4
2023-09-22,7000,770000,101.095851,101.132627,101.132627,101.132627,0.0,5
2023-09-25,17270,1867185,101.132627,100.213239,98.834158,99.293851,-1.838776,14
2023-09-26,43770,4694815,99.404178,99.293851,97.455076,98.374464,-0.919387,32
2023-09-27,47113,5025455,98.613505,99.753545,96.995383,97.91477,-0.459694,39
2023-09-28,13060,1392495,98.071066,100.672933,97.455076,99.293851,1.379081,11
2023-10-02,19490,2124910,98.025097,100.672933,100.213239,100.213239,0.919388,10
2023-10-03,35057,3801707,100.240821,100.672933,97.91477,98.374464,-1.838775,27
2023-10-04,26270,2825660,99.698382,99.293851,98.374464,98.834158,0.459694,20
2023-10-05,100936,10733705,98.889321,99.293851,96.995383,97.455076,-1.379082,67
2023-10-06,38477,4054762,97.767668,97.91477,96.075995,96.075995,-1.379081,29
2023-10-11,24935,2620354,96.885056,97.91477,95.156608,96.535689,0.459694,29
2023-10-12,41925,4388387,96.618434,96.995383,95.616301,96.535689,0.0,32
2023-10-13,148791,15023119,96.232291,96.075995,91.938751,92.858139,-3.67755,104
2023-10-16,176536,17638233,92.830557,93.317833,90.651609,91.019364,-1.838775,100
2023-10-17,54881,5434642,91.856007,92.398445,90.283854,91.203241,0.183877,41
2023-10-18,52253,5169081,91.046945,91.754874,90.283854,90.283854,-0.919387,37
2023-10-19,115997,11461169,90.945813,93.317833,89.180589,90.099976,-0.183878,84
2023-10-20,124624,11934865,90.84468,89.272528,86.330488,87.985385,-2.114591,69
2023-10-23,126738,11856896,88.049742,88.261201,84.307835,84.583651,-3.401734,91
2023-10-24,279817,25437938,86.008702,85.962733,82.744876,83.664264,-0.919387,117
2023-10-25,112620,10202645,83.581519,84.032019,82.836815,84.032019,0.367755,63
2023-10-26,246155,23172791,83.287315,87.801508,82.928754,86.330488,2.298469,66
2023-10-27,77429,7577696,86.551141,92.858139,87.801508,92.858139,6.527651,42
2023-10-30,84371,8395769,89.980456,93.317833,89.364466,89.364466,-3.493673,42
2023-10-31,22047,2140834,91.488251,92.858139,87.341814,89.548344,0.183878,20
2023-11-01,14401,1405253,89.272528,90.375793,89.364466,90.283854,0.73551,11
2023-11-02,225245,23713045,89.713834,102.052014,89.456405,99.753545,9.469691,116
2023-11-03,101956,10971757,96.793117,100.672933,96.995383,97.455076,-2.298469,63
2023-11-06,43080,4531425,98.93529,97.91477,95.616301,96.995383,-0.459693,28
2023-11-07,84120,8496145,96.710373,97.455076,92.398445,97.455076,0.459693,16
2023-11-08,114252,12275009,92.858139,101.59232,94.23722,101.132627,3.677551,35
2023-11-09,12567,1336873,98.778994,100.213239,96.995383,98.374464,-2.758163,16
2023-11-10,30003,3184320,97.804444,98.374464,96.075995,97.91477,-0.459694,25
2023-11-13,234855,25679106,97.574597,102.511708,96.535689,101.132627,3.217857,63
2023-11-14,264882,29758634,100.525831,108.028033,97.455076,105.26987,4.137243,127
2023-11-15,300289,34620800,103.293187,109.866808,100.213239,107.568339,2.298469,142
2023-11-16,76520,8731053,105.996186,107.568339,103.890789,106.189258,-1.379081,51
2023-11-17,35015,3938686,104.902115,106.189258,102.511708,102.511708,-3.67755,32
2023-11-20,12069,1347400,103.421901,105.26987,102.052014,105.26987,2.758162,16
2023-11-21,28704,3208752,102.640422,105.26987,102.052014,102.971402,-2.298468,28
2023-11-22,44638,4881728,102.77833,103.431095,99.293851,99.753545,-3.217857,35
2023-11-23,32602,3555021,100.544219,102.052014,99.293851,101.59232,1.838775,20
2023-11-24,17053,1859757,100.250015,102.511708,99.753545,99.753545,-1.838775,11
2023-11-27,27800,3028800,100.268402,101.59232,99.293851,100.672933,0.919388,17
2023-11-28,22330,2435335,100.16727,101.59232,98.834158,99.753545,-0.919388,11
2023-11-29,72340,7952995,100.268402,102.971402,99.753545,102.052014,2.298469,45
2023-11-30,49843,5461708,101.077463,102.052014,100.213239,101.132627,-0.919387,27
2023-12-01,46700,5128700,100.746484,103.890789,100.213239,100.672933,-0.459694,19
2023-12-04,13500,1482250,100.967137,101.59232,100.672933,100.672933,0.0,10
2023-12-05,9550,1043950,100.948749,101.132627,100.213239,101.132627,0.459694,9
2023-12-06,45740,5034640,100.498249,102.052014,100.213239,100.672933,-0.459694,16
2023-12-07,36300,3990500,101.196984,102.971402,100.213239,102.971402,2.298469,15
2023-12-08,38550,4222725,101.068269,102.052014,100.672933,102.052014,-0.919388,19
2023-12-11,42014,4599526,100.709708,101.59232,100.213239,100.213239,-1.838775,10
2023-12-12,150357,16703481,100.654545,105.729564,99.753545,102.511708,2.298469,84
2023-12-13,49090,5398355,102.134759,102.511708,100.672933,101.132627,-1.379081,23
2023-12-14,72131,7877350,101.105045,102.511708,99.753545,101.132627,0.0,31
2023-12-15,16805,1821742,100.40631,100.213239,99.293851,99.293851,-1.838776,15
2023-12-18,41540,4464550,99.661606,100.213239,98.374464,99.293851,0.0,20
2023-12-19,21420,2300950,98.81577,99.293851,98.374464,98.834158,-0.459693,18
2023-12-20,4050,433350,98.760607,98.374464,98.374464,98.374464,-0.459694,4
2023-12-21,15100,1629550,98.374464,99.753545,98.834158,98.834158,0.459694,13
2023-12-22,18000,1933000,99.2203,99.293851,98.374464,98.834158,0.0,11
2023-12-25,9550,1020925,98.733025,99.293851,97.91477,98.834158,0.0,8
2023-12-26,6785,730280,98.282525,99.293851,98.834158,99.293851,0.459693,7
2023-12-27,10160,1084940,98.953678,99.293851,97.455076,97.91477,-1.379081,15
2023-12-28,10130,1084440,98.181393,99.293851,97.91477,98.374464,0.459694,6
2023-12-29,13811,1478366,98.420433,99.753545,97.455076,99.293851,0.919387,14
2024-01-02,152679,16646474,98.411239,101.132627,96.995383,100.213239,0.919388,45
2024-01-03,137315,15016592,100.240821,101.132627,97.91477,99.293851,-0.919388,33
2024-01-04,60855,6420413,100.544219,99.753545,95.156608,99.753545,0.459694,54
2024-01-05,198569,21192790,96.995383,101.132627,91.938751,101.132627,1.379082,76
2024-01-08,27037,2911368,98.126229,100.213239,96.535689,99.293851,-1.838776,23
2024-01-09,24810,2618615,98.999647,100.213239,96.075995,100.213239,0.919388,26
2024-01-10,78201,8555309,97.041352,102.052014,97.455076,100.213239,0.0,43
2024-01-11,24862,2637962,100.580994,98.374464,95.616301,98.374464,-1.838775,20
2024-01-12,23361,2435919,97.547015,97.91477,95.156608,97.91477,-0.459694,24
2024-01-15,32890,3415295,95.864536,97.91477,94.696914,97.91477,0.0,25
2024-01-16,12700,1314450,95.469199,97.91477,94.23722,96.075995,-1.838775,10
2024-01-17,7000,730000,95.156608,96.535689,95.156608,95.156608,-0.919387,6
2024-01-18,2,211,95.882924,97.455076,96.995383,97.455076,2.298468,2
2024-01-19,38010,4034065,97.22523,97.91477,96.995383,97.91477,0.459694,22
2024-01-22,8020,840610,97.574597,97.455076,96.075995,97.455076,-0.459694,8
2024-01-23,6054,624670,96.361005,96.535689,94.696914,96.535689,-0.919387,6
2024-01-24,14123,1480420,94.862404,96.995383,95.616301,96.995383,0.459694,12
2024-01-25,7511,781655,96.370199,96.995383,95.156608,96.995383,0.0,7
2024-01-26,9152,954910,95.680659,96.995383,94.696914,96.535689,-0.459694,9
2024-01-29,15794,1623625,95.928893,96.535689,94.23722,96.535689,0.0,17
2024-01-30,2010,206050,94.513036,96.535689,94.23722,96.535689,0.0,3
2024-01-31,7206,750381,94.246414,96.535689,94.23722,96.075995,-0.459694,8
2024-02-01,2300,240400,95.735822,97.455076,95.616301,96.535689,0.459694,4
2024-02-02,49263,5199668,96.094383,97.455076,96.075995,96.995383,0.459694,30
2024-02-05,24157,2563145,97.041352,97.91477,96.995383,97.455076,0.459693,16
2024-02-15,93681,9946620,97.547015,99.293851,96.075995,96.995383,-0.459693,75
2024-02-16,54755,5775120,97.620566,97.91477,96.075995,96.995383,0.0,44
2024-02-19,28400,2967400,96.967801,97.455076,95.156608,95.616301,-1.379082,20
2024-02-20,22532,2367116,96.066801,97.455076,96.075995,96.995383,1.379082,17
2024-02-21,12306,1297337,96.590852,97.91477,96.535689,96.995383,0.0,15
2024-02-22,19445,2047852,96.921832,97.455076,96.535689,97.455076,0.459693,19
2024-02-23,103102,10955315,96.829893,99.293851,96.075995,97.455076,0.0,57
2024-02-26,94136,9865894,97.694117,97.91477,95.156608,96.075995,-1.379081,70
2024-02-27,59810,6261830,96.351811,96.995383,95.156608,96.535689,0.459694,38
2024-02-29,44143,4655729,96.259873,99.293851,95.616301,97.91477,1.379081,45
2024-03-01,17402,1831082,96.967801,97.91477,96.075995,96.995383,-0.919387,18
2024-03-04,20136,2129954,96.737954,97.91477,96.535689,97.91477,0.919387,29
2024-03-05,216849,23472993,97.252811,102.971402,96.535689,100.672933,2.758163,148
2024-03-06,81123,8639108,99.523698,101.132627,96.535689,98.374464,-2.298469,71
2024-03-07,45225,4782178,97.905576,98.834158,96.075995,98.834158,0.459694,35
2024-03-08,23411,2503493,97.216036,99.293851,96.535689,99.293851,0.459693,24
2024-03-11,37750,4055500,98.319301,100.213239,96.995383,99.293851,0.0,25
2024-03-12,27250,2907725,98.769801,98.834158,96.995383,97.91477,-1.379081,22
2024-03-13,8348,882910,98.107842,98.834158,96.995383,96.995383,-0.919387,13
2024-03-14,56299,5892914,97.234423,97.91477,95.156608,96.995383,0.0,36
2024-03-15,33510,3534485,96.232291,97.91477,95.156608,97.455076,0.459693,23
2024-03-18,36223,3755713,96.976995,96.995383,94.23722,95.616301,-1.838775,26
2024-03-19,21182,2179806,95.322097,95.616301,93.777526,94.23722,-1.379081,20
2024-03-20,1122,114488,94.614169,95.616301,93.777526,93.777526,-0.459694,3
2024-03-21,6659,682000,93.814302,95.156608,93.317833,95.156608,1.379082,9
2024-03-22,17456,1801956,94.163669,96.075995,94.23722,95.156608,0.0,48
2024-03-25,46544,4778201,94.908373,95.156608,93.777526,94.23722,-0.919388,51
2024-03-26,151739,15126246,94.384322,95.156608,90.099976,91.479058,-2.758162,93
2024-03-27,98523,9871734,91.653741,93.317833,91.479058,91.938751,0.459693,37
2024-03-28,31589,3150018,92.122629,93.317833,91.111303,93.317833,1.379082,26
2024-03-29,55021,5478778,91.681323,92.398445,91.019364,91.938751,-1.379082,43
2024-04-01,32856,3352861,91.552609,95.156608,92.398445,95.156608,3.217857,28
2024-04-02,15730,1635150,93.823496,96.995383,95.156608,96.535689,1.379081,13
2024-04-03,14989,1564667,95.570332,96.535689,95.156608,95.616301,-0.919388,22
2024-04-08,39946,4213068,95.974863,98.374464,96.075995,98.374464,2.758163,41
2024-04-09,168769,18125039,96.967801,100.213239,96.995383,98.374464,0.0,88
2024-04-10,16551,1743907,98.742219,98.834158,96.535689,98.834158,0.459694,16
2024-04-11,91911,9858324,96.875862,100.672933,96.535689,98.834158,0.0,58
2024-04-12,87135,9285297,98.613505,100.672933,96.535689,98.374464,-0.459694,39
2024-04-15,10256,1092248,97.969933,98.834158,96.535689,96.995383,-1.379081,12
2024-04-16,67000,7039908,97.91477,97.91477,96.075995,96.075995,-0.919388,45
2024-04-17,16401,1730256,96.600046,97.91477,96.075995,96.535689,0.459694,17
2024-04-18,7203,764621,96.995383,98.834158,96.995383,97.91477,1.379081,11
2024-04-19,65211,6778275,97.592985,98.374464,94.23722,96.535689,-1.379081,27
2024-04-22,26312,2749464,95.561138,97.91477,94.696914,97.91477,1.379081,17
2024-04-23,14908,1574401,96.066801,97.91477,94.696914,97.455076,-0.459694,22
2024-04-24,12072,1266832,97.096515,97.91477,94.696914,97.455076,0.0,12
2024-04-25,69485,7306871,96.480526,97.91477,96.075995,97.455076,0.0,48
2024-04-26,49949,5230725,96.682791,97.91477,95.616301,97.455076,0.0,38
2024-04-29,45072,4773710,96.27826,98.834158,96.075995,97.91477,0.459694,43
2024-04-30,21347,2239376,97.372332,97.91477,95.616301,97.455076,-0.459694,19
2024-05-02,18280,1931760,96.44375,97.91477,96.075995,97.91477,0.459694,23
2024-05-03,56895,6051464,97.160872,98.834158,96.995383,96.995383,-0.919387,49
2024-05-06,32315,3420404,97.786056,98.374464,96.535689,96.995383,0.0,19
2024-05-07,35673,3743888,97.317168,97.91477,95.616301,96.995383,0.0,30
2024-05-08,55587,5792476,96.48972,96.995383,95.156608,95.616301,-1.379082,30
2024-05-09,18646,1931769,95.809373,96.995383,94.696914,94.696914,-0.919387,27
2024-05-10,34044,3502264,95.248546,96.535689,93.317833,96.535689,1.838775,29
2024-05-13,47698,4982840,94.577394,96.995383,95.156608,96.995383,0.459694,32
2024-05-14,9527,988748,96.048414,96.995383,95.156608,95.156608,-1.838775,15
2024-05-15,28612,2945954,95.414036,96.535689,93.777526,95.156608,0.0,40
2024-05-16,10743,1110928,94.660138,96.075995,93.777526,95.616301,0.459693,18
2024-05-17,16586,1716299,95.073863,96.535689,94.23722,94.696914,-0.919387,16
2024-05-20,16369,1696310,95.13822,96.075995,94.696914,95.156608,0.459694,19
2024-05-21,59494,6100561,95.276128,95.156608,93.317833,94.23722,-0.919388,31
2024-05-22,37275,3806909,94.273996,94.696914,92.858139,94.696914,0.459694,25
2024-05-23,34214,3479811,93.897047,94.23722,92.858139,93.777526,-0.919388,30
2024-05-24,114319,11462352,93.510904,93.777526,91.019364,92.858139,-0.919387,89
2024-05-27,13312,1344786,92.186986,93.777526,91.754874,93.777526,0.919387,19
2024-05-28,18274,1836466,92.876527,93.777526,91.754874,92.858139,-0.919387,17
2024-05-29,18320,1848699,92.398445,93.777526,91.938751,93.317833,0.459694,17
2024-05-30,41318,4139793,92.775394,93.317833,91.479058,93.317833,0.0,35
2024-05-31,20155,2050802,92.113435,94.23722,92.398445,93.777526,0.459693,16
2024-06-03,62770,6310581,93.54768,94.696914,91.570996,91.938751,-1.838775,40
2024-06-04,26209,2641703,92.426027,93.317833,91.479058,92.858139,0.919388,22
2024-06-05,13389,1347189,92.665068,93.317833,91.938751,92.398445,-0.459694,14
2024-06-06,14061,1410415,92.508772,93.317833,91.570996,93.317833,0.919388,16
2024-06-07,8363,837176,92.223762,93.777526,91.479058,91.938751,-1.379082,16
2024-06-11,85069,8644672,92.03069,96.075995,91.938751,92.858139,0.919388,56
2024-06-12,87284,8906183,93.428159,95.156608,92.858139,92.858139,0.0,55
2024-06-13,92220,9413086,93.814302,95.156608,92.398445,93.777526,0.919387,60
2024-06-14,16474,1680522,93.841884,95.156608,92.858139,92.858139,-0.919387,19
2024-06-17,29793,3018306,93.78672,94.23722,92.398445,93.777526,0.919387,27
2024-06-18,38030,3843515,93.143149,93.777526,92.398445,92.398445,-1.379081,20
2024-06-19,107773,10865798,92.922496,93.777526,91.938751,92.858139,0.459694,48
2024-06-20,35073,3566943,92.692649,95.156608,91.938751,95.156608,2.298469,26
2024-06-21,65383,6808551,93.50171,97.455076,93.777526,95.616301,0.459693,48
2024-06-24,28467,2978110,95.735822,97.91477,95.616301,95.616301,0.0,25
2024-06-25,61419,6491124,96.186322,98.374464,95.616301,96.995383,1.379082,44
2024-06-26,105488,11518983,97.170066,102.971402,97.455076,101.132627,4.137244,82
2024-06-27,146102,16574482,100.397117,107.568339,100.672933,103.431095,2.298468,102
2024-06-28,88530,10022655,104.29532,104.810177,102.971402,102.971402,-0.459693,85
2024-07-01,62423,6942512,104.08386,103.890789,101.132627,101.59232,-1.379082,44
2024-07-02,47810,5297520,102.254279,102.971402,99.753545,102.511708,0.919388,67
2024-07-03,47081,5208821,101.868137,102.511708,100.672933,101.59232,-0.919388,60
2024-07-04,25400,2789050,101.721035,101.59232,100.672933,101.59232,0.0,18
2024-07-05,55785,6022802,100.957943,101.132627,97.455076,99.293851,-2.298469,42
2024-07-08,52649,5640947,99.257076,99.293851,96.995383,98.374464,-0.919387,42
2024-07-09,33801,3618350,98.503178,99.293851,96.995383,98.834158,0.459694,27
2024-07-10,11064,1183880,98.420433,98.834158,97.455076,97.455076,-1.379082,11
2024-07-11,22124,2365730,98.374464,98.834158,97.455076,98.834158,1.379082,18
2024-07-12,62510,6698255,98.310107,99.293851,96.995383,96.995383,-1.838775,29
2024-07-15,32609,3456841,98.512372,98.834158,96.535689,97.91477,0.919387,29
2024-07-16,74277,7961768,97.46427,99.753545,96.995383,98.834158,0.919388,85
2024-07-17,25313,2707432,98.549148,99.293851,96.995383,98.834158,0.0,21
2024-07-18,38505,4087040,98.337688,98.834158,96.535689,98.374464,-0.459694,26
2024-07-19,87002,9120392,97.583791,98.374464,93.777526,96.075995,-2.298469,141
2024-07-22,126607,12713357,96.379393,96.075995,90.55967,91.938751,-4.137244,149
2024-07-23,55472,5571293,92.324894,92.858139,91.387119,92.398445,0.459694,28
2024-07-26,55410,5601100,92.334088,93.777526,91.938751,93.317833,0.919388,28
2024-07-29,9670,978242,92.93169,93.317833,91.754874,93.317833,0.0,11
2024-07-30,13130,1325599,93.005241,93.777526,91.938751,92.858139,-0.459694,15
2024-07-31,20200,2034200,92.821363,93.317833,91.938751,91.938751,-0.919388,12
2024-08-01,28728,2911300,92.582323,93.777526,91.938751,93.777526,1.838775,19
2024-08-02,43417,4355567,93.170731,93.317833,91.938751,92.398445,-1.379081,36
2024-08-05,110544,10754540,92.232955,91.479058,87.433753,90.008038,-2.390407,74
2024-08-06,36189,3503407,89.447211,91.019364,87.61763,91.019364,1.011326,22
2024-08-07,11423,1135550,89.005905,92.398445,91.019364,92.398445,1.379081,9
2024-08-08,5206,533615,91.396313,94.23722,94.23722,94.23722,1.838775,5
2024-08-09,18374,1845039,94.23722,94.23722,91.570996,91.938751,-2.298469,13
2024-08-12,68834,6949134,92.324894,93.777526,91.111303,92.398445,0.459694,47
2024-08-13,9600,969250,92.81217,93.317833,91.938751,93.317833,0.919388,7
2024-08-14,14770,1497940,92.821363,93.777526,92.858139,93.777526,0.459693,16
2024-08-15,20868,2124602,93.244282,95.616301,92.858139,95.616301,1.838775,32
2024-08-16,43185,4464830,93.602843,96.075995,92.858139,94.696914,-0.919387,34
2024-08-19,15654,1620541,95.055475,96.535689,94.23722,94.23722,-0.459694,16
2024-08-20,25010,2586525,95.174995,96.075995,94.23722,96.075995,1.838775,18
2024-08-21,124872,13180942,95.083057,99.753545,94.23722,97.455076,1.379081,97
2024-08-22,106195,11371419,97.050546,100.672933,97.455076,97.455076,0.0,82
2024-08-23,47471,4997332,98.448015,98.374464,96.075995,96.535689,-0.919387,39
2024-08-26,149031,16041129,96.783924,100.672933,96.075995,99.293851,2.758162,69
2024-08-27,56427,6013313,98.962872,99.293851,96.535689,99.293851,0.0,37
2024-08-28,51034,5425162,97.979127,99.293851,96.535689,99.293851,0.0,28
2024-08-29,47369,4994164,97.730893,99.293851,96.535689,96.535689,-2.758162,32
2024-08-30,141765,14736495,96.931026,97.455076,94.23722,95.156608,-1.379081,105
2024-09-02,33915,3522670,95.570332,96.535689,94.696914,94.696914,-0.459694,28
2024-09-03,96689,10062320,95.496781,96.995383,94.696914,96.075995,1.379081,50
2024-09-04,36434,3752670,95.680659,96.995383,94.23722,94.696914,-1.379081,34
2024-09-05,29176,3016777,94.696914,96.535689,94.23722,96.535689,1.838775,24
2024-09-06,148046,15201335,95.064669,96.535689,92.858139,92.858139,-3.67755,83
2024-09-09,78176,7868721,94.40271,93.777526,91.938751,91.938751,-0.919388,52
2024-09-10,154795,15587336,92.536353,93.317833,91.570996,91.938751,0.0,74
2024-09-11,43968,4413526,92.582323,93.777526,91.662935,91.938751,0.0,37
2024-09-12,117285,11953887,92.288119,96.995383,91.938751,96.075995,4.137244,77
2024-09-13,48610,4991490,93.703975,95.616301,92.858139,94.696914,-1.379081,30
2024-09-16,80900,8242475,94.40271,95.156608,92.858139,93.777526,-0.919388,49
2024-09-18,76511,7802974,93.6672,94.696914,92.398445,94.23722,0.459694,55
2024-09-19,29897,3034741,93.768333,94.23722,92.398445,92.398445,-1.838775,31
2024-09-20,60176,6144116,93.327027,94.696914,92.858139,94.696914,2.298469,44
2024-09-23,133791,13714604,93.869465,95.616301,93.317833,95.156608,0.459694,94
2024-09-24,190825,19830477,94.246414,96.535689,92.858139,96.075995,0.919387,172
2024-09-25,2300891,211828161,89.640283,89.640283,81.917427,83.94008,-12.135915,1857
2024-09-26,821287,73932552,83.94008,84.215896,81.917427,82.193244,-1.746836,789
2024-09-27,402037,36224458,82.652937,83.572325,82.560999,82.652937,0.459693,412
2024-09-30,618391,56268061,83.020692,84.491713,82.928754,83.480386,0.827449,540
2024-10-01,332558,30163353,83.296509,84.123958,82.928754,83.020692,-0.459694,308
2024-10-04,327579,29383170,83.020692,83.020692,82.101305,82.285182,-0.73551,320
2024-10-07,231555,20821817,82.285182,82.928754,82.285182,82.652937,0.367755,215
2024-10-08,124983,11203973,82.652937,82.744876,82.101305,82.285182,-0.367755,135
2024-10-09,167639,14985279,82.652937,82.928754,81.641611,82.101305,-0.183877,143
2024-10-11,237576,21173845,82.101305,82.285182,81.365795,81.365795,-0.73551,196
2024-10-14,336029,29386491,81.365795,81.365795,79.802836,80.170591,-1.195204,322
2024-10-15,308683,26555878,79.986714,79.986714,78.607632,79.52702,-0.643571,305
2024-10-16,100108,8601641,78.883449,79.159265,78.79151,79.067326,-0.459694,150
2024-10-17,114086,9893720,79.067326,80.26253,79.067326,80.078652,1.011326,135
2024-10-18,127497,11064645,79.986714,80.078652,79.251204,79.986714,-0.091938,114
2024-10-21,87984,7650079,80.078652,80.078652,79.618959,79.986714,0.0,85
2024-10-22,66558,5777474,78.79151,79.986714,78.79151,79.618959,-0.367755,81
2024-10-23,99262,8685288,79.618959,80.906101,79.618959,80.814162,1.195203,99
2024-10-24,404420,36289216,80.906101,83.664264,80.814162,82.285182,1.47102,259
2024-10-25,225750,20224771,82.928754,82.928754,81.181917,82.744876,0.459694,189
2024-10-28,1192154,113452501,85.962733,89.272528,85.686916,87.341814,4.596938,832
2024-10-29,398726,36720308,86.88212,86.88212,83.94008,84.307835,-3.033979,705
2024-10-30,125916,11578329,84.215896,85.319161,83.756203,83.848141,-0.459694,136
2024-11-01,234172,21488704,83.20457,85.870794,81.825489,85.870794,2.022653,229
2024-11-04,157465,14525069,85.778855,85.778855,83.664264,84.032019,-1.838775,130
2024-11-05,72021,6558816,84.951406,84.951406,82.836815,83.572325,-0.459694,89
2024-11-06,71471,6480810,83.296509,83.756203,82.928754,83.296509,-0.275816,72
2024-11-07,107130,9683877,83.296509,83.664264,82.744876,82.836815,-0.459694,116
2024-11-08,168235,15053843,82.836815,83.572325,81.365795,81.825489,-1.011326,177
2024-11-11,101115,9090354,81.825489,83.20457,81.825489,83.112631,1.287142,82
2024-11-12,194755,17152112,81.825489,81.825489,80.538346,80.906101,-2.20653,179
2024-11-13,196137,17002121,80.906101,80.906101,78.699571,79.618959,-1.287142,178
2024-11-14,91342,8002539,82.377121,82.377121,79.802836,80.630285,1.011326,85
2024-11-15,64244,5646972,79.343142,81.273856,79.343142,81.181917,0.551632,52
2024-11-18,70641,6179393,80.446407,80.906101,80.26253,80.354469,-0.827448,72
2024-11-19,37010,3239475,80.354469,80.906101,79.986714,80.446407,0.091938,34
2024-11-20,113310,9830796,80.446407,80.446407,79.343142,79.802836,-0.643571,92
2024-11-21,83075,7135426,79.618959,79.618959,78.607632,78.883449,-0.919387,85
2024-11-22,59465,5121376,81.365795,81.365795,78.699571,78.883449,0.0,66
2024-11-25,87460,7573971,81.089979,81.089979,79.251204,79.52702,0.643571,60
2024-11-26,47216,4063530,79.067326,79.52702,78.883449,79.159265,-0.367755,54
2024-11-27,39948,3431883,79.159265,79.435081,78.79151,78.883449,-0.275816,50
2024-11-28,30336,2595545,78.79151,79.067326,78.515694,78.607632,-0.275817,39
2024-11-29,48833,4191949,78.607632,79.435081,78.331816,79.435081,0.827449,58
2024-12-02,55698,4799379,79.435081,79.52702,78.883449,78.975387,-0.459694,76
2024-12-03,138245,11861474,79.986714,79.986714,78.607632,79.52702,0.551633,95
2024-12-04,61259,5283780,79.52702,79.710897,78.975387,79.435081,-0.091939,50
2024-12-05,209538,18259859,79.067326,81.365795,79.067326,80.538346,1.103265,155
2024-12-06,110418,9695717,80.538346,81.365795,79.986714,81.089979,0.551633,150
2024-12-09,32770,2877277,80.99804,80.99804,80.170591,80.722224,-0.367755,53
2024-12-10,43722,3800272,80.722224,80.722224,79.52702,79.52702,-1.195204,51
2024-12-11,180653,15382045,79.067326,79.067326,77.228551,77.688245,-1.838775,179
2024-12-12,28961,2462940,77.228551,78.975387,77.228551,78.607632,0.919387,40
2024-12-13,64273,5413622,78.607632,78.699571,76.58498,78.607632,0.0,74
2024-12-16,125650,10488576,77.780184,77.780184,76.033347,76.217225,-2.390407,151
2024-12-17,94130,7716282,75.84947,75.84947,75.022021,75.389776,-0.827449,88
2024-12-18,102234,8304135,75.205899,75.205899,74.37845,75.11396,-0.275816,95
2024-12-19,66730,5398192,74.470389,75.205899,74.102634,74.930082,-0.183878,117
2024-12-20,103372,8301463,76.217225,76.217225,73.367124,73.551001,-1.379081,233
2024-12-23,63330,5081297,73.918756,74.286511,73.367124,74.010695,0.459694,63
2024-12-24,68786,5543079,75.205899,75.205899,73.367124,74.010695,0.0,76
2024-12-25,37370,2990987,73.826817,74.102634,73.367124,73.551001,-0.459694,42
2024-12-26,21948,1761521,73.734879,73.918756,73.551001,73.918756,0.367755,38
2024-12-27,68158,5474946,73.551001,74.286511,73.551001,74.286511,0.367755,50
2024-12-30,33080,2670243,74.470389,74.654266,74.010695,74.010695,-0.275816,22
2024-12-31,22187,1779104,73.734879,74.010695,73.64294,73.734879,-0.275816,24
2025-01-02,87454,7002251,74.37845,74.37845,73.183246,73.734879,0.0,74
2025-01-03,37171,2961171,73.459062,73.734879,73.091307,73.734879,0.0,78
2025-01-06,62062,4955209,74.010695,74.010695,72.999369,73.459062,-0.275817,68
2025-01-07,78032,6193995,73.091307,73.551001,72.631614,73.459062,0.0,88
2025-01-08,3859,307883,73.551001,73.551001,73.367124,73.367124,-0.091938,31
2025-01-09,48694,3852830,73.367124,73.367124,71.988042,72.631614,-0.73551,57
2025-01-10,131922,10299633,73.459062,73.459062,70.333145,73.091307,0.459693,125
2025-01-13,46416,3584875,72.447736,72.447736,70.425084,71.804165,-1.287142,82
2025-01-14,106572,8176390,71.160594,71.160594,69.873451,71.068655,-0.73551,109
2025-01-15,25069,1918295,69.873451,70.792839,69.873451,70.333145,-0.73551,36
2025-01-16,41560,3167158,70.057329,70.333145,69.689574,70.333145,0.0,55
2025-01-17,36960,2818976,69.96539,70.792839,69.873451,70.149267,-0.183878,52
2025-01-20,134224,10088011,70.057329,70.057329,68.126615,68.954064,-1.195203,150
2025-01-21,145268,10825798,68.49437,69.873451,67.75886,69.413757,0.459693,113
2025-01-22,76865,5880935,69.781512,70.792839,69.413757,70.241206,0.827449,80
2025-02-03,77413,5789382,69.873451,70.241206,67.75886,68.954064,-1.287142,72
2025-02-04,39379,2953952,68.954064,69.046002,68.678247,68.862125,-0.091939,38
2025-02-05,73746,5639981,69.22988,71.252532,69.22988,70.517022,1.654897,64
2025-02-06,93665,7080055,70.333145,70.517022,68.034676,70.425084,-0.091938,112
2025-02-07,208275,16258945,70.608961,72.815491,70.241206,72.355797,1.930713,127
2025-02-10,274836,21756079,72.355797,74.286511,72.079981,74.102634,1.746837,155
2025-02-11,68565,5447233,73.367124,73.459062,72.631614,73.367124,-0.73551,221
2025-02-12,53425,4267836,73.551001,73.826817,73.183246,73.183246,-0.183878,46
2025-02-13,31093,2489740,74.37845,74.37845,73.367124,73.64294,0.459694,27
2025-02-14,35031,2798678,73.551001,73.64294,73.183246,73.64294,0.0,37
2025-02-17,52400,4187847,73.64294,74.010695,73.183246,73.367124,-0.275816,59
2025-02-18,51333,4089578,73.275185,73.551001,73.091307,73.459062,0.091938,62
2025-02-19,60013,4789785,73.459062,74.286511,73.183246,73.367124,-0.091938,104
2025-02-20,62223,4952251,73.64294,73.64294,73.091307,73.091307,-0.275817,69
2025-02-21,46055,3660800,73.183246,73.183246,72.999369,73.091307,0.0,40
2025-02-24,39000,3089400,73.091307,73.091307,72.631614,72.999369,-0.091938,35
2025-02-25,56551,4446126,72.447736,72.723552,72.079981,72.079981,-0.919388,75
2025-02-26,63936,5006991,72.079981,72.90743,71.620287,72.447736,0.367755,70
2025-02-27,32513,2532830,71.896104,71.896104,71.344471,71.344471,-1.103265,40
2025-03-03,16702,1292384,70.792839,72.631614,70.425084,70.976716,-0.367755,42
2025-03-04,27641,2132119,70.792839,71.252532,70.517022,71.252532,0.275816,61
2025-03-05,18163,1409208,70.976716,71.712226,70.976716,71.43641,0.183878,24
2025-03-06,15938,1244180,71.344471,72.631614,71.344471,72.447736,1.011326,26
2025-03-07,64458,4922055,72.079981,72.079981,67.666921,70.608961,-1.838775,68
2025-03-10,38349,2997230,71.528349,72.631614,71.528349,72.263859,1.654898,39
2025-03-11,12458,957419,69.505696,71.804165,69.505696,71.620287,-0.643572,26
2025-03-12,65504,5150272,71.712226,73.367124,71.620287,71.712226,0.091939,48
2025-03-13,25057,1952375,72.17192,72.631614,70.884777,71.620287,-0.091939,31
2025-03-14,22298,1726009,70.884777,72.079981,70.884777,71.988042,0.367755,24
2025-03-17,18576,1442054,71.988042,71.988042,70.884777,71.896104,-0.091938,61
2025-03-18,21908,1697897,71.712226,71.712226,70.976716,71.43641,-0.459694,45
2025-03-19,27200,2121200,71.712226,71.988042,71.43641,71.988042,0.551632,23
2025-03-20,42800,3360322,71.988042,72.539675,71.988042,72.17192,0.183878,62
2025-03-21,22312,1753630,72.17192,72.447736,72.079981,72.447736,0.275816,35
2025-03-24,25238,1983130,72.263859,72.539675,72.17192,72.539675,0.091939,52
2025-03-25,39010,3090597,72.631614,73.275185,72.631614,72.90743,0.367755,73
2025-03-26,30159,2391672,72.90743,73.367124,72.723552,73.367124,0.459694,36
2025-03-27,142208,11333695,73.183246,73.551001,72.355797,73.367124,0.0,88
2025-03-28,95495,7582402,72.079981,73.367124,72.079981,73.275185,-0.091939,61
2025-03-31,79899,6237215,73.183246,73.551001,70.884777,72.17192,-1.103265,157
2025-04-01,34266,2671554,71.620287,72.17192,71.252532,71.620287,-0.551633,50
2025-04-02,25392,1974333,72.631614,72.631614,71.252532,71.43641,-0.183877,39
2025-04-07,170706,11949780,64.357126,64.357126,64.357126,64.357126,-7.079284,184
2025-04-08,126490,8576959,62.518351,66.195901,60.219882,62.058657,-2.298469,147
2025-04-09,263258,16791149,62.518351,62.518351,56.266516,58.564985,-3.493672,245
2025-04-10,124325,8595146,63.437738,64.357126,62.518351,64.173248,5.608263,195
2025-04-11,139685,9685967,60.955392,65.184575,60.955392,65.000697,0.827449,137
2025-04-14,160663,11401061,66.563656,67.115289,64.173248,64.81682,-0.183877,183
2025-04-15,86476,6158789,66.103962,68.034676,63.161922,68.034676,3.217856,59
2025-04-16,31097,2248154,66.195901,67.299166,66.103962,66.103962,-1.930714,33
2025-04-17,17187,1229942,66.103962,66.563656,65.276513,65.920085,-0.183877,24
2025-04-18,44345,3156794,65.276513,66.931411,64.724881,66.012023,0.091938,59
2025-04-21,83250,5918163,64.81682,66.012023,64.81682,65.920085,-0.091938,59
2025-04-22,107192,7652574,66.655595,66.655595,65.092636,65.736207,-0.183878,84
2025-04-23,38000,2747300,66.195901,68.034676,65.736207,67.574982,1.838775,28
2025-04-24,81036,5846992,67.207227,67.299166,65.644268,66.655595,-0.919387,58
2025-04-25,58161,4212339,67.02335,67.02335,66.195901,66.839472,0.183877,52
2025-04-28,55359,4087854,66.931411,68.954064,66.28784,68.402431,1.562959,58
2025-04-29,36249,2670612,67.483044,68.954064,67.207227,68.402431,0.0,34
2025-04-30,35101,2590374,68.310492,68.49437,67.666921,67.75886,-0.643571,37
2025-05-02,31426,2313553,67.75886,68.310492,67.207227,68.310492,0.551632,35
2025-05-05,74228,5469090,68.310492,68.678247,66.839472,68.678247,0.367755,68
2025-05-06,32270,2397603,68.678247,68.678247,67.850799,68.218554,-0.459693,76
2025-05-07,60522,4518530,68.770186,69.321819,67.850799,69.046002,0.827448,84
2025-05-08,57288,4342646,69.046002,70.608961,69.046002,70.333145,1.287143,47
2025-05-09,22318,1705906,70.333145,70.792839,69.597635,70.792839,0.459694,30
2025-05-12,12335,952495,70.792839,71.252532,70.333145,71.160594,0.367755,17
2025-05-13,55023,4206406,71.528349,71.528349,69.689574,70.608961,-0.551633,84
2025-05-14,71470,5431028,70.608961,70.608961,69.597635,69.873451,-0.73551,152
2025-05-15,33510,2527360,69.873451,70.608961,68.586309,68.586309,-1.287142,31
2025-05-16,19888,1484332,68.49437,69.046002,68.218554,68.862125,0.275816,26
2025-05-19,15668,1162764,68.310492,68.862125,67.850799,68.862125,0.0,30
2025-05-20,7580,573522,69.137941,69.873451,68.862125,69.873451,1.011326,17
2025-05-21,17114,1302180,69.873451,69.873451,69.137941,69.873451,0.0,27
2025-05-22,28032,2111134,69.046002,69.781512,68.954064,68.954064,-0.919387,24
2025-05-23,18358,1375850,69.046002,69.505696,68.678247,68.954064,0.0,26
2025-05-26,13110,987935,68.586309,69.781512,68.586309,69.413757,0.459693,18
2025-05-27,13057,983086,68.586309,69.413757,68.586309,69.321819,-0.091938,18
2025-05-28,9400,704105,68.310492,69.137941,68.310492,69.137941,-0.183878,19
2025-05-29,25321,1903863,69.22988,69.96539,68.586309,69.137941,0.0,28
2025-06-02,39085,2863173,68.218554,68.49437,66.379778,67.115289,-2.022652,42
2025-06-03,43324,3154217,67.115289,68.402431,66.195901,67.391105,0.275816,74
2025-06-04,11304,833130,66.012023,68.954064,66.012023,67.850799,0.459694,38
2025-06-05,11030,813315,67.850799,67.850799,67.75886,67.75886,-0.091939,13
2025-06-06,24010,1785650,68.678247,68.770186,67.850799,68.126615,0.367755,22
2025-06-09,25000,1838600,67.391105,68.402431,67.207227,68.402431,0.275816,18
2025-06-10,18000,1346200,69.22988,69.22988,68.034676,69.137941,0.73551,17
2025-06-11,14276,1056913,67.02335,68.954064,67.02335,67.942737,-1.195204,23
2025-06-12,24999,1838325,67.574982,68.49437,67.299166,68.034676,0.091939,32
2025-06-13,18325,1350840,67.483044,68.034676,67.483044,68.034676,0.0,15
2025-06-16,23197,1710379,67.299166,68.034676,67.02335,67.942737,-0.091939,26
2025-06-17,27172,1988224,67.75886,67.942737,66.747534,67.391105,-0.551632,25
2025-06-18,59902,4448454,66.563656,70.608961,66.195901,69.781512,2.390407,69
2025-06-19,20221,1486419,68.586309,69.046002,67.02335,67.207227,-2.574285,43
2025-06-20,248690,19596818,67.207227,73.918756,66.195901,72.999369,5.792142,207
2025-06-23,575552,46725835,72.999369,78.147939,70.608961,76.401102,3.401733,518
2025-06-24,222513,18313660,76.401102,76.860796,74.37845,74.37845,-2.022652,242
2025-06-25,99084,8010962,74.470389,75.297837,73.64294,74.194572,-0.183878,118
2025-06-26,98312,7925544,74.194572,75.205899,73.734879,73.734879,-0.459693,77
2025-06-27,65340,5237728,73.734879,74.010695,73.551001,73.64294,-0.091939,48
2025-06-30,329808,26845564,74.562327,76.309164,73.826817,74.010695,0.367755,285
2025-07-01,1541695,134009528,75.205899,81.365795,74.286511,81.365795,7.3551,765
2025-07-02,2297009,211529506,81.365795,87.341814,81.365795,83.664264,2.298469,2401
2025-07-03,427701,39079701,84.123958,85.227223,83.020692,83.94008,0.275816,366
2025-07-04,503337,43835650,83.94008,83.94008,78.515694,79.435081,-4.504999,1578
2025-07-07,80682,6957216,79.802836,80.446407,78.147939,79.343142,-0.091939,283
2025-07-08,282035,25143395,78.607632,84.399774,78.607632,81.641611,2.298469,289
2025-07-09,315222,28430647,81.641611,84.123958,80.906101,82.009366,0.367755,240
2025-07-10,124790,11096268,82.101305,82.377121,81.273856,81.641611,-0.367755,115
2025-07-11,159528,14172155,81.917427,82.377121,80.906101,81.549672,-0.091939,549
2025-07-14,358477,32522749,81.73355,84.583651,81.73355,82.928754,1.379082,497
2025-07-15,119842,10802286,83.664264,83.664264,82.560999,82.560999,-0.367755,78
2025-07-16,214067,18877168,82.193244,82.285182,80.078652,80.354469,-2.20653,788
2025-07-17,71531,6197224,80.078652,80.538346,78.79151,80.078652,-0.275817,150
2025-07-18,645343,57671070,80.26253,83.20457,80.26253,83.20457,3.125918,260
2025-07-21,410377,35767572,84.185937,85.725337,82.838962,83.1276,-0.07697,805
2025-07-22,110937,9598509,83.51245,84.667,82.3579,82.74275,-0.38485,243
2025-07-23,87000,7516500,83.1276,83.8973,82.646537,83.416237,0.673487,67
2025-07-24,197805,17442378,83.704875,85.629125,83.51245,85.340487,1.92425,135
2025-07-25,384496,34682786,86.9761,87.938225,85.244275,86.59125,1.250763,468
2025-07-28,2688993,262603514,87.072312,95.250375,87.072312,94.192037,7.600787,4105
2025-07-29,1911428,194699473,92.941275,103.428437,92.364,103.428437,9.2364,1336
2025-07-30,7741446,861875853,113.53075,113.53075,98.13675,98.13675,-5.291687,8638
2025-07-31,2098470,215108095,99.579937,101.98525,95.346587,100.061,1.92425,1858
2025-08-01,1451416,143397851,97.655687,98.617812,91.882937,93.037487,-7.023513,1810
2025-08-04,887032,87051937,91.882937,96.693562,91.882937,94.480675,1.443188,1352
2025-08-05,872358,87022701,98.13675,98.13675,94.095825,95.82765,1.346975,1125
2025-08-06,1096272,103029274,96.116287,96.116287,87.553375,89.381412,-6.446238,1121
2025-08-07,488413,45808834,89.958687,91.690512,88.996562,89.573837,0.192425,472
2025-08-08,306894,28705204,90.247325,90.8246,88.804137,90.728387,1.15455,435
2025-08-11,357133,33736820,90.920812,92.171575,89.67005,89.958687,-0.7697,353
2025-08-12,260226,24525899,89.477625,91.882937,89.477625,89.958687,0.0,255
2025-08-13,351739,33132818,91.401875,92.364,89.188987,91.498087,1.5394,293
2025-08-14,434420,42027944,91.5943,93.999612,91.498087,92.267787,0.7697,420
2025-08-15,234535,22080288,92.460212,92.460212,90.0549,90.151112,-2.116675,332
2025-08-18,401980,37565555,90.920812,91.97915,88.5155,90.0549,-0.096212,430
2025-08-19,561002,52593684,90.43975,93.037487,88.611712,90.43975,0.38485,291
2025-08-20,252498,23560970,89.958687,91.305662,88.5155,90.43975,0.0,288
2025-08-21,1332831,133212889,91.401875,99.098875,90.920812,99.098875,8.659125,921
2025-08-22,1869143,195576375,99.098875,103.9095,96.2125,100.061,0.962125,1640
2025-08-25,662886,69509845,101.023125,103.9095,98.13675,98.617812,-1.443188,1025
2025-08-26,303226,31193765,98.617812,100.542062,97.655687,98.13675,-0.481062,532
2025-08-27,604826,60295004,98.617812,99.098875,94.769312,94.961737,-3.175013,971
2025-08-28,1988305,211779684,95.05795,104.390562,95.05795,102.947375,7.985638,2487
2025-08-29,1991116,216516972,106.795875,109.201187,100.542062,101.023125,-1.92425,1538
2025-09-01,1590742,173803685,100.061,109.68225,99.579937,101.504187,0.481062,1437
2025-09-02,1273220,138492625,103.428437,108.239062,101.504187,102.947375,1.443188,1225
2025-09-03,556164,58134900,100.542062,101.98525,99.098875,101.023125,-1.92425,643
2025-09-04,1003969,101918508,101.504187,102.947375,96.116287,97.174625,-3.8485,674
2025-09-05,391355,39433082,98.617812,99.098875,95.82765,95.82765,-1.346975,513
2025-09-08,894059,87041979,96.2125,96.2125,92.171575,93.1337,-2.69395,896
2025-09-09,254433,24509182,94.576887,94.576887,91.5943,91.882937,-1.250763,279
2025-09-10,312125,29775221,93.229912,93.229912,90.920812,91.882937,0.0,303
2025-09-11,270882,25798324,92.364,92.364,91.017025,91.305662,-0.577275,270
2025-09-12,222558,21111977,91.305662,92.364,90.632175,91.017025,-0.288637,276
2025-09-15,404748,42093792,100.061,100.061,100.061,100.061,9.043975,246
2025-09-16,3981705,453820370,109.68225,109.68225,107.758,109.68225,9.62125,1324
2025-09-17,7350909,855381337,109.68225,119.3035,105.352687,107.758,-1.92425,4580
2025-09-18,2529375,286498815,111.6065,113.049687,105.352687,109.68225,1.92425,2631
2025-09-19,755382,86111876,108.720125,111.125437,107.758,111.125437,1.443187,791
2025-09-22,1777839,192875278,110.163312,110.644375,100.542062,103.9095,-7.215937,1409
2025-09-23,1302409,137585523,104.390562,106.795875,98.13675,99.579937,-4.329563,1032
2025-09-24,620848,65310852,99.098875,103.428437,98.617812,103.428437,3.8485,542
2025-09-25,459964,49056009,102.466312,104.390562,100.542062,103.428437,0.0,498
2025-09-26,1217899,134552837,104.871625,108.720125,102.947375,108.239062,4.810625,1131
2025-09-30,2195625,250937350,111.125437,112.568625,106.795875,110.163312,1.92425,1739
2025-10-01,1667814,182646787,109.68225,109.68225,102.466312,102.947375,-7.215937,1475
2025-10-02,958882,103887473,102.947375,106.314812,101.98525,105.83375,2.886375,756
2025-10-03,557321,61352352,105.83375,107.276937,104.390562,105.352687,-0.481063,437
2025-10-07,1349830,153584491,106.314812,111.6065,105.352687,109.68225,4.329563,950
2025-10-08,2866601,346096630,109.201187,120.265625,109.201187,117.860312,8.178062,2429
2025-10-09,4798609,609636709,120.265625,127.0005,117.860312,120.265625,2.405313,3977
2025-10-13,1866261,221608088,118.341375,118.341375,111.125437,113.049687,-7.215938,2475
2025-10-14,971505,112674446,110.644375,114.973937,109.68225,110.644375,-2.405312,836
2025-10-15,1472079,172467945,111.125437,117.37925,108.239062,116.417125,5.77275,932
2025-10-16,4511121,511755488,118.341375,119.784562,104.871625,104.871625,-11.5455,3113
2025-10-17,1835850,202633964,103.9095,110.163312,103.428437,104.390562,-0.481063,1582
2025-10-20,2180824,224276055,102.947375,104.390562,96.2125,100.542062,-3.8485,1710
2025-10-21,517925,54242532,100.542062,101.504187,100.061,101.023125,0.481063,551
2025-10-22,389307,40910359,100.542062,102.466312,99.098875,101.023125,0.0,680
2025-10-23,975682,105752341,102.466312,106.314812,101.98525,103.428437,2.405312,806
2025-10-27,744360,81000187,105.352687,106.795875,102.947375,103.428437,0.0,620
2025-10-28,402378,42270788,102.947375,102.947375,100.061,100.061,-3.367437,415
2025-10-29,807644,82567935,100.542062,101.023125,96.693562,97.174625,-2.886375,583
2025-10-30,568313,56860534,97.174625,98.13675,94.6731,95.4428,-1.731825,1231
2025-10-31,531540,52968269,96.020075,97.174625,94.769312,95.635225,0.192425,358
2025-11-03,983135,95526914,94.769312,95.539012,92.364,93.037487,-2.597738,787
2025-11-04,574767,54758412,93.51855,93.51855,91.017025,91.401875,-1.635612,858
2025-11-05,335683,31827270,91.113237,92.364,89.573837,91.305662,-0.096213,303
2025-11-06,885776,89542091,92.171575,100.061,92.171575,100.061,8.755338,1779
2025-11-07,222248,22703764,99.098875,99.579937,97.174625,97.174625,-2.886375,239
2025-11-10,334910,33522586,98.617812,100.542062,94.865525,95.923862,-1.250763,347
2025-11-11,386005,37731507,95.250375,95.923862,93.326125,93.326125,-2.597737,317
2025-11-12,224159,21836818,93.229912,94.6731,92.941275,94.384462,1.058337,174
2025-11-13,260655,25857464,94.480675,96.693562,94.480675,96.2125,1.828038,241
2025-11-14,397006,40789358,95.539012,101.023125,95.250375,98.617812,2.405312,399
2025-11-17,251774,25412792,98.13675,99.098875,95.82765,96.020075,-2.597737,386
2025-11-18,392829,38576314,96.693562,97.174625,93.037487,93.229912,-2.790163,444
2025-11-19,443095,43174997,93.229912,95.731437,91.882937,92.845062,-0.38485,367
2025-11-20,209151,20484244,94.28825,94.961737,93.037487,93.807187,0.962125,179
2025-11-21,417254,40068813,93.807187,94.576887,91.305662,92.267787,-1.5394,341
2025-11-24,123618,11964896,94.6731,94.6731,92.556425,93.51855,1.250763,168
2025-11-25,235847,23428121,94.6731,96.2125,93.999612,95.731437,2.212887,229
2025-11-26,525899,53453641,95.250375,100.061,95.250375,97.655687,1.92425,399
2025-11-27,182280,18521920,97.655687,98.617812,97.174625,98.13675,0.481063,223
2025-11-28,241740,24800400,98.617812,99.579937,98.13675,98.617812,0.481062,248
2025-12-01,338762,34184231,99.579937,99.579937,95.635225,96.693562,-1.92425,322
2025-12-02,2650753,290255360,98.617812,106.314812,98.617812,106.314812,9.62125,1995
2025-12-03,3944282,437777733,104.871625,112.087562,102.947375,103.428437,-2.886375,2841
2025-12-04,305849,32663428,103.428437,104.390562,101.504187,101.504187,-1.92425,402
2025-12-05,268826,27959144,101.504187,101.504187,99.579937,99.579937,-1.92425,218
2025-12-08,255943,26267775,99.098875,100.542062,97.655687,99.579937,0.0,257
2025-12-09,127576,13051954,100.061,100.061,97.655687,98.13675,-1.443187,141
2025-12-10,128591,13114283,99.098875,99.098875,97.174625,97.174625,-0.962125,123
2025-12-11,194853,19589627,97.655687,97.655687,96.2125,96.2125,-0.962125,251
2025-12-12,514487,53006088,96.693562,100.542062,96.693562,99.579937,3.367437,326
2025-12-15,437914,43981479,98.617812,98.617812,95.731437,95.731437,-3.8485,334
2025-12-16,651317,66445993,96.116287,101.023125,95.346587,101.023125,5.291688,398
2025-12-17,1606197,162792224,101.98525,104.390562,94.769312,94.865525,-6.1576,1218
2025-12-18,638143,62110203,94.6731,95.154162,92.74885,93.51855,-1.346975,519
2025-12-19,357759,34839611,94.384462,95.250375,92.171575,92.556425,-0.962125,327
2025-12-22,291869,28094158,93.229912,93.51855,91.690512,92.941275,0.38485,253
2025-12-23,121362,11731370,93.9034,93.9034,92.460212,93.326125,0.38485,123
2025-12-24,107250,10382250,93.326125,94.095825,92.652637,92.652637,-0.673488,123
2025-12-26,337837,32866777,92.460212,94.769312,91.882937,94.192037,1.5394,343
2025-12-29,577559,58412512,94.192037,99.098875,93.710975,97.655687,3.46365,595
2025-12-30,282350,28467719,97.655687,98.13675,96.2125,97.174625,-0.481062,235
2025-12-31,492964,50522513,97.655687,99.579937,97.174625,98.617812,1.443187,324
2026-01-02,354789,36742449,99.098875,100.542062,98.13675,99.579937,0.962125,280
2026-01-05,201007,20501507,100.542062,100.542062,97.174625,97.174625,-2.405312,550
2026-01-06,433639,43366317,97.174625,97.174625,95.250375,96.693562,-0.481063,854
2026-01-07,433433,44424155,96.693562,99.579937,96.693562,99.579937,2.886375,391
2026-01-08,567360,58098109,100.542062,101.023125,97.174625,97.174625,-2.405312,636
2026-01-09,305293,30743158,97.174625,98.13675,95.923862,97.174625,0.0,288
2026-01-12,844057,88257227,97.655687,101.98525,97.655687,100.061,2.886375,902
2026-01-13,2931747,318177632,101.504187,108.720125,99.098875,103.428437,3.367437,3038
2026-01-14,1532804,164137991,103.428437,105.352687,101.504187,101.98525,-1.443187,1277
2026-01-15,1044760,107408832,102.466312,102.466312,97.655687,98.617812,-3.367438,846
2026-01-16,890096,89306504,99.098875,100.061,95.4428,95.923862,-2.69395,1313
2026-01-19,522017,51794454,96.2125,96.2125,94.961737,95.635225,-0.288637,589
2026-01-20,638964,64770516,96.020075,98.617812,95.82765,97.655687,2.020462,406
2026-01-21,486440,48553950,97.655687,97.655687,95.05795,96.020075,-1.635612,491
2026-01-22,222507,22203322,97.174625,97.174625,95.539012,95.731437,-0.288638,556
2026-01-23,139727,13937787,96.693562,96.693562,95.731437,95.82765,0.096213,132
2026-01-26,443058,43570639,95.539012,95.82765,93.807187,93.9034,-1.92425,480
2026-01-27,415028,40316322,94.28825,94.28825,92.941275,93.326125,-0.577275,396
2026-01-28,270248,26158650,93.326125,94.28825,92.460212,93.229912,-0.096213,450
2026-01-29,223185,21436077,93.326125,93.326125,91.97915,92.267787,-0.962125,234
2026-01-30,328576,31185503,92.364,92.364,90.247325,91.401875,-0.865912,331
2026-02-02,508959,48274669,91.401875,93.037487,89.381412,92.171575,0.7697,561
2026-02-03,397287,37674991,92.171575,92.941275,90.247325,90.8246,-1.346975,682
2026-02-04,79786,7546235,90.8246,91.690512,90.535962,91.690512,0.865912,105
2026-02-05,87226,8282909,91.690512,91.882937,90.920812,91.401875,-0.288637,277
2026-02-06,254890,23654719,91.113237,91.113237,88.611712,89.477625,-1.92425,222
2026-02-09,361810,33470788,89.381412,89.766262,88.323075,88.419287,-1.058338,292
2026-02-10,496228,45311996,88.034437,88.707925,86.013975,88.5155,0.096213,415
2026-02-11,188613,17444545,88.804137,89.766262,87.7458,89.67005,1.15455,178
2026-02-23,125450,11754849,89.67005,90.728387,89.67005,90.728387,1.058337,125
2026-02-24,321792,30483109,90.43975,91.882937,90.43975,91.401875,0.673488,232
2026-02-25,215098,20073067,91.401875,91.401875,88.90035,89.2852,-2.116675,270
2026-02-26,169369,15658558,89.573837,89.67005,88.13065,88.804137,-0.481063,200
2026-03-02,175777,16007169,89.188987,89.188987,86.879887,87.36095,-1.443187,195
2026-03-03,324134,29218525,86.879887,87.7458,86.110187,86.398825,-0.962125,345
2026-03-04,882789,76147522,85.148062,86.398825,81.876837,82.3579,-4.040925,626
2026-03-05,426339,37591069,82.74275,85.629125,82.74275,84.859425,2.501525,332
2026-03-06,152286,13733885,85.4367,87.457162,85.244275,87.072312,2.212887,159
2026-03-09,488781,42022050,82.069262,84.185937,82.069262,82.550325,-4.521987,373
2026-03-10,113852,9957247,82.74275,84.955637,82.74275,84.185937,1.635612,115
2026-03-11,162622,14288152,83.801087,84.859425,83.801087,84.474575,0.288638,188
2026-03-12,386890,33364120,83.223812,84.089725,82.165475,82.646537,-1.828038,341
2026-03-13,215442,18346309,82.261687,82.550325,81.5882,82.550325,-0.096212,205
2026-03-16,158869,13698536,82.550325,83.51245,82.261687,83.51245,0.962125,117
2026-03-17,167097,14300124,83.51245,83.608662,81.876837,82.550325,-0.962125,222
2026-03-18,142787,12173937,82.74275,82.74275,81.684412,82.165475,-0.38485,165
2026-03-19,463067,38463939,81.876837,81.876837,78.89425,78.990462,-3.175013,429
2026-03-20,356088,28874139,78.605612,79.182887,77.258637,78.413187,-0.577275,300
2026-03-23,259293,20471827,77.066212,77.451062,75.141962,75.719237,-2.69395,279
2026-03-24,220314,17214138,78.220762,78.220762,74.083625,75.719237,0.0,237
2026-03-25,77323,6169104,77.643487,77.643487,76.104087,77.35485,1.635613,107
2026-03-26,109418,8559454,76.97,76.97,74.757112,75.04575,-2.3091,157
2026-03-27,111713,8629089,75.141962,75.141962,73.8912,74.27605,-0.7697,139
2026-03-30,228511,17331942,74.27605,74.27605,69.946487,73.1215,-1.15455,227
2026-03-31,167362,12682037,73.1215,73.698775,72.063162,72.73665,-0.38485,165
2026-04-01,126296,9542570,73.8912,73.8912,72.255587,72.73665,0.0,126
2026-04-02,182330,13679963,73.1215,73.1215,71.870737,71.870737,-0.865913,315
2026-04-07,88870,6720173,73.987412,73.987412,72.159375,73.217712,1.346975,89
2026-04-08,98340,7463642,74.757112,74.757112,72.640437,73.217712,0.0,193
2026-04-09,141158,10602131,72.640437,72.640437,72.063162,72.3518,-0.865912,129
2026-04-10,148629,11200742,73.1215,73.50635,71.96695,72.73665,0.38485,129
2026-04-13,193308,14372866,72.159375,73.50635,70.716187,71.774525,-0.962125,244
2026-04-14,113443,8547374,72.640437,73.217712,71.19725,73.1215,1.346975,107
2026-04-15,121645,9199060,73.217712,73.313925,72.255587,72.929075,-0.192425,121
2026-04-16,126876,9665460,74.853325,74.853325,72.929075,73.217712,0.288637,114
2026-04-17,808850,66168589,73.313925,80.43365,73.313925,79.66395,6.446238,877
2026-04-20,511611,43077142,79.66395,83.1276,79.66395,80.337437,0.673487,399
2026-04-21,524707,45612609,80.626075,85.917762,79.760162,84.859425,4.521988,382
2026-04-22,266470,23256731,84.667,85.148062,83.223812,83.416237,-1.443188,248
2026-04-23,404212,34337892,83.704875,83.704875,79.567737,82.069262,-1.346975,325
2026-04-24,169693,14265731,81.780625,81.780625,79.856375,80.529862,-1.5394,153
2026-04-27,238207,20079411,80.529862,81.780625,79.856375,81.010925,0.481063,236
2026-04-28,139286,11742175,81.491987,81.876837,80.8185,81.876837,0.865912,131
2026-04-29,235621,20243939,82.74275,83.608662,81.20335,82.935175,1.058338,223
2026-04-30,238683,20479895,82.550325,83.223812,81.97305,82.261687,-0.673488,230
2026-05-04,276714,23406845,82.74275,82.74275,80.529862,81.20335,-1.058337,432
2026-05-05,378855,32729865,80.8185,84.185937,80.8185,82.550325,1.346975,541
2026-05-06,340473,28490131,82.550325,82.550325,79.2791,79.567737,-2.982588,1080
2026-05-07,167923,13966245,79.567737,80.722287,78.89425,80.0488,0.481063,161
2026-05-08,183452,15200561,80.0488,81.010925,78.5094,79.856375,-0.192425,185
2026-05-11,192809,15725275,79.856375,79.856375,77.547275,77.835912,-2.020463,216
2026-05-12,347655,28495792,77.932125,79.66395,77.7397,78.798037,0.962125,334
2026-05-13,221744,18034630,77.162425,78.89425,77.162425,78.605612,-0.192425,192
2026-05-14,255465,20483779,78.5094,79.760162,76.2003,76.681362,-1.92425,244
2026-05-15,177895,14045871,76.58515,77.258637,74.853325,76.104087,-0.577275,184
2026-05-18,212027,16448483,74.757112,76.007875,73.987412,73.987412,-2.116675,222
2026-05-19,148166,11448976,75.4306,75.4306,73.50635,74.372262,0.38485,135
2026-05-20,119863,9215705,75.04575,75.4306,72.73665,74.6609,0.288638,124
2026-05-21,218405,16986838,73.313925,75.911662,73.025287,75.623025,0.962125,156
2026-05-22,173893,13510554,75.04575,76.2003,74.083625,76.2003,0.577275,138
2026-05-25,167419,13242745,75.623025,77.35485,75.4306,75.719237,-0.481063,147
2026-05-26,203268,15981257,75.623025,76.296512,75.141962,75.81545,0.096213,152
2026-05-27,228200,18020499,76.873787,76.873787,75.4306,75.526812,-0.288638,159
2026-05-28,123239,9574895,76.2003,76.2003,74.27605,74.853325,-0.673487,165
2026-05-29,161492,12521386,75.04575,75.238175,74.179837,74.6609,-0.192425,126
2026-06-01,165407,12766031,74.6609,74.757112,73.698775,74.372262,-0.288638,149
2026-06-02,98082,7563239,74.468475,74.564687,73.794987,74.27605,-0.096212,102
2026-06-03,154497,12076584,74.564687,75.81545,74.468475,75.334387,1.058337,163
2026-06-04,277879,22002692,75.623025,76.777575,75.526812,76.296512,0.962125,358
2026-06-05,99293,7807395,76.777575,76.777575,75.238175,75.719237,-0.577275,113
2026-06-08,156299,12056810,73.217712,74.853325,73.217712,74.27605,-1.443187,123
2026-06-09,103404,8109660,74.179837,76.777575,74.083625,75.141962,0.865912,263
2026-06-10,145101,11403529,73.794987,76.488937,73.794987,75.526812,0.38485,228
2026-06-11,83079,6491648,75.526812,75.911662,74.6609,75.526812,0.0,76
2026-06-12,50251,3937437,75.526812,76.007875,75.04575,75.4306,-0.096212,50
2026-06-15,196853,15899152,76.58515,79.086675,76.296512,77.7397,2.3091,193
2026-06-16,219281,17767082,78.5094,79.086675,75.04575,76.97,-0.7697,228
2026-06-17,165402,12734672,77.3,78.6,76.2,77.0,0.03,181
2026-06-18,166103,12832808,77.5,77.8,76.7,77.7,0.7,153
2026-06-22,122932,9613428,78.0,79.5,77.5,78.0,0.3,169
2026-06-23,115797,9042375,77.9,78.7,77.5,78.2,0.2,105
2026-06-24,113789,8745060,78.0,78.0,76.2,76.9,-1.3,114
2026-06-25,163916,12434812,76.9,76.9,74.9,74.9,-2.0,169
2026-06-26,273352,20029308,74.4,74.7,72.0,72.8,-2.1,268
2026-06-29,69261,5086497,72.8,74.7,72.7,74.4,1.6,65
2026-06-30,51303,3810166,75.8,75.8,73.8,74.2,-0.2,56
2026-07-01,157538,11695962,73.6,74.6,73.6,74.0,-0.2,71
2026-07-02,85842,6431860,74.9,75.8,74.1,74.4,0.4,132
2026-07-03,144663,11092987,73.9,77.3,73.9,77.0,2.6,134
2026-07-06,141840,11143226,78.0,79.2,77.7,78.9,1.9,151
2026-07-07,463412,37036928,79.0,80.6,78.9,80.4,1.5,369
2026-07-08,184446,14518211,80.5,80.5,77.1,77.1,-3.3,273
2026-07-09,125044,9556893,77.1,77.1,75.4,75.4,-1.7,245
2026-07-13,197136,15352668,76.4,79.2,76.2,78.7,3.3,479
2026-07-14,146041,11348339,79.9,79.9,76.4,77.2,-1.5,354
2026-07-15,165795,13090400,77.8,80.2,77.5,80.2,3.0,195
2026-07-16,282115,22644500,80.8,81.8,78.8,78.9,-1.3,246
2026-07-17,141702,10926835,78.8,78.8,76.0,76.8,-2.1,168
