cb_id,stock_id,cb_name,InitialDateOfConversion,DueDateOfConversion,IssuanceAmount
11011,1101,台泥一永,2025-03-11,2029-12-10,8000000000
12101,1210,大成一,2007-10-22,2012-09-11,1000000000
12161,1216,統一一,2007-11-26,2010-10-15,5000000000
12171,1217,愛之一,2011-06-12,2014-05-01,1100000000
12172,1217,愛之二,2011-06-13,2016-05-02,300000000
12173,1217,愛之味三,2013-04-08,2018-02-25,1000000000
12181,1218,泰山一,2013-06-24,2016-05-13,500000000
12251,1225,福脂一,2010-01-22,2014-12-11,500000000
12561,1256,鮮活果汁一KY,2026-01-09,2028-10-08,200000000
12581,1258,其祥一KY,2015-10-16,2018-09-05,250000000
12582,1258,其祥二KY,2019-01-11,2023-09-10,300000000
13161,1316,上曜一,2011-09-03,2014-07-23,300000000
13162,1316,上曜二,2015-01-24,2017-12-23,200000000
13163,1316,上曜三,2019-02-08,2021-11-07,500000000
13164,1316,上曜四,2021-04-30,2026-01-29,400000000
13165,1316,上曜五,2021-05-02,2024-02-01,400000000
13166,1316,上曜六,2025-03-28,2027-12-27,400000000
13191,1319,東陽一,2011-02-04,2015-12-24,1000000000
13361,1336,台翰一,2014-10-11,2017-09-10,350000000
13371,1337,再生一,2012-11-12,2015-10-01,600000000
13381,1338,廣華一KY,2021-04-20,2026-01-19,600000000
13382,1338,廣華二KY,2024-03-02,2028-12-01,600000000
13411,1341,富林一KY,2021-08-14,2024-05-13,150000000
13421,1342,八貫一,2022-09-03,2025-06-02,200000000
140201,1402,遠東新E1永,2024-11-09,2029-08-08,1000000000
140202,1402,遠東新E2永,2024-11-09,2029-08-08,1500000000
14093,1409,新纖三,2007-06-20,2012-04-17,2200000000
14321,1432,大魯閣一,2015-03-13,2018-02-12,250000000
14322,1432,大魯閣二,2015-03-14,2020-02-13,250000000
14361,1436,華友聯一,2020-04-18,2025-01-17,300000000
14362,1436,華友聯二,2021-03-02,2025-12-01,1000000000
14363,1436,華友聯三,2024-11-28,2027-08-27,600000000
14364,1436,華友聯四,2025-06-19,2028-03-18,2000000000
14381,1438,三地開發一,2025-03-20,2029-12-19,970000000
14422,1442,名軒二,2012-09-02,2015-07-22,800000000
14423,1442,名軒三,2016-01-02,2020-12-01,800000000
14571,1457,宜進一,2011-07-31,2014-06-20,300000000
14641,1464,得力一,2015-06-21,2018-05-20,200000000
14642,1464,得力二,2015-06-22,2018-05-21,250000000
14661,1466,聚隆一,2011-07-01,2014-05-20,300000000
14662,1466,聚隆二,2013-02-15,2018-01-04,300000000
14663,1466,聚隆三,2014-10-25,2019-09-24,400000000
14664,1466,聚隆四,2025-09-21,2028-06-20,400000000
14721,1472,三洋實業一,2019-05-01,2022-01-30,300000000
14722,1472,三洋實業二,2025-08-30,2028-05-29,300000000
14723,1472,三洋實業三,2025-09-18,2028-06-17,400000000
14742,1474,弘裕二,2022-04-27,2025-01-26,300000000
14743,1474,弘裕三,2025-07-01,2028-03-31,300000000
14773,1477,聚陽三,2009-07-22,2014-06-12,600000000
14774,1477,聚陽四,2012-09-25,2017-08-14,700000000
15043,1504,東元三,2012-08-13,2015-07-02,3000000000
15061,1506,正道一,2015-02-24,2018-01-23,700000000
15131,1513,中興電一,2020-04-17,2025-01-16,1500000000
15132,1513,中興電二,2021-03-18,2025-12-17,1500000000
15141,1514,亞力一,2023-11-18,2028-08-17,1000000000
15142,1514,亞力二,2025-04-14,2030-01-13,1200000000
15242,1524,耿鼎二,2005-03-02,2010-01-22,400000000
15243,1524,耿鼎三,2012-02-03,2014-12-22,300000000
15261,1526,日馳一,2023-12-20,2026-09-19,500000000
15282,1528,恩德二,2010-10-27,2015-07-16,300000000
15302,1530,亞崴二,2015-06-15,2020-05-14,400000000
15324,1532,勤美四,2022-04-25,2025-01-24,1500000000
15332,1533,車王電二,2022-04-27,2025-01-26,1000000000
15351,1535,中宇一,2012-03-21,2015-02-10,600000000
15362,1536,和大二,2006-08-18,2011-07-08,1380000000
15363,1536,和大三,2009-12-16,2014-11-05,200000000
15364,1536,和大四,2024-11-13,2027-08-12,1500000000
15371,1537,廣隆一,2008-01-08,2012-11-27,500000000
15601,1560,中砂一,2024-09-25,2029-06-24,1000000000
15661,1566,捷邦一,2013-01-15,2017-12-04,500000000
15692,1569,濱川二,2010-03-01,2013-01-18,150000000
15693,1569,濱川三,2010-03-01,2015-01-19,120000000
15694,1569,濱川四,2013-01-13,2015-12-02,200000000
15695,1569,濱川五,2015-03-05,2018-02-04,200000000
15696,1569,濱川六,2019-05-28,2023-02-27,200000000
15821,1582,信錦一,2011-04-02,2014-02-19,600000000
15822,1582,信錦二,2015-02-21,2018-01-20,800000000
15823,1582,信錦三,2021-12-10,2024-09-09,1200000000
15831,1583,程泰一,2015-04-12,2020-03-11,600000000
15842,1584,精剛二,2012-05-25,2015-04-14,287000000
15861,1586,和勤一,2015-02-14,2018-01-13,300000000
15862,1586,和勤二,2020-12-01,2023-08-31,200000000
15863,1586,和勤三,2020-12-02,2023-09-01,200000000
15864,1586,和勤四,2023-12-01,2026-08-30,200000000
15865,1586,和勤五,2023-12-01,2026-08-31,300000000
15891,1589,永冠一KY,2014-09-04,2019-05-24,1500000000
15892,1589,永冠二KY,2015-11-19,2020-08-18,2500000000
15893,1589,永冠三KY,2020-12-04,2025-09-03,1500000000
15894,1589,永冠四KY,2023-05-21,2028-02-20,1500000000
15921,1592,英瑞一KY,2020-02-19,2022-11-18,200000000
15931,1593,祺驊一,2015-03-01,2018-01-30,60000000
15932,1593,祺驊二,2021-02-05,2023-11-04,100000000
15951,1595,川寶一,2015-03-12,2018-02-11,240000000
15952,1595,川寶二,2024-12-03,2029-09-02,300000000
15981,1598,岱宇一,2017-12-21,2020-09-20,600000000
15982,1598,岱宇二,2020-11-25,2023-08-24,600000000
15983,1598,岱宇三,2021-09-29,2024-06-28,1000000000
15984,1598,岱宇四,2025-06-04,2028-03-03,200000000
15991,1599,宏佳騰一,2023-02-19,2025-11-18,300000000
16093,1609,大亞1C,2005-03-14,2010-02-02,460000000
16094,1609,大亞四,2022-02-23,2026-11-22,1200000000
16095,1609,大亞五,2024-12-31,2029-09-30,2000000000
16111,1611,中電ㄧ,2010-07-05,2015-05-25,1200000000
16112,1611,中電二,2013-04-29,2018-03-18,1600000000
16172,1617,榮星二,2010-10-09,2015-08-29,400000000
16173,1617,榮星三,2022-06-03,2027-03-02,200000000
16231,1623,大東電一,2026-10-17,2029-07-16,2000000000
16261,1626,艾美特一KY,2014-09-16,2019-08-15,1300000000
16262,1626,艾美特二KY,2018-01-01,2020-09-30,500000000
16263,1626,艾美特三KY,2020-03-05,2022-12-04,300000000
16264,1626,艾美特四KY,2021-03-11,2023-12-10,400000000
17043,1704,榮化三,2012-10-22,2015-09-12,2000000000
17071,1707,葡萄王一,2015-09-27,2018-08-26,1000000000
17091,1709,和益一,2014-03-21,2019-02-10,700000000
17121,1712,興農一,2013-09-16,2018-08-05,1200000000
171501,1715,萬洲E1,2015-06-14,2018-05-13,200000000
17151,1715,萬洲一,2011-10-16,2016-09-05,1000000000
17152,1715,萬洲二,2014-01-21,2018-12-10,700000000
17153,1715,萬洲三,2015-06-29,2020-05-28,700000000
17172,1717,長興二,2026-09-09,2031-06-08,2000000000
17203,1720,生達三,2009-12-29,2014-09-18,300000000
17271,1727,中華化一,2023-01-04,2025-10-03,600000000
17291,1729,必翔一,2008-01-25,2012-12-14,1000000000
17292,1729,必翔二,2010-01-03,2014-11-22,2000000000
17301,1730,花仙子一,2016-03-03,2019-02-02,200000000
17331,1733,五鼎一,2012-09-07,2015-07-27,400000000
17332,1733,五鼎二,2015-08-16,2018-07-15,400000000
17333,1733,五鼎三,2018-08-25,2021-05-24,400000000
17341,1734,杏輝一,2008-08-03,2013-06-21,350000000
17521,1752,南光一,2011-01-02,2013-11-22,300000000
17522,1752,南光二,2014-01-14,2016-12-03,400000000
17811,1781,合世一,2010-03-09,2013-01-29,100000000
17812,1781,合世二,2011-02-28,2014-01-17,150000000
17813,1781,合世三,2024-12-25,2027-09-24,200000000
17841,1784,訊聯一,2008-04-19,2013-03-07,300000000
17861,1786,科妍一,2019-06-05,2022-03-04,300000000
17862,1786,科妍二,2023-01-04,2025-10-03,400000000
17863,1786,科妍三,2025-11-02,2028-08-01,400000000
17872,1787,福盈二,2010-03-01,2015-01-18,200000000
17881,1788,杏昌一,2019-07-19,2022-04-18,420000000
17951,1795,美時一,2010-09-21,2013-08-10,300000000
17952,1795,美時二,2010-09-24,2013-08-13,100000000
17953,1795,美時三,2013-11-19,2018-10-08,400000000
17961,1796,金穎生技一,2019-06-07,2022-03-06,300000000
17991,1799,易威一,2017-03-22,2020-02-21,200000000
18051,1805,寶徠一,2021-12-25,2024-09-24,300000000
18061,1806,冠軍一,2007-11-01,2010-09-20,300000000
18062,1806,冠軍二,2009-10-19,2012-09-08,300000000
18081,1808,潤隆一,2011-07-15,2016-01-04,600000000
18082,1808,潤隆二,2012-02-13,2014-10-02,1000000000
18083,1808,潤隆三,2013-12-10,2018-08-30,1500000000
18131,1813,寶利一,2010-06-19,2013-05-08,250000000
18151,1815,富喬一,2007-08-28,2012-07-17,400000000
18152,1815,富喬二,2008-09-15,2013-08-05,1480000000
18153,1815,富喬三,2012-04-09,2017-02-26,750000000
18154,1815,富喬四,2013-10-24,2018-09-13,500000000
18155,1815,富喬五,2018-10-27,2023-07-26,600000000
18156,1815,富喬六,2021-06-17,2026-03-16,400000000
19023,1902,台紙三,2009-08-23,2014-07-13,500000000
19093,1909,榮成三,2014-11-06,2017-07-26,1600000000
19094,1909,榮成四,2022-03-21,2026-12-20,700000000
20064,2006,東鋼四,2008-06-16,2013-05-05,3500000000
20065,2006,東鋼五,2009-08-22,2014-07-11,2500000000
20066,2006,東和鋼鐵六,2012-12-06,2017-10-26,2500000000
20067,2006,東和鋼鐵七,2018-08-15,2023-05-14,2000000000
20121,2012,春雨一,2022-06-26,2025-03-25,700000000
20122,2012,春雨二,2022-06-26,2025-03-25,500000000
20123,2012,春雨三,2022-06-26,2025-03-25,400000000
20202,2020,美亞二,2007-08-13,2012-07-02,700000000
20203,2020,美亞三,2008-09-20,2013-08-09,500000000
20223,2022,聚亨三,2012-09-01,2015-07-21,300000000
20224,2022,聚亨四,2014-01-01,2016-09-20,300000000
20313,2031,新光三,2006-11-21,2011-10-20,600000000
20314,2031,新光鋼四,2014-01-21,2018-12-10,500000000
20315,2031,新光鋼五,2018-02-10,2022-11-09,600000000
20342,2034,允強二,2006-11-27,2011-10-17,300000000
20343,2034,允強三,2021-03-16,2025-12-15,1000000000
20344,2034,允強四,2025-01-03,2029-10-02,2000000000
20381,2038,海光一,2011-04-02,2014-02-19,300000000
20382,2038,海光二,2011-04-03,2014-02-20,500000000
20591,2059,川湖一,2007-02-27,2012-01-16,980000000
20592,2059,川湖二,2009-12-20,2014-11-09,500000000
20611,2061,風青一,2011-09-26,2014-08-15,200000000
20612,2061,風青二,2022-04-13,2025-01-12,100000000
20631,2063,世鎧一,2019-11-03,2022-08-02,300000000
20632,2063,世鎧二,2024-02-11,2026-11-10,600000000
20651,2065,世豐一,2020-02-19,2022-11-18,400000000
20652,2065,世豐二,2022-06-23,2025-03-22,600000000
20661,2066,世德一,2022-03-09,2024-12-08,400000000
20662,2066,世德二,2023-11-01,2026-07-31,400000000
20691,2069,運錩一,2016-09-09,2019-08-08,300000000
20692,2069,運錩二,2016-09-10,2019-08-09,100000000
20693,2069,運錩三,2018-12-07,2021-09-06,400000000
20694,2069,運錩四,2022-02-26,2024-11-25,300000000
21011,2101,南港一,2010-02-23,2015-01-12,1500000000
21043,2104,國際中橡三,2024-01-14,2028-10-13,3500000000
21141,2114,鑫永一,2007-04-20,2012-01-09,200000000
21151,2115,六暉一KY,2015-05-09,2018-04-08,400000000
22013,2201,裕隆三,2023-08-26,2028-05-25,7000000000
22081,2208,台船一,2020-05-25,2025-02-24,2000000000
22281,2228,劍麟一,2015-08-27,2018-05-26,300000000
22282,2228,劍麟二,2020-06-10,2023-03-09,300000000
22283,2228,劍麟三,2024-11-30,2027-08-29,300000000
22301,2230,泰茂一,2016-05-07,2019-04-06,75000000
22302,2230,泰茂二,2016-05-07,2019-04-06,75000000
22303,2230,泰茂三,2016-05-08,2019-04-07,50000000
22304,2230,泰茂四,2023-04-07,2026-01-06,300000000
22311,2231,為升一,2013-10-31,2016-09-20,250000000
22312,2231,為升二,2016-06-24,2019-05-23,700000000
22313,2231,為升三,2022-11-30,2025-08-29,1300000000
22331,2233,宇隆一,2026-04-24,2029-01-23,1300000000
22361,2236,百達一KY,2017-01-15,2019-12-14,250000000
22362,2236,百達二KY,2023-11-19,2026-08-18,200000000
22363,2236,百達三KY,2026-05-11,2031-02-10,250000000
22391,2239,英利一KY,2017-04-11,2020-01-10,1100000000
22392,2239,英利二KY,2018-09-23,2021-06-22,400000000
22393,2239,英利三KY,2022-01-20,2024-10-19,500000000
22431,2243,宏旭一KY,2019-03-01,2023-11-30,400000000
22471,2247,汎德永業一,2025-09-27,2028-06-26,1000000000
22472,2247,汎德永業二,2025-10-01,2028-06-30,1000000000
22501,2250,IKKA一KY,2024-06-05,2029-03-04,250000000
23142,2314,台揚二,2016-12-01,2019-10-31,400000000
23153,2315,神達三,2005-09-12,2010-08-01,3000000000
23171,2317,鴻海一,2006-12-11,2011-10-31,17999998976
23291,2329,華泰一,2026-06-19,2029-03-18,2500000000
233201,2332,友訊E1,2015-07-18,2020-06-17,1200000000
23323,2332,友訊三,2010-02-13,2015-01-02,2000000000
23372,2337,旺宏二,2025-06-25,2028-03-24,3000000000
23383,2338,光罩三,2021-11-04,2026-08-03,2000000000
23471,2347,聯強一,2008-07-25,2013-06-14,6000000000
23472,2347,聯強二,2011-02-15,2014-01-04,5000000000
23481,2348,海悅一,2019-10-17,2024-07-16,500000000
23511,2351,順德一,2025-09-18,2028-06-17,1200000000
235201,2352,達科E1,2007-02-18,2012-01-08,4499999744
23532,2353,宏？二,2013-06-15,2016-05-04,6000000000
23541,2354,鴻準一,2007-12-02,2012-10-22,13440000000
23571,2357,華碩一,2006-12-08,2011-10-28,12000000000
23581,2358,廷鑫一,2022-12-29,2025-09-28,300000000
23602,2360,致茂二,2014-06-24,2019-05-13,2000000000
23651,2365,昆盈一,2010-05-23,2013-04-12,600000000
23652,2365,昆盈二,2010-05-24,2013-04-13,300000000
23671,2367,燿華一,2016-08-07,2021-07-06,500000000
23672,2367,燿華二,2016-08-08,2021-07-07,200000000
23682,2368,金像電二,2024-03-06,2028-12-05,4000000000
23683,2368,金像電三,2026-02-25,2030-11-24,8999999488
23692,2369,菱生二,2008-01-03,2012-09-22,400000000
23712,2371,大同二,2008-01-10,2012-11-30,2500000000
23741,2374,佳能一,2010-03-07,2015-01-27,1500000000
23742,2374,佳能二,2026-05-03,2031-02-02,300000000
23772,2377,微星二,2008-10-26,2013-04-15,3000000000
23832,2383,台光二,2006-10-25,2011-09-15,400000000
23833,2383,台光三,2010-07-23,2015-06-12,400000000
23834,2383,台光電四,2017-08-17,2022-05-16,1500000000
23835,2383,台光電五,2022-07-26,2027-04-25,3465299968
23836,2383,台光電六,2024-12-26,2029-09-25,3000000000
23837,2383,台光電七,2025-01-10,2029-10-09,3000000000
23921,2392,正崴一,2006-11-09,2011-09-28,5000000000
23932,2393,億光二,2006-11-17,2011-10-06,1500000000
23933,2393,億光三,2008-01-15,2012-12-04,3000000000
23934,2393,億光四,2010-01-05,2014-11-25,2500000000
23935,2393,億光五,2014-01-21,2018-12-10,4000000000
23936,2393,億光六,2015-06-19,2020-05-18,5000000000
23952,2395,研華二,2012-05-27,2014-05-16,800000000
24022,2402,毅嘉二,2014-10-03,2017-09-02,2000000000
24023,2402,毅嘉三,2026-02-20,2028-11-19,1000000000
240601,2406,國碩E1,2012-09-04,2015-07-24,700000000
240602,2406,國碩E2,2014-06-24,2017-05-13,450000000
24061,2406,國碩一,2011-03-17,2014-02-06,750000000
24062,2406,國碩二,2012-09-04,2015-07-24,800000000
24063,2406,國碩三,2015-09-11,2018-08-10,800000000
24064,2406,國碩四,2017-09-22,2020-06-21,1200000000
24093,2409,友達三,2005-08-18,2010-07-08,6000000000
24192,2419,仲琦二,2012-02-19,2015-01-08,650000000
24193,2419,仲琦三,2013-03-01,2016-01-21,500000000
24194,2419,仲琦四,2016-07-16,2019-06-15,500000000
24213,2421,建準三,2023-08-25,2028-05-24,1200000000
24265,2426,鼎元五,2007-02-26,2012-01-13,206000000
24266,2426,鼎元六,2010-01-10,2012-09-29,300000000
24267,2426,鼎元七,2009-11-10,2012-09-29,100000000
24268,2426,鼎元八,2015-04-21,2018-03-20,300000000
24271,2427,三商電一,2024-03-14,2028-12-13,500000000
24283,2428,興勤三,2011-02-22,2016-01-11,200000000
24361,2436,偉詮電一,2023-12-12,2026-09-11,1100000000
24371,2437,旺詮一,2015-02-16,2020-01-15,1200000000
24391,2439,美律一,2015-03-01,2018-01-29,1500000000
24392,2439,美律二,2019-03-12,2021-12-11,3000000000
24393,2439,美律三,2021-11-12,2024-08-11,3000000000
24394,2439,美律四,2024-10-11,2027-07-10,2500000000
24395,2439,美律五,2024-10-23,2027-07-22,500000000
24422,2442,新美齊二,2013-04-13,2017-03-02,400000000
24423,2442,新美齊三,2025-03-01,2027-11-29,1000000000
24424,2442,新美齊四,2025-03-26,2027-12-25,600000000
24442,2444,友旺二,2015-07-30,2018-06-29,300000000
24483,2448,晶電三,2007-12-01,2012-10-21,1965600000
24511,2451,創見一,2006-12-25,2011-11-14,1500000000
24552,2455,全新二,2026-04-24,2029-01-23,500000000
24553,2455,全新三,2026-04-28,2029-01-27,500000000
24563,2456,奇力三,2007-11-03,2012-09-22,600000000
24564,2456,奇力新四,2015-06-30,2020-05-29,1500000000
24565,2456,奇力新五,2017-12-19,2020-09-18,1400000000
24566,2456,奇力新六,2019-12-13,2024-09-12,2000000000
24571,2457,飛宏一,2014-07-05,2017-05-25,1500000000
24612,2461,光群二,2011-10-23,2014-09-12,300000000
24613,2461,光群三,2011-10-24,2013-03-19,200000000
24614,2461,光群雷四,2014-11-18,2017-10-17,300000000
24615,2461,光群雷五,2014-11-21,2017-10-20,200000000
24616,2461,光群雷六,2021-06-25,2026-03-24,600000000
24622,2462,良得二,2012-07-05,2017-05-25,200000000
24623,2462,良得三,2012-07-06,2017-05-26,200000000
24624,2462,良得電四,2023-11-12,2026-08-11,400000000
24642,2464,盟立二,2024-12-17,2027-09-16,1000000000
24662,2466,冠西電二,2015-12-14,2018-11-13,200000000
24663,2466,冠西電三,2020-05-28,2023-02-27,300000000
24671,2467,志聖一,2010-02-10,2012-10-30,200000000
24672,2467,志聖二,2026-04-10,2029-01-09,700000000
24673,2467,志聖三,2026-04-23,2029-01-22,1000000000
24721,2472,立隆一,2010-10-01,2013-08-21,300000000
24722,2472,立隆電二,2019-06-19,2022-03-18,600000000
24723,2472,立隆電三,2020-10-23,2023-07-22,600000000
24741,2474,可成一,2010-01-09,2014-11-28,5000000000
24742,2474,可成二,2011-05-28,2016-04-17,4499999744
24762,2476,鉅祥二,2024-04-27,2027-01-26,1000000000
24781,2478,大毅一,2013-03-01,2018-01-18,562499968
24814,2481,強茂四,2008-07-07,2013-05-26,500000000
24815,2481,強茂五,2010-06-30,2013-06-20,500000000
24816,2481,強茂六,2013-07-12,2018-06-01,350000000
24817,2481,強茂七,2013-07-14,2018-06-03,150000000
24822,2482,連宇二,2021-10-13,2024-07-12,200000000
24843,2484,希華三,2008-07-01,2013-03-21,300000000
24863,2486,一詮三,2008-07-10,2013-05-30,1000000000
24864,2486,一詮四,2010-06-07,2015-04-26,2200000000
24865,2486,一詮五,2014-04-29,2019-03-18,1100000000
24866,2486,一詮六,2024-10-02,2027-07-01,600000000
24867,2486,一詮七,2026-10-24,2029-07-23,2000000000
24891,2489,瑞軒二,2007-01-22,2011-12-12,1500000000
24893,2489,瑞軒三,2007-12-30,2012-11-19,4000000000
24894,2489,瑞軒四,2010-02-05,2014-12-25,4000000000
24921,2492,華新科一,2020-07-30,2024-04-29,4800000000
24971,2497,怡利一,2011-03-18,2014-02-07,350000000
24972,2497,怡利電二,2022-10-08,2025-07-07,300000000
24993,2499,東貝三,2010-10-29,2015-09-19,1500000000
25052,2505,國揚二,2012-06-15,2015-05-04,900000000
25091,2509,全坤一,2007-06-18,2010-05-08,700000000
25092,2509,全坤二,2010-06-03,2013-04-23,1000000000
25143,2514,龍邦三,2012-07-06,2017-05-26,600000000
25151,2515,中工一,2014-03-25,2017-02-14,300000000
25152,2515,中工二,2014-03-26,2019-02-15,500000000
25201,2520,冠德一,2010-07-24,2013-06-14,500000000
25281,2528,皇普一,2012-05-25,2017-04-14,407000000
25282,2528,皇普二,2019-12-26,2024-09-25,700000000
25283,2528,皇普三,2025-04-01,2029-12-31,600000000
25284,2528,皇普四,2025-04-18,2030-01-17,500000000
25303,2530,華建三,2025-09-24,2028-06-23,500000000
25304,2530,華建四,2025-10-01,2028-06-30,800000000
25352,2535,達欣工二,2014-02-11,2018-12-31,600000000
25353,2535,達欣工三,2014-02-15,2019-01-04,600000000
25354,2535,達欣工四,2017-02-11,2020-01-10,960000000
25355,2535,達欣工五,2019-02-10,2021-11-09,1000000000
25362,2536,宏普二,2011-06-21,2014-05-10,1000000000
25372,2537,聯開二,2011-07-01,2014-04-20,400000000
25373,2537,聯開三,2012-10-01,2017-08-21,176750000
25374,2537,聯開四,2012-10-04,2017-08-24,130000000
25375,2537,聯上發五,2013-12-06,2018-10-26,400000000
25382,2538,基泰二,2012-11-30,2015-10-19,700000000
25383,2538,基泰三,2013-12-09,2018-10-28,1000000000
25391,2539,櫻花建一,2018-12-04,2023-09-03,200000000
25392,2539,櫻花建二,2018-12-05,2023-09-04,292000000
25423,2542,興富三,2008-10-29,2011-04-19,1500000000
25424,2542,興富四,2009-12-29,2012-04-19,1000000000
25425,2542,興富發五,2017-09-11,2022-06-08,10000000000
25461,2546,根基一,2009-08-28,2012-07-18,240000000
25472,2547,日勝二,2007-09-23,2012-08-13,1700000000
25473,2547,日勝三,2012-04-08,2015-08-28,1000000000
25474,2547,日勝四,2012-04-09,2016-02-27,800000000
25482,2548,華固二,2009-01-22,2011-07-11,1000000000
25483,2548,華固三,2025-01-03,2029-10-02,4000000000
25484,2548,華固四,2025-01-19,2029-10-18,2000000000
25961,2596,綠意一,2011-03-24,2014-02-13,300000000
25962,2596,綠意二,2014-07-18,2017-06-07,300000000
26011,2601,益航一,2015-03-07,2018-02-06,900000000
26012,2601,益航二,2015-03-10,2018-02-09,100000000
260301,2603,長榮E1,2009-08-24,2012-07-13,2500000000
26033,2603,長榮三,2009-09-08,2014-07-28,2500000000
26034,2603,長榮四,2021-08-19,2026-05-18,5000000000
26094,2609,陽明四,2013-07-08,2018-05-28,4600000000
26095,2609,陽明五,2018-08-30,2023-05-29,7600000000
26104,2610,華航三,2005-09-08,2010-07-28,10000000000
26105,2610,華航五,2014-01-27,2018-12-16,6000000000
26106,2610,華航六,2018-05-01,2023-01-30,6000000000
26107,2610,華航七,2021-07-29,2026-04-28,4499999744
26131,2613,中櫃一,2015-11-30,2018-10-29,150000000
26132,2613,中櫃二,2015-12-01,2018-10-30,150000000
26162,2616,山隆二,2008-01-12,2012-12-01,300000000
26163,2616,山隆三,2014-12-11,2019-11-10,500000000
26183,2618,長榮航三,2018-01-28,2022-10-27,7000000000
26184,2618,長榮航四,2021-01-22,2025-10-21,3000000000
26185,2618,長榮航五,2021-12-02,2026-09-01,5000000000
26301,2630,亞航一,2019-10-10,2022-07-09,200000000
26302,2630,亞航二,2019-10-11,2024-07-10,300000000
26361,2636,台驊一,2011-02-28,2016-01-17,500000000
26362,2636,台驊二,2014-02-24,2017-01-13,300000000
26363,2636,台驊投控三,2015-07-10,2018-06-09,300000000
26364,2636,台驊投控四,2021-03-03,2023-12-02,300000000
26371,2637,慧洋一KY,2012-04-30,2017-03-19,600000000
26372,2637,慧洋二KY,2018-01-01,2020-09-30,400000000
26373,2637,慧洋三KY,2018-01-03,2020-10-02,800000000
26401,2640,大車隊一,2014-07-10,2017-05-30,1000000000
26411,2641,正德一,2015-02-09,2018-01-08,250000000
26412,2641,正德二,2015-02-10,2018-01-09,100000000
26413,2641,正德三,2018-03-01,2020-11-28,250000000
26414,2641,正德四,2018-03-01,2020-11-29,300000000
26415,2641,正德五,2022-10-29,2025-07-28,600000000
26416,2641,正德六,2023-11-24,2026-08-23,400000000
26417,2641,正德七,2024-10-27,2027-07-26,590000000
26418,2641,正德八,2025-11-07,2030-08-06,780000000
27041,2704,國賓一,2008-06-20,2013-05-09,1000000000
27071,2707,晶華一,2013-08-11,2018-06-30,1500000000
27072,2707,晶華二,2016-09-17,2021-06-16,1500000000
27241,2724,富驛一,2013-10-27,2016-09-17,200000000
27261,2726,雅茗一KY,2015-12-20,2018-11-19,200000000
27271,2727,王品一,2023-06-30,2028-03-29,700000000
27291,2729,瓦城一,2020-03-12,2022-12-11,800000000
27311,2731,雄獅一,2020-10-01,2023-06-30,700000000
27312,2731,雄獅二,2022-03-10,2024-12-09,400000000
27321,2732,六角一,2016-02-26,2019-01-25,300000000
27322,2732,六角二,2019-05-21,2022-02-20,450000000
27323,2732,六角三,2024-04-27,2027-01-26,600000000
27324,2732,六角四,2026-03-09,2028-12-08,600000000
27341,2734,易飛網一,2015-06-27,2018-05-26,300000000
27431,2743,山富一,2025-11-29,2028-08-28,300000000
27451,2745,五福一,2026-04-06,2029-01-05,300000000
27481,2748,雲品一,2019-03-25,2023-12-24,800000000
27531,2753,八方雲集一,2026-01-10,2028-10-09,800000000
27532,2753,八方雲集二,2026-01-21,2028-10-20,200000000
27551,2755,揚秦一,2025-04-16,2028-01-15,200000000
27561,2756,聯發國際一,2024-08-31,2027-05-30,300000000
28121,2812,台中一,2011-07-16,2014-06-05,2300000000
28411,2841,台開一,2015-09-19,2018-08-18,200000000
28551,2855,統證一,2008-06-29,2011-04-22,3000000000
28561,2856,元富一,2008-10-26,2013-07-15,2000000000
28851,2885,元金一,2010-09-08,2015-06-27,5000000000
288601,2886,兆豐E1,2011-10-12,2014-01-01,6000000000
288602,2886,兆豐金E2,2015-09-26,2018-08-25,5800000000
288701,2887,台新金E1,2022-07-02,2025-04-01,5000000000
28883,2888,新光金二,2012-05-24,2017-04-13,5000000000
28884,2888,新光金三,2014-09-28,2019-08-27,5000000000
28885,2888,新光金四,2017-11-23,2022-08-22,4000000000
28886,2888,新光金五,2019-03-18,2023-12-17,5000000000
28887,2888,新光金六,2023-08-13,2028-05-12,4999300096
29031,2903,遠百一,2011-04-04,2014-02-21,2500000000
29051,2905,三商一,2021-04-26,2026-01-25,2300000000
29061,2906,高林一,2023-12-21,2026-09-20,1000000000
29111,2911,麗嬰一,2013-02-10,2015-12-31,600000000
29131,2913,農林一,2011-06-26,2014-05-15,750000000
29132,2913,農林二,2011-06-27,2014-05-16,750000000
29151,2915,潤全一,2011-02-14,2016-01-03,4000000000
29241,2924,東凌一,2013-03-05,2016-01-25,200000000
29242,2924,東凌二KY,2015-11-15,2018-10-14,150000000
29243,2924,東凌三KY,2015-11-16,2018-10-15,100000000
29371,2937,集雅社一,2020-12-05,2023-09-04,250000000
30032,3003,健和二,2010-09-19,2015-08-08,500000000
30052,3005,神基二,2005-09-12,2010-08-01,1000000000
30061,3006,晶豪科一,2024-01-28,2026-10-27,1000000000
30102,3010,華立二,2014-09-02,2017-08-01,1000000000
30103,3010,華立三,2021-11-25,2024-08-24,2000000000
30112,3011,今皓二,2026-06-27,2029-03-26,450000000
30133,3013,晟銘電三,2024-02-17,2026-11-16,400000000
30134,3013,晟銘電四,2025-01-19,2027-10-18,500000000
30161,3016,嘉晶一,2007-09-24,2012-06-13,300000000
30162,3016,嘉晶二,2011-08-16,2014-06-05,300000000
30163,3016,嘉晶三,2020-02-01,2022-10-31,600000000
30164,3016,嘉晶四,2022-06-30,2025-03-29,500000000
30165,3016,嘉晶五,2024-10-27,2027-07-26,500000000
30171,3017,奇鋐一,2011-01-17,2013-12-16,1200000000
30181,3018,同開一,2014-12-20,2017-11-19,75000000
30182,3018,同開二,2014-12-21,2017-11-20,115000000
30183,3018,同開三,2017-10-15,2020-07-14,200000000
30184,3018,隆銘綠能四,2021-12-17,2024-09-16,350000000
30192,3019,亞光二,2009-10-15,2014-09-05,1500000000
30193,3019,亞光三,2011-06-28,2014-05-17,1000000000
30194,3019,亞光四,2011-07-01,2014-05-20,1000000000
30221,3022,威達一,2008-04-21,2013-01-11,1000000000
30232,3023,信邦二,2007-03-01,2012-01-18,600000000
30233,3023,信邦三,2010-08-26,2013-05-15,300000000
30234,3023,信邦四,2012-04-06,2015-02-23,300000000
30235,3023,信邦五,2014-09-24,2017-06-13,300000000
30236,3023,信邦六,2017-09-09,2020-06-08,500000000
30237,3023,信邦七,2021-03-16,2023-12-15,1300000000
30238,3023,信邦八,2023-03-13,2025-12-12,1000000000
30263,3026,禾伸三,2010-07-24,2015-06-13,700000000
30271,3027,盛達一,2010-10-17,2015-09-06,300000000
30283,3028,增你三,2006-09-21,2011-06-09,500000000
30284,3028,增你強四,2021-11-04,2024-08-03,600000000
30285,3028,增你強五,2026-10-25,2031-07-24,500000000
30292,3029,零壹二,2014-06-20,2019-05-09,500000000
30321,3032,偉訓一,2026-02-14,2028-11-13,1000000000
30322,3032,偉訓二,2026-02-26,2030-11-25,1000000000
30333,3033,威健三,2011-07-21,2016-06-10,800000000
30334,3033,威健四,2016-09-23,2019-08-22,200000000
30335,3033,威健五,2021-02-04,2025-11-03,1000000000
30336,3033,威健六,2022-09-02,2027-06-01,2000000000
30337,3033,威健七,2024-12-12,2029-09-11,2500000000
30341,3034,聯詠一,2005-07-23,2010-06-12,150000000
30342,3034,聯詠二,2006-07-08,2011-05-28,300000000
30365,3036,文曄五,2016-08-08,2019-07-07,1500000000
30366,3036,文曄六,2019-10-02,2022-07-01,1200000000
30371,3037,欣興一,2026-02-04,2030-11-03,4000000000
30384,3038,全台四,2010-11-23,2013-10-12,300000000
30401,3040,遠見一,2025-10-01,2028-06-30,500000000
30422,3042,晶技二,2006-12-09,2011-10-28,800000000
30423,3042,晶技三,2010-02-12,2013-01-01,800000000
30424,3042,晶技四,2013-02-26,2016-01-15,800000000
30425,3042,晶技五,2021-10-27,2024-07-26,1200000000
30432,3043,科風二,2011-11-25,2014-10-14,300000000
30453,3045,台灣大三,2016-12-23,2021-11-22,10000000000
30454,3045,台灣大四,2025-05-25,2030-02-24,7000000000
30455,3045,台灣大五,2025-05-26,2030-02-25,3000000000
30472,3047,訊舟二,2007-08-17,2012-05-07,200000000
30473,3047,訊舟三,2009-10-18,2014-09-07,200000000
30474,3047,訊舟四,2010-09-30,2015-06-19,200000000
30475,3047,訊舟五,2012-01-09,2016-11-28,270000000
30476,3047,訊舟六,2013-03-28,2018-02-17,400000000
30477,3047,訊舟七,2021-07-01,2026-03-30,400000000
30481,3048,益登一,2014-08-12,2017-07-01,300000000
30542,3054,萬國二,2012-12-28,2015-11-17,250000000
30543,3054,立萬利三,2014-02-03,2016-12-22,350000000
30562,3056,總太二,2013-06-14,2016-05-03,700000000
30571,3057,喬鼎一,2011-02-15,2014-01-04,600000000
30581,3058,立德一,2011-04-25,2014-03-14,300000000
30602,3060,銘異二,2009-12-31,2014-11-20,750000000
30603,3060,銘異三,2011-10-22,2016-09-11,647000000
30614,3061,璨圓四,2012-09-01,2017-07-21,1500000000
30681,3068,美磊一,2010-12-06,2015-10-26,700000000
30711,3071,協禧一,2010-03-27,2012-02-16,300000000
30731,3073,普格一,2008-11-25,2011-10-14,350000000
30732,3073,普格二,2008-11-25,2011-10-14,50000000
30733,3073,普格三,2012-01-06,2014-11-26,300000000
30851,3085,久大一,2010-03-23,2013-02-12,200000000
30861,3086,華義一,2015-01-24,2017-12-23,300000000
30881,3088,艾訊一,2017-01-14,2021-12-13,420000000
30882,3088,艾訊二,2023-11-29,2026-08-28,800000000
30892,3089,展成二,2013-09-14,2016-08-03,300000000
30921,3092,鴻碩一,2020-12-22,2023-09-21,500000000
30922,3092,鴻碩二,2023-10-05,2026-07-04,250000000
30951,3095,及成一,2008-01-18,2012-12-07,1000000000
30953,3095,及成三,2011-03-22,2014-02-11,500000000
30954,3095,及成四,2025-05-26,2028-02-25,150000000
31221,3122,笙泉一,2021-12-28,2024-09-27,200000000
31222,3122,笙泉二,2024-08-04,2027-05-03,200000000
31261,3126,信億一,2010-04-11,2013-02-28,50000000
31281,3128,昇銳一,2014-04-05,2017-02-22,100000000
31282,3128,昇銳二,2023-10-04,2026-07-03,300000000
31311,3131,弘塑一,2025-10-31,2030-07-30,1000000000
31312,3131,弘塑二,2025-11-06,2030-08-05,1000000000
31351,3135,凌航一,2026-03-05,2028-12-04,1000000000
31352,3135,凌航二,2026-08-06,2029-05-05,1500000000
31381,3138,耀登一,2022-04-19,2025-01-18,400000000
31382,3138,耀登二,2025-04-11,2028-01-10,700000000
31411,3141,晶宏一,2021-02-26,2023-11-25,350000000
31412,3141,晶宏二,2022-03-28,2024-12-27,800000000
31413,3141,晶宏三,2024-08-21,2027-05-20,800000000
31491,3149,正達一,2014-09-26,2019-08-25,480000000
31492,3149,正達二,2014-09-27,2017-08-26,500000000
31493,3149,正達三,2021-06-27,2024-03-26,500000000
31622,3162,精確二,2010-01-05,2014-11-24,50000000
31631,3163,波若威一,2013-08-09,2018-06-28,200000000
31632,3163,波若威二,2021-01-09,2023-10-08,300000000
31641,3164,景岳一,2011-02-04,2013-12-24,250000000
31642,3164,景岳二,2011-02-04,2013-12-24,250000000
31671,3167,大量一,2022-02-09,2024-11-08,400000000
31672,3167,大量二,2025-11-07,2028-08-06,500000000
31711,3171,新洲一,2014-12-01,2017-10-31,200000000
31712,3171,新洲二,2021-01-16,2023-10-15,200000000
31881,3188,鑫龍騰一,2020-02-26,2022-11-25,300000000
31882,3188,鑫龍騰二,2025-09-21,2028-06-20,600000000
32021,3202,樺晟一,2007-11-04,2012-09-23,600000000
32022,3202,樺晟二,2010-08-29,2013-07-18,100000000
32023,3202,樺晟三,2016-10-09,2019-09-08,300000000
32024,3202,樺晟四,2020-12-24,2023-09-23,300000000
32051,3205,佰研一,2014-02-01,2016-12-21,100000000
32052,3205,佰研二,2015-07-19,2018-06-18,100000000
32071,3207,耀勝一,2024-06-26,2027-03-25,500000000
32092,3209,全科二,2011-01-14,2015-12-03,300000000
32093,3209,全科三,2018-01-25,2020-10-24,300000000
32094,3209,全科四,2022-10-22,2025-07-21,600000000
32171,3217,優群一,2010-03-03,2013-01-24,300000000
32181,3218,大學一,2008-03-28,2013-02-17,500000000
32241,3224,三顧一,2006-11-02,2011-09-21,120000000
32242,3224,三顧二,2014-08-25,2017-07-14,150000000
32243,3224,三顧三,2019-04-10,2022-01-09,150000000
32301,3230,錦明一,2007-01-05,2011-11-24,600000000
32302,3230,錦明二,2009-09-25,2012-08-14,250000000
32341,3234,光環一,2015-12-13,2018-11-12,500000000
32342,3234,光環二,2015-12-14,2018-11-13,500000000
32361,3236,千如一,2012-01-29,2016-12-18,100000000
32521,3252,海灣一,2007-02-27,2012-01-16,100000000
32522,3252,海灣二,2013-12-05,2016-10-25,200000000
32523,3252,海灣三,2014-06-30,2017-05-19,200000000
32571,3257,虹冠電一,2025-02-02,2029-11-01,500000000
32604,3260,威剛四,2009-08-29,2012-07-19,800000000
32605,3260,威剛五,2010-11-02,2015-09-21,1000000000
32606,3260,威剛六,2019-08-09,2024-05-08,1500000000
32607,3260,威剛七,2020-12-29,2025-09-28,1000000000
32608,3260,威剛八,2026-04-09,2029-01-08,2000000000
32681,3268,海德威一,2022-04-11,2025-01-10,200000000
32721,3272,東碩一,2015-04-06,2018-03-05,400000000
32722,3272,東碩二,2018-05-13,2021-02-12,400000000
32723,3272,東碩三,2024-06-08,2029-03-07,300000000
32841,3284,太普一,2010-07-19,2013-06-08,170000000
32842,3284,太普二,2012-06-08,2015-04-27,210000000
32843,3284,太普高三,2025-12-16,2028-09-15,200000000
32881,3288,點晶一,2014-08-29,2017-07-28,200000000
32892,3289,宜特二,2011-02-11,2013-12-31,300000000
32893,3289,宜特三,2016-01-23,2018-12-22,300000000
32894,3289,宜特四,2017-01-06,2019-12-05,400000000
32895,3289,宜特五,2018-01-31,2020-10-30,1500000000
32901,3290,東浦一,2013-02-26,2016-01-15,150000000
32902,3290,東浦二,2014-01-12,2016-12-01,250000000
32903,3290,東浦三,2023-02-23,2025-11-22,300000000
32941,3294,英濟一,2008-02-24,2012-11-13,300000000
32942,3294,英濟二,2011-08-27,2014-07-16,300000000
32943,3294,英濟三,2026-09-19,2029-06-18,300000000
32961,3296,勝德一,2007-04-12,2012-03-02,400000000
32992,3299,帛漢二,2010-01-26,2012-12-15,200000000
32993,3299,帛漢三,2010-09-13,2013-08-02,300000000
32994,3299,帛漢四,2015-10-19,2018-09-18,300000000
33031,3303,岱稜一,2007-12-29,2012-11-18,600000000
33032,3303,岱稜二,2009-08-09,2012-06-28,255000000
33033,3303,岱稜三,2012-06-08,2015-04-27,150000000
33034,3303,岱稜四,2012-06-08,2015-04-27,100000000
33035,3303,岱稜五,2025-02-27,2029-11-26,500000000
33051,3305,昇貿一,2006-12-28,2011-11-17,600000000
33052,3305,昇貿二,2011-07-08,2014-05-28,400000000
33053,3305,昇貿三,2021-03-19,2023-12-18,200000000
33054,3305,昇貿四,2021-03-22,2023-12-21,300000000
33055,3305,昇貿五,2024-03-26,2026-12-25,800000000
33081,3308,聯德一,2009-10-01,2011-06-21,300000000
33082,3308,聯德二,2010-12-14,2013-09-03,450000000
33101,3310,佳穎一,2020-12-19,2025-09-18,600000000
33121,3312,弘憶股一,2024-09-26,2027-06-25,1000000000
33131,3313,斐成一,2007-10-31,2012-07-21,1200000000
33132,3313,斐成二,2013-10-05,2016-08-25,200000000
33133,3313,斐成三,2025-03-01,2027-11-29,400000000
33221,3322,建舜一,2012-01-07,2014-11-26,200000000
33222,3322,建舜電二,2016-04-26,2019-03-25,200000000
33223,3322,建舜電三,2021-06-18,2024-03-17,170000000
33224,3322,建舜電四,2022-12-07,2025-09-06,400000000
33225,3322,建舜電五,2024-12-03,2027-09-02,150000000
33231,3323,加百一,2008-06-20,2013-05-09,1000000000
33232,3323,加百裕二,2011-08-23,2016-07-12,500000000
33233,3323,加百裕三,2023-09-03,2026-06-02,400000000
33241,3324,雙鴻一,2011-08-20,2014-07-09,150000000
33242,3324,雙鴻二,2016-08-18,2019-05-17,300000000
33243,3324,雙鴻三,2019-08-30,2024-05-29,600000000
33244,3324,雙鴻四,2021-02-13,2025-11-12,1000000000
33245,3324,雙鴻五,2024-11-01,2029-07-31,1500000000
33246,3324,雙鴻六,2026-06-03,2031-03-02,3000000000
33247,3324,雙鴻七,2026-06-17,2031-03-16,2000000000
33251,3325,旭品一,2010-04-02,2013-02-20,200000000
33252,3325,旭品二,2014-09-19,2017-08-18,100000000
33253,3325,旭品三,2023-08-10,2026-05-09,100000000
33381,3338,泰碩一,2015-03-01,2018-01-29,300000000
33382,3338,泰碩二,2019-11-21,2022-08-20,300000000
33391,3339,泰谷一,2007-11-01,2012-07-21,300000000
33392,3339,泰谷二,2014-06-10,2017-04-29,800000000
33393,3339,泰谷三,2014-06-10,2017-04-29,200000000
33394,3339,泰谷四,2021-12-03,2024-09-02,300000000
33461,3346,麗清一,2017-09-29,2020-06-28,700000000
33462,3346,麗清二,2019-05-20,2022-02-19,350000000
33463,3346,麗清三,2021-04-16,2024-01-15,350000000
33464,3346,麗清四,2022-05-18,2025-02-17,200000000
33465,3346,麗清五,2023-03-29,2025-12-28,300000000
33466,3346,麗清六,2025-02-28,2027-11-27,300000000
33561,3356,奇偶一,2009-03-29,2011-12-19,300000000
33571,3357,臺慶科一,2024-02-01,2026-10-31,1100000000
33621,3362,先進光一,2024-10-17,2029-07-16,1200000000
33631,3363,上詮一,2013-07-27,2016-06-16,400000000
33632,3363,上詮二,2018-12-07,2023-09-06,400000000
33761,3376,日興一,2008-05-17,2013-04-06,1500000000
33762,3376,日興二,2011-02-20,2014-01-09,1500000000
33763,3376,新日興三,2024-11-24,2029-08-23,800000000
33801,3380,明泰一,2006-02-05,2010-12-25,1200000000
33802,3380,明泰二,2011-11-15,2016-10-04,1000000000
33831,3383,新世一,2008-07-06,2013-05-26,300000000
33832,3383,新世二,2008-07-06,2013-05-26,200000000
33833,3383,新世三,2009-08-02,2014-06-21,300000000
33834,3383,新世四,2011-04-25,2016-03-14,220000000
33835,3383,新世紀五,2014-09-21,2017-08-20,600000000
33881,3388,崇越電一,2023-02-10,2027-11-09,700000000
33901,3390,旭軟一,2012-08-21,2015-07-10,400000000
33902,3390,旭軟二,2025-05-22,2028-02-21,200000000
34021,3402,漢科一,2007-12-27,2012-11-16,350000000
34131,3413,京鼎一,2018-04-24,2021-01-23,1000000000
34132,3413,京鼎二,2021-02-17,2025-11-16,2000000000
34161,3416,融程一,2010-10-04,2013-08-24,300000000
34162,3416,融程電二,2021-06-23,2024-03-22,500000000
34163,3416,融程電三,2024-04-26,2027-01-25,500000000
34192,3419,譁裕二,2010-12-30,2013-11-19,300000000
34311,3431,長天一,2007-05-14,2012-04-04,240000000
34341,3434,哲固一,2025-05-28,2028-02-27,150000000
34381,3438,類比一,2008-07-25,2010-06-15,150000000
34382,3438,類比科二,2013-12-30,2016-11-17,300000000
34521,3452,益通一,2008-07-17,2013-06-06,1000000000
34522,3452,益通二,2009-09-14,2014-08-04,1000000000
34523,3452,益通三,2010-04-18,2015-03-08,1000000000
34541,3454,晶睿一,2010-02-28,2012-11-17,100000000
34652,3465,祥業二,2014-03-28,2017-02-17,50000000
34653,3465,進泰電子三,2021-07-22,2024-04-21,600000000
34654,3465,進泰電子四,2023-08-12,2026-05-11,400000000
34791,3479,安勤一,2011-01-22,2013-12-11,150000000
34792,3479,安勤二,2011-02-04,2013-12-24,250000000
34793,3479,安勤三,2024-04-23,2027-01-22,650000000
34832,3483,力致二,2020-05-21,2023-02-20,200000000
34833,3483,力致三,2021-12-30,2024-09-29,300000000
34834,3483,力致四,2024-08-23,2027-05-22,200000000
34841,3484,崧騰一,2014-11-24,2017-10-23,200000000
34842,3484,崧騰二,2021-05-06,2024-02-05,300000000
34843,3484,崧騰三,2023-07-25,2028-04-24,400000000
34891,3489,森寶一,2021-03-15,2023-12-14,100000000
34901,3490,單井一,2013-05-24,2016-04-13,300000000
34911,3491,昇科一,2010-12-02,2013-10-22,300000000
34912,3491,昇達科二,2024-11-29,2029-08-28,1000000000
34913,3491,昇達科三,2026-09-10,2031-06-09,1200000000
34941,3494,誠研一,2011-07-21,2016-06-10,500000000
34991,3499,環天一,2007-06-22,2012-05-11,250000000
34992,3499,環天二,2011-02-05,2013-12-25,300000000
35121,3512,皇龍一,2021-08-18,2024-05-17,400000000
35141,3514,昱晶一,2012-10-26,2017-09-15,620000000
35142,3514,昱晶二,2013-10-19,2018-09-08,500000000
35161,3516,亞帝歐一,2025-01-19,2027-10-18,350000000
35181,3518,柏騰一,2024-11-16,2027-08-15,300000000
35191,3519,綠能一,2008-11-25,2013-10-14,1500000000
35211,3521,鴻翊一,2021-03-26,2023-12-25,200000000
35221,3522,御嵿一,2024-03-19,2026-12-18,150000000
35231,3523,迎輝一,2010-06-21,2015-05-10,500000000
35261,3526,凡甲一,2010-03-09,2013-01-29,200000000
35262,3526,凡甲二,2013-12-02,2016-10-21,200000000
35263,3526,凡甲三,2017-04-16,2020-03-15,500000000
35264,3526,凡甲四,2019-12-31,2024-09-30,600000000
35265,3526,凡甲五,2022-05-15,2027-02-14,800000000
35266,3526,凡甲六,2024-04-30,2029-01-29,1000000000
35267,3526,凡甲七,2025-10-25,2030-07-24,1500000000
35271,3527,聚積一,2018-02-03,2022-11-02,300000000
35331,3533,嘉澤一,2021-11-20,2024-08-19,1000000000
35332,3533,嘉澤二,2023-06-10,2026-03-09,1000000000
35351,3535,晶科一,2010-10-03,2013-08-23,200000000
35352,3535,晶彩科二,2014-10-10,2017-08-30,200000000
35361,3536,誠創一,2009-12-17,2014-11-07,400000000
35363,3536,誠創三,2017-12-16,2020-09-15,300000000
35431,3543,州巧一,2026-03-27,2028-12-26,400000000
35451,3545,敦泰一,2013-07-18,2018-06-07,1000000000
35481,3548,兆利一,2022-07-29,2025-04-28,400000000
35482,3548,兆利二,2024-04-09,2027-01-08,800000000
35483,3548,兆利三,2025-05-26,2030-02-25,1500000000
35511,3551,世禾一,2009-08-10,2011-08-22,300000000
35512,3551,世禾二,2010-07-04,2013-04-18,350000000
35513,3551,世禾三,2026-01-29,2028-10-28,500000000
35521,3552,同致一,2010-01-14,2012-12-03,250000000
35522,3552,同致二,2010-11-26,2015-10-14,400000000
35523,3552,同致三,2013-03-01,2018-01-19,300000000
35571,3557,嘉威一,2014-03-27,2017-02-16,150000000
35641,3564,其陽一,2016-01-31,2018-10-30,200000000
35642,3564,其陽二,2024-12-04,2027-09-03,500000000
35761,3576,新日光一,2013-11-02,2016-09-21,501500000
35762,3576,新日光二,2013-11-02,2016-09-21,501500000
35763,3576,聯合再生三,2022-01-26,2024-10-25,3000000000
35791,3579,尚志一,2010-11-05,2013-09-24,1000000000
35801,3580,友威科一,2015-07-10,2018-06-09,100000000
35802,3580,友威科二,2021-08-14,2024-05-13,300000000
35831,3583,辛耘一,2024-09-08,2027-06-07,200000000
35832,3583,辛耘二,2024-09-20,2027-06-19,1000000000
35841,3584,介面一,2011-02-20,2016-01-09,1200000000
35871,3587,閎康一,2023-09-21,2026-06-20,600000000
35872,3587,閎康二,2026-05-05,2031-02-04,700000000
35911,3591,艾笛一,2011-10-07,2016-08-27,850000000
35912,3591,艾笛二,2013-12-16,2018-11-05,1000000000
35913,3591,艾笛森三,2021-04-26,2024-01-25,300000000
35914,3591,艾笛森四,2025-02-23,2027-11-22,300000000
35941,3594,磐儀一,2014-12-12,2019-11-11,300000000
35942,3594,磐儀二,2017-12-07,2020-09-06,200000000
35943,3594,磐儀三,2020-04-21,2023-01-20,300000000
35961,3596,智易一,2019-09-07,2022-06-06,1000000000
35971,3597,映興一,2021-09-23,2024-06-22,100000000
35981,3598,奕力一,2011-12-01,2016-10-21,400000000
36051,3605,宏致一,2010-11-04,2015-07-24,800000000
36052,3605,宏致二,2022-02-23,2024-11-22,600000000
36053,3605,宏致三,2024-11-07,2027-08-06,1000000000
36054,3605,宏致四,2026-10-07,2029-07-06,1000000000
36071,3607,谷崧一,2012-12-06,2017-10-26,600000000
36072,3607,谷崧二,2015-07-30,2020-06-29,800000000
36091,3609,東林一,2014-11-04,2017-10-03,150000000
36111,3611,鼎翰一,2016-02-01,2018-12-31,1200000000
36171,3617,碩天一,2020-04-16,2023-01-15,1200000000
36172,3617,碩天二,2023-09-17,2028-06-16,1200000000
36173,3617,碩天三,2025-09-17,2028-06-16,1500000000
36251,3625,西勝一,2015-03-11,2018-02-10,200000000
36252,3625,西勝二,2018-08-30,2023-05-29,400000000
36253,3625,西勝三,2021-04-13,2026-01-12,400000000
36291,3629,卓韋一,2011-02-12,2014-01-01,100000000
36311,3631,晟楠一,2012-01-09,2016-11-28,300000000
36312,3631,晟楠二,2012-01-09,2014-11-28,200000000
36313,3631,晟楠三,2021-06-13,2024-03-12,300000000
36321,3632,研勤一,2012-08-17,2017-07-16,200000000
36322,3632,研勤二,2017-01-23,2019-12-22,200000000
36451,3645,達邁一,2022-09-22,2025-06-21,600000000
36531,3653,健策一,2010-05-24,2013-04-13,800000000
36532,3653,健策二,2018-09-01,2023-05-31,1000000000
36533,3653,健策三,2021-01-31,2025-10-30,2000000000
36534,3653,健策四,2025-09-04,2030-06-03,3000000000
36535,3653,健策五,2025-09-14,2030-06-13,2000000000
36621,3662,樂陞一,2012-08-20,2015-07-09,250000000
36622,3662,樂陞二,2012-08-21,2015-07-10,50000000
36623,3662,樂陞三,2014-07-28,2017-06-17,400000000
36624,3662,樂陞四,2016-04-02,2019-03-01,500000000
36625,3662,樂陞五,2016-04-02,2019-03-01,500000000
36626,3662,樂陞六,2016-04-03,2019-03-02,1000000000
36631,3663,鑫科一,2013-10-17,2016-09-06,200000000
36632,3663,鑫科二,2013-10-18,2018-09-07,100000000
36633,3663,鑫科三,2023-06-22,2026-03-21,200000000
36651,3665,貿聯一,2012-07-27,2015-06-16,300000000
36652,3665,貿聯二KY,2014-08-31,2017-07-30,200000000
36801,3680,家登一,2013-07-05,2016-05-25,445000000
36802,3680,家登二,2020-02-22,2022-11-21,300000000
36803,3680,家登三,2022-10-08,2025-07-07,1000000000
36804,3680,家登四,2024-01-19,2026-10-18,1000000000
36805,3680,家登五,2026-08-09,2031-05-08,1000000000
36806,3680,家登六,2026-08-22,2031-05-21,1500000000
36841,3684,榮昌一,2026-01-29,2028-10-28,300000000
36871,3687,歐買尬一,2022-08-07,2025-05-06,600000000
36872,3687,歐買尬二,2026-01-03,2028-10-02,400000000
36873,3687,歐買尬三,2026-01-04,2028-10-03,200000000
36891,3689,湧德一,2013-12-30,2016-11-19,300000000
36892,3689,湧德二,2018-05-06,2021-02-05,300000000
36893,3689,湧德三,2021-03-12,2023-12-11,300000000
36894,3689,湧德四,2024-06-06,2027-03-05,500000000
36911,3691,碩禾一,2014-08-26,2019-07-15,1800000000
36912,3691,碩禾二,2018-04-26,2023-01-25,2000000000
36913,3691,碩禾三,2024-12-01,2027-08-30,2000000000
36931,3693,營邦一,2015-08-08,2020-07-07,500000000
36981,3698,隆達一,2012-09-17,2017-08-06,1000000000
36982,3698,隆達二,2014-02-10,2018-12-30,2000000000
37011,3701,大眾控一,2021-12-11,2024-09-10,700000000
37012,3701,大眾控二,2023-09-01,2026-05-31,600000000
370201,3702,大聯大E1,2026-04-15,2029-01-14,3000000000
37021,3702,大聯大一,2014-08-26,2017-07-25,6000000000
37022,3702,大聯大二,2025-02-12,2027-11-11,3500000000
37023,3702,大聯大三,2025-02-22,2027-11-21,2000000000
37071,3707,漢磊一,2016-03-27,2019-02-26,650000000
37072,3707,漢磊二,2019-02-27,2021-11-26,750000000
37073,3707,漢磊三,2021-09-23,2024-06-22,600000000
37074,3707,漢磊四,2022-07-08,2025-04-07,1000000000
37075,3707,漢磊五,2025-11-21,2030-08-20,1000000000
37081,3708,上緯投控一,2013-09-24,2018-08-13,710000000
37082,3708,上緯投控二,2015-08-03,2020-07-02,700000000
37083,3708,上緯投控三,2021-12-28,2026-09-27,1000000000
37084,3708,上緯投控四,2021-12-29,2026-09-28,1000000000
37101,3710,連展投控一,2019-11-01,2022-07-31,300000000
37131,3713,新晶投控一,2021-06-11,2026-03-10,500000000
37151,3715,定穎投控一,2026-04-22,2029-01-21,500000000
37152,3715,定穎投控二,2026-06-25,2029-03-24,1000000000
37171,3717,聯嘉投控一,2026-04-22,2029-01-21,700000000
41042,4104,佳醫二,2009-07-30,2014-06-20,500000000
41043,4104,佳醫三,2011-01-15,2013-12-04,200000000
41044,4104,佳醫四,2011-01-15,2013-12-04,210000000
41045,4104,佳醫五,2015-10-08,2018-09-07,300000000
41061,4106,雃博一,2016-11-20,2019-10-19,300000000
41072,4107,邦特二,2013-10-27,2016-09-16,160000000
41092,4109,加捷二,2011-01-18,2015-12-07,210000000
41093,4109,加捷生醫三,2015-03-12,2020-02-11,250000000
41131,4113,聯上一,2011-02-04,2013-12-24,300000000
41132,4113,聯上二,2012-10-11,2017-08-31,200000000
41133,4113,聯上三,2013-11-22,2018-10-11,500000000
41134,4113,聯上四,2014-09-20,2019-08-09,600000000
41135,4113,聯上五,2026-01-28,2030-10-27,400000000
41136,4113,聯上六,2026-06-21,2031-03-20,200000000
41142,4114,健喬二,2008-01-18,2010-12-07,250000000
41143,4114,健喬三,2011-02-25,2016-01-14,350000000
41144,4114,健喬四,2010-02-04,2014-12-24,180000000
41145,4114,健喬五,2014-12-08,2019-11-07,500000000
41191,4119,旭富一,2013-09-10,2016-07-30,600000000
41201,4120,友華一,2006-10-25,2011-09-15,100000000
41211,4121,優盛一,2007-11-19,2012-10-09,100000000
41212,4121,優盛二,2021-01-24,2023-10-23,110000000
41232,4123,晟德二,2008-02-21,2013-01-11,300000000
41233,4123,晟德三,2015-08-14,2020-07-13,3400000000
41234,4123,晟德四,2020-12-08,2025-09-07,500000000
41235,4123,晟德五,2020-12-09,2025-09-08,1500000000
41236,4123,晟德六,2023-07-27,2028-04-26,700000000
41237,4123,晟德七,2023-07-28,2028-04-27,2500000000
41238,4123,晟德八,2026-08-05,2031-05-04,1500000000
41239,4123,晟德九,2026-08-15,2031-05-14,500000000
41262,4126,太醫二,2008-12-19,2010-06-29,210000000
41291,4129,聯骨一,2013-03-07,2016-01-27,200000000
41292,4129,聯合二,2017-11-12,2020-08-11,400000000
41293,4129,聯合三,2019-12-11,2024-09-10,500000000
41294,4129,聯合四,2023-08-31,2026-05-30,500000000
41295,4129,聯合五,2025-08-30,2030-05-29,700000000
41301,4130,健亞一,2015-01-27,2017-12-26,250000000
41371,4137,麗豐一KY,2015-12-14,2018-11-13,900000000
41372,4137,麗豐二KY,2024-11-13,2027-08-12,1100000000
41381,4138,曜亞一,2011-09-13,2014-08-02,320000000
41382,4138,曜亞二,2015-03-01,2018-01-29,300000000
41411,4141,龍燈一KY,2013-06-16,2018-05-05,400000000
41412,4141,龍燈二KY,2016-12-12,2021-11-11,300000000
41413,4141,龍燈三KY,2016-12-15,2019-11-14,500000000
41414,4141,龍燈四KY,2020-03-07,2024-12-06,300000000
41415,4141,龍燈五KY,2020-03-10,2022-12-09,300000000
41421,4142,國光生一,2016-11-21,2021-10-20,600000000
41422,4142,國光生二,2016-11-21,2021-10-20,900000000
41481,4148,全宇生技一KY,2022-12-22,2025-09-21,500000000
41531,4153,鈺緯一,2014-01-27,2016-12-16,200000000
41532,4153,鈺緯二,2015-05-23,2018-04-22,300000000
41551,4155,訊映一,2019-10-24,2022-07-23,250000000
41552,4155,訊映二,2021-09-05,2024-06-04,300000000
41553,4155,訊映三,2022-12-29,2025-09-28,300000000
41611,4161,聿新科一,2014-02-18,2017-01-07,250000000
41631,4163,鐿鈦一,2014-09-21,2019-08-20,500000000
41641,4164,承業一,2013-09-01,2016-07-21,1000000000
41642,4164,承業醫二,2015-12-11,2018-11-10,1000000000
41643,4164,承業醫三,2018-02-03,2020-11-02,1200000000
41644,4164,承業醫四,2020-11-05,2025-08-04,1500000000
41645,4164,承業醫五,2025-09-21,2030-06-20,900000000
41671,4167,展旺一,2017-09-15,2020-06-14,700000000
41672,4167,松瑞藥二,2020-08-26,2023-05-25,700000000
41681,4168,醣聯一,2013-09-06,2016-07-26,300000000
41682,4168,醣聯二,2020-05-19,2023-02-18,300000000
41683,4168,醣聯三,2022-09-28,2025-06-27,400000000
41684,4168,醣聯四,2025-12-19,2028-09-18,500000000
41711,4171,瑞基一,2016-09-06,2019-08-05,200000000
41712,4171,瑞基二,2021-10-13,2024-07-12,200000000
41751,4175,杏一一,2017-03-24,2020-02-23,300000000
41752,4175,杏一二,2020-06-03,2025-03-02,300000000
41901,4190,佐登一KY,2019-03-29,2021-12-28,750000000
41902,4190,佐登二KY,2022-02-23,2024-11-22,1000000000
41903,4190,佐登三KY,2024-10-12,2027-07-11,700000000
41904,4190,佐登四KY,2026-10-01,2029-06-30,500000000
42072,4207,環泰二,2011-12-24,2014-09-13,300000000
43031,4303,信立一,2022-08-28,2025-05-27,300000000
43064,4306,炎洲四,2008-10-19,2013-09-09,1000000000
43065,4306,炎洲五,2010-07-17,2015-04-06,500000000
43066,4306,炎洲六,2011-04-15,2016-03-04,1000000000
43067,4306,炎洲七,2013-04-14,2018-03-03,300000000
43068,4306,炎洲八,2019-09-15,2024-06-14,500000000
43069,4306,炎洲九,2019-09-15,2024-06-14,500000000
44021,4402,福大一,2013-04-29,2016-03-18,300000000
44143,4414,如興三,2011-10-06,2014-08-26,200000000
44144,4414,如興四,2015-02-24,2018-01-23,990000000
44161,4416,三圓一,2013-11-19,2018-10-08,1000000000
44162,4416,三圓二,2017-12-19,2022-09-18,1000000000
44163,4416,三圓三,2022-12-31,2027-09-30,1000000000
44301,4430,耀億一,2012-08-30,2015-07-20,300000000
44331,4433,興采一,2019-04-18,2024-01-17,250000000
44332,4433,興采二,2021-01-23,2023-10-22,500000000
44381,4438,廣越一,2020-01-30,2022-10-29,1500000000
44382,4438,廣越二,2023-01-04,2025-10-03,1500000000
44383,4438,廣越三,2025-12-31,2028-09-30,800000000
44391,4439,冠星一KY,2025-06-04,2028-03-03,500000000
44421,4442,竣邦一KY,2025-10-29,2028-07-28,150000000
45031,4503,金雨一,2026-08-14,2029-05-13,500000000
45102,4510,高鋒二,2025-05-27,2028-02-26,900000000
45231,4523,永彰一,2013-02-26,2018-01-15,200000000
45272,4527,方霖二,2010-09-06,2013-07-26,300000000
45322,4532,瑞智二,2015-08-10,2018-07-09,1000000000
45342,4534,慶騰二,2013-11-02,2016-09-21,200000000
45343,4534,慶騰三,2016-05-23,2019-04-22,250000000
45381,4538,大詠城一,2023-01-04,2025-10-03,150000000
45401,4540,全球傳動一,2023-01-25,2025-10-24,500000000
45402,4540,全球傳動二,2023-03-13,2025-12-12,300000000
45411,4541,晟田一,2015-01-27,2017-12-26,300000000
45412,4541,晟田二,2015-01-28,2017-12-27,100000000
45413,4541,晟田三,2016-12-02,2019-11-01,300000000
45414,4541,晟田四,2016-12-03,2021-11-02,200000000
45421,4542,科嶠一,2024-12-07,2027-09-06,300000000
45491,4549,桓達一,2025-02-08,2027-11-07,500000000
45501,4550,長佳一,2016-04-15,2019-03-14,150000000
45511,4551,智伸科一,2018-05-06,2021-02-05,1500000000
45551,4555,氣立一,2018-09-07,2021-06-06,600000000
45552,4555,氣立二,2020-07-29,2023-04-28,600000000
45553,4555,氣立三,2022-12-06,2025-09-05,600000000
45554,4555,氣立四,2025-09-10,2028-06-09,500000000
45561,4556,旭然一,2021-03-23,2023-12-22,100000000
45562,4556,旭然二,2021-03-24,2023-12-23,200000000
45581,4558,寶緯一,2025-11-29,2028-08-28,300000000
45601,4560,強信一KY,2018-05-06,2021-02-05,300000000
45631,4563,百德一,2020-01-10,2022-10-09,200000000
45641,4564,元翎一,2023-12-27,2026-09-26,550000000
45661,4566,時碩工業一,2019-11-28,2024-08-27,600000000
45662,4566,時碩工業二,2022-04-04,2025-01-03,630000000
45663,4566,時碩工業三,2024-02-28,2026-11-27,800000000
45691,4569,六方科一KY,2025-04-16,2028-01-15,500000000
45721,4572,駐龍一,2024-10-17,2027-07-16,500000000
45801,4580,捷流閥業一,2022-07-27,2025-04-26,300000000
45811,4581,光隆精密一KY,2025-11-16,2028-08-15,500000000
47031,4703,揚華一,2015-05-28,2018-04-27,300000000
47141,4714,永捷一,2012-07-23,2015-06-12,150000000
47142,4714,永捷二,2012-07-26,2015-06-15,100000000
47143,4714,永捷三,2015-01-06,2017-12-05,150000000
47144,4714,永捷四,2015-01-09,2017-12-08,100000000
47145,4714,永捷五,2018-10-10,2021-07-09,300000000
47146,4714,永捷六,2022-01-16,2026-10-15,300000000
47147,4714,永捷七,2022-02-06,2024-11-05,200000000
47148,4714,永捷八,2026-08-05,2029-05-04,300000000
47162,4716,大立二,2019-06-06,2022-03-05,200000000
47201,4720,德淵一,2016-12-15,2019-11-14,250000000
47202,4720,德淵二,2020-01-24,2024-10-23,200000000
47203,4720,德淵三,2020-01-25,2022-10-24,100000000
47222,4722,國精二,2010-07-08,2013-05-28,200000000
47223,4722,國精化三,2026-01-02,2028-10-01,500000000
47224,4722,國精化四,2026-08-27,2029-05-26,1000000000
47291,4729,熒茂一,2011-08-06,2014-06-25,200000000
47331,4733,上緯一,2013-09-24,2018-08-13,710000000
47332,4733,上緯二,2015-08-03,2020-07-02,700000000
47351,4735,豪展一,2014-05-30,2016-11-19,100000000
47352,4735,豪展二,2018-06-15,2021-03-14,200000000
47361,4736,泰博一,2013-09-22,2016-08-11,600000000
47362,4736,泰博二,2015-04-17,2020-03-16,600000000
47363,4736,泰博三,2019-11-22,2024-08-21,1500000000
47371,4737,華廣一,2014-01-07,2014-12-27,600000000
47391,4739,康普一,2012-09-30,2017-08-19,400000000
47392,4739,康普二,2015-07-25,2020-06-24,600000000
47393,4739,康普三,2022-01-29,2026-10-28,700000000
47394,4739,康普四,2026-03-18,2030-12-17,600000000
47441,4744,皇將一,2020-01-18,2022-10-17,300000000
47442,4744,皇將二,2023-03-08,2025-12-07,150000000
47451,4745,合富一KY,2014-03-27,2017-02-16,400000000
47461,4746,台耀一,2013-01-20,2015-12-09,500000000
47462,4746,台耀二,2014-09-01,2017-07-21,500000000
47463,4746,台耀三,2018-10-21,2021-07-20,700000000
47471,4747,強生一,2023-09-13,2026-06-12,400000000
47491,4749,新應材一,2026-08-29,2029-05-28,2000000000
47601,4760,勤凱一,2020-11-26,2023-08-25,150000000
47602,4760,勤凱二,2026-08-23,2029-05-22,400000000
47631,4763,材料一KY,2017-09-10,2022-06-09,500000000
47632,4763,材料二KY,2020-12-26,2025-09-25,600000000
47633,4763,材料三KY,2022-08-12,2027-05-11,500000000
47641,4764,雙鍵一,2018-11-16,2021-08-15,600000000
47721,4772,台特化一,2026-02-28,2028-11-27,2000000000
48031,4803,VHQ一KY,2016-10-24,2019-09-23,700000000
48032,4803,VHQ二KY,2020-01-15,2022-10-14,500000000
48041,4804,大略一KY,2017-09-27,2020-06-26,400000000
48061,4806,昇華一,2017-08-04,2020-05-03,300000000
48062,4806,昇華二,2017-08-05,2020-05-04,150000000
48071,4807,日成一KY,2021-03-03,2023-12-02,250000000
49031,4903,聯光一,2010-12-08,2015-08-28,200000000
49062,4906,正文二,2008-10-14,2011-04-04,1000000000
49063,4906,正文三,2011-10-26,2016-07-15,2000000000
49064,4906,正文四,2016-04-16,2019-03-15,1000000000
49065,4906,正文五,2019-06-16,2022-03-15,1200000000
49066,4906,正文六,2023-09-03,2026-06-02,1500000000
49094,4909,復興四,2010-10-07,2015-08-27,300000000
49121,4912,聯控一,2014-05-16,2017-04-05,400000000
49122,4912,聯德控股二KY,2018-10-31,2021-07-30,600000000
49123,4912,聯德控股三KY,2020-11-05,2023-08-04,700000000
49124,4912,聯德控股四KY,2022-01-27,2024-10-26,1600000000
49161,4916,事欣科一,2014-11-23,2019-10-22,280000000
49162,4916,事欣科二,2020-03-14,2024-12-13,500000000
49163,4916,事欣科三,2022-06-11,2027-03-10,500000000
49164,4916,事欣科四,2023-09-01,2028-05-31,400000000
49165,4916,事欣科五,2025-08-15,2030-05-14,500000000
49191,4919,新唐一,2020-08-21,2027-05-20,2000000000
49231,4923,力士一,2026-04-30,2029-01-29,250000000
49241,4924,欣厚一,2012-04-08,2015-02-24,200000000
49271,4927,泰鼎一,2013-01-01,2017-11-20,600000000
49272,4927,泰鼎二KY,2014-08-22,2019-07-11,650000000
49273,4927,泰鼎三KY,2018-08-08,2021-05-07,600000000
49311,4931,新盛力一,2026-08-30,2029-05-29,700000000
49331,4933,友輝一,2013-03-01,2018-01-21,1000000000
49391,4939,亞電一,2012-09-22,2015-06-11,300000000
49392,4939,亞電二,2014-07-26,2017-04-15,300000000
49431,4943,康控一KY,2019-07-03,2022-04-02,1500000000
49441,4944,兆遠一,2012-04-10,2017-02-27,300000000
49561,4956,光鋐一,2014-07-25,2019-06-14,500000000
49671,4967,十銓一,2020-05-18,2023-02-17,500000000
49672,4967,十銓二,2021-01-08,2023-10-07,800000000
49673,4967,十銓三,2024-04-27,2027-01-26,1200000000
49674,4967,十銓四,2026-04-16,2029-01-15,2000000000
49681,4968,立積一,2022-10-30,2025-07-29,300000000
49711,4971,英特一,2014-08-09,2017-06-29,300000000
49712,4971,IET二KY,2024-02-21,2026-11-20,200000000
49741,4974,亞泰一,2012-08-24,2015-07-13,350000000
49742,4974,亞泰二,2014-05-26,2017-04-15,450000000
49771,4977,眾達一KY,2017-09-29,2020-06-28,400000000
49791,4979,華星光一,2016-01-23,2018-12-22,800000000
49792,4979,華星光二,2018-06-13,2021-03-12,300000000
49793,4979,華星光三,2025-03-10,2027-12-09,600000000
49794,4979,華星光四,2025-03-26,2027-12-25,200000000
49911,4991,環宇一KY,2015-06-14,2018-05-13,300000000
49912,4991,環宇二KY,2015-06-15,2018-05-14,300000000
49951,4995,晶達一,2016-02-05,2019-01-04,320000000
50093,5009,榮剛三,2010-02-27,2013-01-16,600000000
50094,5009,榮剛四,2011-02-27,2014-01-16,800000000
50095,5009,榮剛五,2011-02-28,2014-01-17,400000000
50096,5009,榮剛六,2022-11-16,2025-08-15,3000000000
50097,5009,榮剛七,2023-11-01,2026-07-31,5000000000
50111,5011,久陽一,2011-08-14,2014-07-03,100000000
50112,5011,久陽二,2019-09-18,2022-06-17,100000000
50113,5011,久陽三,2019-09-19,2022-06-18,200000000
50114,5011,久陽四,2022-12-31,2025-09-30,350000000
52011,5201,凱衛一,2026-01-16,2028-10-15,100000000
52091,5209,新鼎一,2024-01-07,2026-10-06,300000000
52121,5212,凌網一,2025-01-16,2029-10-15,400000000
52132,5213,亞昕二,2010-12-26,2013-11-15,500000000
52133,5213,亞昕三,2013-07-21,2016-06-10,400000000
52134,5213,亞昕四,2013-07-22,2016-06-11,100000000
52135,5213,亞昕五,2014-05-08,2017-03-27,400000000
52136,5213,亞昕六,2015-12-21,2018-11-20,500000000
52137,5213,亞昕七,2020-05-25,2025-02-24,1000000000
52151,5215,科嘉一KY,2015-07-10,2018-06-09,150000000
52231,5223,安力一KY,2021-01-31,2023-10-30,400000000
52251,5225,東科一KY,2023-03-01,2025-11-28,350000000
52301,5230,雷笛克光學一,2013-09-02,2016-07-22,230000000
52302,5230,雷笛克光學二,2015-11-28,2018-10-27,200000000
52303,5230,雷笛克光學三,2023-10-25,2026-07-24,300000000
52441,5244,弘凱一,2024-12-26,2029-09-25,500000000
52451,5245,智晶一,2022-11-26,2025-08-25,300000000
52452,5245,智晶二,2025-03-19,2027-12-18,300000000
52551,5255,美桀一,2017-04-03,2020-03-02,150000000
52591,5259,清惠一,2015-07-17,2018-06-16,300000000
52631,5263,智崴一,2013-07-29,2016-06-18,150000000
52632,5263,智崴二,2013-08-02,2018-06-21,150000000
52633,5263,智崴三,2021-01-13,2025-10-12,700000000
52634,5263,智崴四,2021-01-16,2024-10-15,500000000
52635,5263,智崴五,2024-06-05,2027-03-04,800000000
52811,5281,大峽谷一KY,2018-12-19,2021-09-18,300000000
52841,5284,jpp一KY,2015-11-24,2018-10-23,200000000
52842,5284,jpp二KY,2020-02-29,2022-11-28,200000000
52843,5284,jpp三KY,2025-02-05,2027-11-04,300000000
52844,5284,jpp四KY,2026-08-06,2029-05-05,200000000
52845,5284,jpp五KY,2026-08-12,2029-05-11,350000000
52851,5285,界霖一,2014-10-10,2019-09-09,720000000
52852,5285,界霖二,2019-01-18,2023-10-17,600000000
52881,5288,豐祥一KY,2022-09-09,2025-06-08,500000000
52891,5289,宜鼎一,2015-11-16,2018-10-15,500000000
52892,5289,宜鼎二,2026-10-02,2029-07-01,3000000000
52911,5291,邑昇一,2019-11-13,2022-08-12,100000000
53063,5306,桂盟三,2021-01-31,2023-10-30,1000000000
53064,5306,桂盟四,2024-02-09,2026-11-08,1000000000
53091,5309,系統一,2009-10-15,2012-09-05,230000000
53092,5309,系統二,2012-04-07,2015-02-24,400000000
53093,5309,系統電三,2015-02-13,2018-01-12,400000000
53094,5309,系統電四,2021-01-21,2023-10-20,500000000
53095,5309,系統電五,2023-11-09,2026-08-08,500000000
53096,5309,系統電六,2026-03-13,2030-12-12,700000000
53097,5309,系統電七,2026-03-16,2028-12-15,500000000
53153,5315,光聯三,2010-01-29,2012-12-18,200000000
53211,5321,美而快一,2024-06-05,2027-03-04,200000000
53282,5328,華容二,2008-02-11,2010-12-31,500000000
53461,5346,力晶一,2005-07-28,2010-06-17,4000000000
53462,5346,力晶二,2005-07-28,2010-06-17,6000000000
53512,5351,鈺創二,2010-07-18,2015-06-07,500000000
53513,5351,鈺創三,2022-08-25,2027-05-24,800000000
53552,5355,佳總二,2007-02-27,2012-01-16,250000000
53553,5355,佳總三,2012-04-18,2015-01-08,150000000
53813,5381,合正三,2008-07-01,2011-05-20,300000000
53883,5388,中磊三,2010-09-07,2015-07-27,600000000
53884,5388,中磊四,2011-10-01,2016-08-20,600000000
53885,5388,中磊五,2012-10-01,2017-08-21,600000000
53886,5388,中磊六,2022-08-18,2027-05-17,3000000000
53887,5388,中磊七,2024-03-07,2028-12-06,3000000000
53922,5392,應華二,2010-02-09,2014-12-29,700000000
53923,5392,應華三,2013-05-25,2016-04-14,600000000
53924,5392,應華四,2015-11-29,2020-10-28,1500000000
54254,5425,台半四,2007-12-23,2012-11-12,1250000000
54255,5425,台半五,2018-06-03,2021-03-02,1000000000
54342,5434,崇越二,2023-09-30,2026-06-29,1000000000
54391,5439,高技一,2025-12-10,2030-09-09,2000000000
54501,5450,南良一,2023-06-22,2028-03-21,500000000
54521,5452,佶優一,2011-10-23,2014-09-12,700000000
54572,5457,宣德二,2021-06-11,2024-03-10,1000000000
54573,5457,宣德三,2024-06-07,2027-03-06,2000000000
54641,5464,霖宏一,2011-08-26,2014-07-15,200000000
54642,5464,霖宏二,2026-08-26,2029-05-25,290000000
54691,5469,博德一,2010-10-04,2015-08-24,1000000000
54753,5475,德宏三,2010-10-21,2013-09-10,200000000
54754,5475,德宏四,2012-07-02,2016-05-22,200000000
54755,5475,德宏五,2012-07-02,2017-05-22,200000000
54756,5475,德宏六,2012-07-02,2015-05-22,300000000
54757,5475,德宏七,2014-03-25,2017-02-14,200000000
54758,5475,德宏八,2015-03-05,2018-02-04,200000000
54759,5475,德宏九,2015-09-28,2018-08-27,200000000
54901,5490,同亨ㄧ,2008-01-14,2012-07-03,400000000
54912,5491,連展二,2009-09-04,2012-07-26,300000000
54913,5491,連展三,2014-01-27,2016-12-16,300000000
54982,5498,凱崴二,2011-11-25,2014-10-14,350000000
54983,5498,凱崴三,2021-08-11,2024-05-10,200000000
55051,5505,和旺一,2008-07-27,2011-06-16,425000000
55052,5505,和旺二,2010-10-21,2013-10-21,700000000
55122,5512,力麒二,2007-12-06,2012-10-25,600000000
55123,5512,力麒三,2009-10-30,2014-09-19,1000000000
55124,5512,力麒四,2010-11-12,2013-10-01,1000000000
55191,5519,隆大一,2015-10-17,2018-09-16,200000000
55192,5519,隆大二,2015-10-18,2018-09-17,100000000
55193,5519,隆大三,2017-12-19,2022-09-18,200000000
55194,5519,隆大四,2017-12-20,2022-09-19,200000000
55223,5522,遠雄三,2008-07-30,2011-06-20,500000000
55224,5522,遠雄四,2008-07-30,2013-06-20,1000000000
55225,5522,遠雄五,2012-04-09,2015-02-26,800000000
55226,5522,遠雄六,2012-04-10,2017-02-27,1200000000
55231,5523,宏都一,2007-07-24,2012-06-13,300000000
55291,5529,志嘉一,2015-02-24,2018-01-23,400000000
55342,5534,長虹二,2006-03-23,2010-09-12,400000000
55343,5534,長虹三,2011-07-15,2016-06-04,800000000
55344,5534,長虹四,2026-06-12,2031-03-11,1500000000
55361,5536,聖暉一,2021-02-28,2023-11-27,800000000
55381,5538,東明一KY,2018-11-24,2021-08-23,400000000
55431,5543,桓鼎一KY,2021-10-13,2024-07-12,200000000
55432,5543,桓鼎二KY,2021-10-14,2024-07-13,100000000
55433,5543,桓鼎三KY,2023-03-15,2025-12-14,100000000
55434,5543,桓鼎四KY,2023-05-22,2026-02-21,100000000
55461,5546,永固一KY,2021-03-17,2023-12-16,800000000
56031,5603,陸海一,2011-05-30,2014-04-19,200000000
56083,5608,四維三,2010-02-15,2015-01-04,450000000
56084,5608,四維航四,2015-03-12,2018-02-11,400000000
56085,5608,四維航五,2015-03-13,2018-02-12,250000000
56086,5608,四維航六,2023-09-22,2026-06-21,500000000
56087,5608,四維航七,2025-03-18,2027-12-17,600000000
58711,5871,中租一KY,2022-03-17,2024-12-16,6000000000
59053,5905,南仁二,2007-10-22,2011-02-09,1000000000
59054,5905,南仁湖三,2011-10-20,2016-09-09,1000000000
59055,5905,南仁湖四,2021-08-19,2026-05-18,600000000
60151,6015,宏遠證一,2021-09-12,2026-06-11,700000000
60152,6015,宏遠證二,2024-04-06,2029-01-05,600000000
60221,6022,眾證一,2008-02-09,2012-12-28,1000000000
61011,6101,寬魚國際一,2026-04-30,2029-01-29,150000000
61012,6101,寬魚國際二,2026-05-01,2029-01-30,250000000
61041,6104,創惟一,2022-11-27,2027-08-26,500000000
61053,6105,瑞傳三,2014-11-09,2017-10-08,600000000
61071,6107,華美一,2015-06-13,2018-05-12,400000000
61082,6108,競國二,2008-11-14,2013-08-04,350000000
61083,6108,競國三,2010-11-15,2015-10-04,350000000
61112,6111,光聚晶電二,2024-12-11,2027-09-10,300000000
61152,6115,鎰勝二,2007-03-01,2011-11-20,600000000
61153,6115,鎰勝三,2012-07-23,2017-06-12,800000000
61171,6117,迎廣一,2024-08-28,2027-05-27,500000000
61172,6117,迎廣二,2025-08-29,2028-05-28,500000000
61182,6118,建達二,2007-09-09,2012-07-29,300000000
61203,6120,輔祥三,2007-04-16,2012-03-06,900000000
61204,6120,輔祥四,2008-08-30,2013-05-19,300000000
61232,6123,上奇二,2011-04-04,2016-02-22,300000000
61253,6125,廣運三,2007-10-14,2012-07-03,1500000000
61254,6125,廣運四,2009-05-28,2012-04-18,800000000
61255,6125,廣運五,2024-09-22,2027-06-21,600000000
61262,6126,信音二,2016-04-25,2019-03-24,250000000
61263,6126,信音三,2024-03-01,2026-11-30,500000000
61273,6127,九豪三,2010-05-13,2015-04-03,200000000
61274,6127,九豪四,2015-07-11,2018-06-10,400000000
61312,6131,悠克二,2014-08-04,2017-06-23,200000000
61332,6133,金橋二,2010-03-10,2015-01-30,250000000
61341,6134,萬旭一,2014-03-18,2017-03-07,100000000
61342,6134,萬旭二,2022-09-15,2025-06-14,200000000
61343,6134,萬旭三,2026-10-21,2029-07-20,300000000
61392,6139,亞翔二,2012-07-08,2015-05-28,700000000
61393,6139,亞翔三,2015-09-21,2018-08-20,700000000
61394,6139,亞翔四,2024-04-26,2027-01-25,500000000
61421,6142,友勁一,2007-04-26,2012-03-16,800000000
61462,6146,耕興二,2014-11-08,2017-10-07,600000000
61472,6147,頎邦二,2007-05-05,2012-03-24,2000000000
61503,6150,撼訊三,2010-05-22,2015-04-11,400000000
61504,6150,撼訊四,2020-07-30,2023-04-29,400000000
61505,6150,撼訊五,2021-11-05,2024-08-04,700000000
61506,6150,撼訊六,2024-06-08,2027-03-07,400000000
61522,6152,百一二,2007-06-04,2012-04-24,200000000
61533,6153,嘉聯三,2011-09-23,2016-08-12,800000000
61534,6153,嘉聯益四,2014-11-17,2017-10-16,1500000000
61562,6156,松上二,2017-09-17,2020-06-16,150000000
61563,6156,松上三,2017-09-20,2020-06-19,100000000
61564,6156,松上四,2022-04-13,2025-01-12,300000000
61565,6156,松上五,2025-09-26,2028-06-25,350000000
61613,6161,捷波三,2012-02-13,2015-01-02,200000000
61633,6163,華電三,2012-04-14,2015-03-13,250000000
61634,6163,華電網四,2021-08-26,2024-05-25,300000000
61635,6163,華電網五,2026-01-17,2028-10-16,300000000
61642,6164,華興二,2010-03-11,2013-01-31,200000000
61682,6168,宏齊二,2008-01-25,2012-12-14,300000000
61683,6168,宏齊三,2010-07-23,2015-06-12,1000000000
61684,6168,宏齊四,2014-08-30,2017-07-19,600000000
61702,6170,統振二,2010-11-23,2013-10-12,300000000
61703,6170,統振三,2013-03-01,2016-01-21,250000000
61752,6175,立敦二,2011-07-25,2014-06-14,180000000
61753,6175,立敦三,2019-06-05,2022-03-04,200000000
61754,6175,立敦四,2021-10-16,2024-07-15,500000000
61761,6176,瑞儀一,2014-02-25,2019-01-14,3000000000
61772,6177,達麗二,2008-01-14,2010-12-03,300000000
61773,6177,達麗三,2010-04-02,2013-02-19,300000000
61774,6177,達麗四,2012-09-24,2017-08-13,500000000
61775,6177,達麗五,2015-10-08,2020-09-07,500000000
61776,6177,達麗六,2015-10-09,2020-09-08,500000000
61777,6177,達麗七,2025-09-26,2028-06-25,600000000
61791,6179,亞通一,2020-10-22,2023-07-21,400000000
61792,6179,亞通二,2021-09-23,2024-06-22,200000000
61793,6179,亞通三,2023-10-26,2026-07-25,300000000
61794,6179,亞通四,2024-11-29,2027-08-28,600000000
61801,6180,橘子一,2015-08-16,2018-07-15,700000000
61824,6182,合晶四,2007-12-15,2012-11-04,1000000000
61825,6182,合晶五,2015-05-16,2018-04-15,600000000
61826,6182,合晶六,2017-05-01,2020-03-30,430000000
61827,6182,合晶七,2021-10-28,2026-07-27,300000000
61828,6182,合晶八,2024-12-28,2029-09-27,1500000000
61841,6184,大豐一,2013-06-18,2016-05-07,1200000000
61842,6184,大豐電二,2016-02-20,2019-01-19,2000000000
61843,6184,大豐電三,2024-06-07,2027-03-06,1500000000
61862,6186,新潤二,2007-12-05,2012-10-26,350000000
61873,6187,萬潤三,2011-06-24,2014-05-13,500000000
61874,6187,萬潤四,2022-05-23,2025-02-22,1000000000
61875,6187,萬潤五,2024-10-11,2027-07-10,500000000
61876,6187,萬潤六,2026-10-03,2029-07-02,3000000000
61893,6189,豐藝三,2020-09-09,2023-06-08,1000000000
61894,6189,豐藝四,2024-02-11,2028-11-10,500000000
61901,6190,萬泰一,2007-01-05,2011-11-25,500000000
61902,6190,萬泰二,2008-01-09,2012-10-30,600000000
61903,6190,萬泰三,2010-10-01,2015-08-20,300000000
61904,6190,萬泰科四,2014-08-16,2017-07-05,200000000
61905,6190,萬泰科五,2021-12-18,2024-09-17,300000000
61906,6190,萬泰科六,2023-02-01,2025-10-31,800000000
61907,6190,萬泰科七,2026-02-07,2028-11-06,1000000000
61911,6191,精成一,2010-10-28,2015-09-17,600000000
61941,6194,育富一,2007-09-08,2012-07-27,450000000
61952,6195,詩肯二,2017-01-16,2021-12-15,300000000
61963,6196,帆宣三,2016-09-23,2019-08-22,500000000
61964,6196,帆宣四,2021-03-16,2023-12-15,1500000000
61965,6196,帆宣五,2023-09-28,2026-06-27,2500000000
61972,6197,佳必二,2011-08-30,2014-07-19,300000000
61973,6197,佳必琪三,2025-01-16,2027-10-15,1000000000
61993,6199,天品三,2026-04-21,2029-01-20,250000000
61994,6199,天品四,2026-04-22,2029-01-21,350000000
62031,6203,海韻電一,2021-12-10,2024-09-09,600000000
62053,6205,詮欣三,2021-02-05,2023-11-04,350000000
62062,6206,飛捷二,2010-09-10,2015-07-30,800000000
62073,6207,雷科三,2010-08-09,2015-06-27,500000000
62074,6207,雷科四,2011-06-26,2016-05-15,600000000
62075,6207,雷科五,2025-11-27,2028-08-26,600000000
62076,6207,雷科六,2025-12-06,2028-09-05,200000000
62083,6208,日揚三,2020-08-30,2023-05-29,400000000
62092,6209,今國光二,2021-11-14,2024-08-13,350000000
62093,6209,今國光三,2026-01-24,2028-10-23,450000000
62135,6213,聯茂五,2008-12-05,2013-08-26,300000000
62152,6215,和椿二,2010-12-02,2013-10-22,300000000
62171,6217,中探一,2010-02-05,2014-12-25,80000000
62172,6217,中探二,2011-06-21,2014-05-10,200000000
62173,6217,中探三,2012-09-23,2015-08-12,260000000
62174,6217,中探針四,2021-11-28,2026-08-27,500000000
62191,6219,富旺一,2013-11-15,2016-10-04,200000000
62192,6219,富旺二,2013-11-16,2016-10-05,100000000
62193,6219,富旺三,2014-06-13,2017-05-02,400000000
62194,6219,富旺四,2026-01-17,2028-10-16,600000000
622010,6220,岳豐十,2026-09-11,2029-06-10,500000000
62203,6220,岳豐三,2010-01-08,2012-11-27,100000000
62204,6220,岳豐四,2010-01-09,2012-11-28,100000000
62205,6220,岳豐五,2011-02-22,2014-01-11,300000000
62206,6220,岳豐六,2013-08-11,2016-06-30,100000000
62207,6220,岳豐七,2013-12-16,2016-11-05,200000000
62208,6220,岳豐八,2017-09-20,2020-06-19,700000000
62209,6220,岳豐九,2020-05-19,2023-02-18,400000000
62232,6223,旺矽二,2007-03-09,2012-01-27,400000000
62233,6223,旺矽三,2014-12-19,2017-11-18,700000000
62234,6223,旺矽四,2018-11-16,2023-08-15,1000000000
62235,6223,旺矽五,2025-04-09,2030-01-08,3500000000
62236,6223,旺矽六,2026-09-16,2031-06-15,5000000000
62241,6224,聚鼎一,2021-04-19,2024-01-18,360000000
62262,6226,光鼎二,2009-07-31,2012-06-20,100000000
62263,6226,光鼎三,2010-07-26,2013-06-15,200000000
62264,6226,光鼎四,2014-12-29,2017-11-28,200000000
62371,6237,驊訊一,2007-10-11,2012-09-01,800000000
62382,6238,勝麗二,2014-01-21,2016-12-10,100000000
62383,6238,勝麗三,2015-09-28,2018-08-27,200000000
62384,6238,勝麗四,2015-09-29,2018-08-28,100000000
62433,6243,迅杰三,2024-09-26,2027-06-25,300000000
62452,6245,立端二,2013-11-22,2016-10-11,400000000
62482,6248,沛波二,2020-02-09,2022-11-08,150000000
62483,6248,沛波三,2020-02-12,2022-11-11,150000000
62484,6248,沛波四,2023-01-27,2025-10-26,200000000
62511,6251,定穎一,2010-09-28,2013-08-17,900000000
62512,6251,定穎二,2021-08-14,2024-05-13,500000000
62551,6255,奈普一,2008-08-30,2013-05-19,300000000
62571,6257,矽格一,2010-04-26,2015-03-15,1000000000
62572,6257,矽格二,2017-07-25,2020-04-24,1200000000
62573,6257,矽格三,2020-01-16,2022-10-15,1200000000
62574,6257,矽格四,2022-01-14,2024-10-13,1500000000
62592,6259,百徽二,2014-08-25,2017-07-14,250000000
62611,6261,久元一,2008-06-28,2013-05-17,500000000
62612,6261,久元二,2009-11-07,2012-09-26,350000000
62613,6261,久元三,2011-11-20,2014-10-09,1000000000
62641,6264,富裔一,2014-04-26,2017-03-15,500000000
62652,6265,方土昶二,2008-04-14,2013-03-03,300000000
62662,6266,泰詠二,2007-12-17,2012-11-06,200000000
62692,6269,台郡二,2011-02-19,2016-01-08,800000000
62693,6269,台郡三,2014-09-22,2017-08-21,2000000000
62694,6269,台郡四,2016-05-13,2018-12-12,1600000000
62695,6269,台郡五,2024-11-03,2027-08-02,2000000000
62696,6269,台郡六,2024-11-03,2027-08-02,1000000000
62701,6270,倍微一,2005-06-26,2010-05-14,200000000
62711,6271,同欣電一,2014-05-25,2017-04-14,2000000000
62742,6274,台燿二,2018-08-27,2023-05-25,1500000000
62743,6274,台燿三,2020-08-23,2025-05-22,1800000000
62744,6274,台燿四,2024-08-07,2029-05-06,2000000000
62745,6274,台燿五,2026-02-14,2030-11-13,4000000000
62751,6275,元山一,2009-11-30,2012-08-21,120000000
62752,6275,元山二,2010-11-29,2013-10-19,198000000
62753,6275,元山三,2010-11-30,2015-10-20,152000000
62754,6275,元山四,2013-10-19,2016-07-08,220000000
62755,6275,元山五,2016-05-01,2021-03-30,200000000
62756,6275,元山六,2021-12-31,2026-09-30,300000000
62791,6279,胡連一,2023-09-15,2028-06-14,1500000000
62821,6282,康舒一,2022-05-24,2027-02-23,5000000000
62822,6282,康舒二,2023-09-14,2028-06-13,4000000000
62832,6283,淳安二,2022-02-23,2024-11-22,300000000
62842,6284,佳邦二,2013-12-26,2016-11-15,300000000
62843,6284,佳邦三,2024-03-15,2026-12-14,700000000
62851,6285,啟？一,2011-07-15,2014-06-04,1500000000
62852,6285,啟？二,2016-02-06,2019-01-05,1500000000
62853,6285,啟碁三,2022-09-28,2025-06-27,2800000000
62872,6287,元隆二,2010-08-07,2013-06-26,350000000
62873,6287,元隆三,2011-06-21,2014-05-10,350000000
62874,6287,元隆四,2015-03-10,2018-01-31,250000000
62875,6287,元隆五,2018-03-09,2020-12-08,250000000
62881,6288,聯嘉一,2020-03-26,2022-12-25,500000000
62882,6288,聯嘉二,2021-08-20,2024-05-19,500000000
62883,6288,聯嘉三,2023-02-16,2025-11-15,500000000
62884,6288,聯嘉四,2024-03-22,2026-12-21,500000000
62892,6289,華上二,2007-12-21,2011-12-11,2000000000
629010,6290,良維十,2025-08-14,2028-05-13,800000000
62905,6290,良維五,2011-09-05,2016-07-25,200000000
62906,6290,良維六,2011-09-06,2016-07-26,300000000
62907,6290,良維七,2016-08-08,2021-07-07,200000000
62908,6290,良維八,2016-08-09,2021-07-08,300000000
62909,6290,良維九,2022-06-08,2027-03-07,600000000
64141,6414,樺漢一,2015-07-06,2018-05-05,800000000
64142,6414,樺漢二,2016-07-14,2021-05-13,1800000000
64143,6414,樺漢三,2019-05-27,2024-02-26,6000000000
64144,6414,樺漢四,2022-02-17,2026-11-16,1000000000
64145,6414,樺漢五,2023-11-17,2026-08-16,3000000000
64146,6414,樺漢六,2021-12-03,2026-09-02,1500000000
64161,6416,瑞祺電通一,2020-05-11,2023-02-10,700000000
64221,6422,君耀一KY,2017-02-13,2022-01-12,300000000
64251,6425,易發一,2025-01-16,2027-10-15,200000000
64261,6426,統新一,2017-09-13,2020-06-12,150000000
64321,6432,今展科一,2016-04-12,2019-03-11,180000000
64322,6432,今展科二,2019-12-04,2022-09-03,200000000
64323,6432,今展科三,2021-10-03,2024-07-02,230000000
64324,6432,今展科四,2024-11-17,2027-08-16,250000000
64381,6438,迅得一,2020-02-26,2022-11-25,400000000
64382,6438,迅得二,2023-08-06,2026-05-05,300000000
64411,6441,廣錠一,2020-06-06,2023-03-05,275000000
64412,6441,廣錠二,2020-06-06,2023-03-05,225000000
64413,6441,廣錠三,2021-01-27,2023-10-26,400000000
64414,6441,廣錠四,2021-01-27,2023-10-26,200000000
64415,6441,廣錠五,2021-01-28,2023-10-27,200000000
64421,6442,光聖一,2025-02-12,2027-11-11,1000000000
64422,6442,光聖二,2026-03-02,2028-12-01,1000000000
64423,6442,光聖三,2026-03-12,2028-12-11,1500000000
64491,6449,鈺邦一,2017-04-02,2020-03-01,300000000
64492,6449,鈺邦二,2018-07-28,2021-04-27,250000000
64511,6451,訊芯一KY,2018-05-13,2023-02-12,1500000000
64512,6451,訊芯二KY,2025-05-28,2028-02-27,2500000000
64651,6465,威潤一,2021-03-10,2023-12-09,250000000
64691,6469,大樹一,2018-09-13,2021-06-12,300000000
64692,6469,大樹二,2022-12-13,2025-09-12,1000000000
64693,6469,大樹三,2025-10-29,2028-07-28,1000000000
64721,6472,保瑞一,2018-10-07,2021-07-06,100000000
64722,6472,保瑞二,2022-12-29,2027-09-28,800000000
64723,6472,保瑞三,2023-11-05,2028-08-04,1700000000
64724,6472,保瑞四,2026-07-02,2031-04-01,2000000000
64725,6472,保瑞五,2026-07-16,2031-04-15,1000000000
64771,6477,安集一,2020-03-21,2024-12-20,300000000
64772,6477,安集二,2021-01-31,2025-10-30,300000000
64773,6477,安集三,2021-11-05,2026-08-04,500000000
64774,6477,安集四,2022-10-22,2027-07-21,1000000000
64775,6477,安集五,2026-01-10,2028-10-09,600000000
64861,6486,互動一,2020-02-23,2022-11-22,600000000
64862,6486,互動二,2023-04-12,2026-01-11,600000000
64961,6496,科懋一,2020-12-25,2023-09-24,300000000
65092,6509,聚和二,2009-12-24,2012-11-13,150000000
65093,6509,聚和三,2009-12-25,2014-11-14,150000000
65094,6509,聚和四,2014-12-01,2017-10-30,300000000
65095,6509,聚和五,2022-01-30,2024-10-29,300000000
65096,6509,聚和六,2024-10-04,2027-07-03,500000000
65101,6510,精測一,2026-04-06,2029-01-05,2000000000
65151,6515,穎崴一,2024-09-01,2027-05-31,1000000000
65152,6515,穎崴二,2026-05-06,2029-02-05,3000000000
65321,6532,瑞耘一,2020-06-19,2023-03-18,250000000
65331,6533,晶心科一,2025-12-09,2028-09-08,1500000000
65381,6538,倉和一,2025-09-27,2030-06-26,300000000
65461,6546,正基一,2024-09-06,2027-06-05,600000000
65462,6546,正基二,2026-09-10,2029-06-09,500000000
65463,6546,正基三,2026-10-01,2029-06-30,200000000
65471,6547,高端疫苗一,2022-08-10,2025-05-09,1750000000
65472,6547,高端疫苗二,2026-06-20,2029-03-19,750000000
65481,6548,長科一,2021-10-20,2026-07-19,1500000000
65521,6552,易華電一,2022-01-26,2026-10-25,500000000
65581,6558,興能高一,2020-02-21,2024-11-20,500000000
65701,6570,維田一,2022-09-07,2025-06-06,150000000
65731,6573,虹揚一KY,2018-11-18,2021-08-17,500000000
65761,6576,逸達一,2026-06-26,2029-03-25,400000000
65781,6578,達邦蛋白一,2022-03-09,2024-12-08,200000000
65841,6584,南俊國際一,2025-01-30,2027-10-29,700000000
65842,6584,南俊國際二,2025-01-31,2027-10-30,300000000
65843,6584,南俊國際三,2026-10-03,2029-07-02,800000000
65851,6585,鼎基一,2024-01-27,2026-10-26,500000000
65852,6585,鼎基二,2024-01-28,2026-10-27,200000000
65891,6589,台康生技一,2020-08-30,2023-05-29,300000000
65911,6591,動力一KY,2019-04-04,2022-01-03,150000000
65912,6591,動力二KY,2020-12-02,2023-09-01,220000000
65913,6591,動力三KY,2022-11-13,2025-08-12,200000000
65914,6591,動力四KY,2025-11-28,2028-08-27,250000000
65931,6593,台灣銘板一,2023-03-15,2025-12-14,300000000
66032,6603,富強鑫二,2015-07-03,2020-06-02,300000000
66033,6603,富強鑫三,2022-11-25,2025-08-24,500000000
66034,6603,富強鑫四,2026-08-05,2029-05-04,400000000
66131,6613,朋億一,2023-03-13,2025-12-12,800000000
66161,6616,特昇一KY,2020-03-04,2022-12-03,200000000
66162,6616,特昇二KY,2022-02-12,2024-11-11,120000000
66163,6616,特昇三KY,2023-12-21,2028-09-20,120000000
66241,6624,萬年清一,2024-10-06,2029-07-05,100000000
66291,6629,泰金一KY,2021-01-23,2023-10-22,200000000
66292,6629,泰金二KY,2024-12-14,2027-09-13,300000000
66411,6641,基士德一KY,2021-08-18,2026-05-17,300000000
66451,6645,金萬林一創,2025-03-05,2027-12-04,70000000
66541,6654,天正國際一,2022-03-11,2024-12-10,400000000
66551,6655,科定一,2021-04-06,2024-01-05,300000000
66641,6664,群翊一,2022-08-31,2025-05-30,500000000
66642,6664,群翊二,2025-02-20,2027-11-19,1250000000
66681,6668,中揚光一,2020-04-03,2023-01-02,400000000
66682,6668,中揚光二,2020-04-04,2023-01-03,250000000
66683,6668,中揚光三,2022-04-04,2025-01-03,500000000
66701,6670,復盛應用一,2022-07-12,2025-04-11,1500000000
66702,6670,復盛應用二,2026-03-27,2028-12-26,1500000000
66721,6672,騰輝電子一KY,2026-04-23,2031-01-22,500000000
66722,6672,騰輝電子二KY,2026-05-04,2031-02-03,500000000
66801,6680,鑫創電子一,2024-12-03,2029-09-02,350000000
66931,6693,廣閎科一,2026-10-25,2029-07-24,500000000
67021,6702,興航一,2014-11-10,2019-10-09,1000000000
67061,6706,惠特一,2021-05-04,2024-02-03,500000000
67062,6706,惠特二,2025-01-26,2027-10-25,500000000
67151,6715,嘉基一,2022-04-20,2025-01-19,300000000
67152,6715,嘉基二,2024-04-19,2027-01-18,300000000
67271,6727,亞泰金屬一,2021-09-11,2024-06-10,300000000
67531,6753,龍德造船一,2024-09-26,2027-06-25,1000000000
67611,6761,穩得一,2022-09-09,2025-06-08,400000000
67681,6768,志強一KY,2025-02-01,2027-10-31,1000000000
67711,6771,平和環保一創,2025-08-09,2028-05-08,350000000
67961,6796,晉弘一,2023-11-26,2026-08-25,200000000
67962,6796,晉弘二,2026-03-23,2028-12-22,200000000
68031,6803,崑鼎一,2010-12-15,2015-11-05,500000000
68032,6803,崑鼎二,2026-08-22,2031-05-21,2000000000
68041,6804,明係一,2023-09-20,2026-06-19,200000000
68061,6806,森崴能源一,2024-02-23,2026-11-22,3000000000
68211,6821,聯寶一,2025-11-16,2028-08-15,300000000
68231,6823,濾能一,2023-09-02,2026-06-01,250000000
68301,6830,汎銓一,2024-11-16,2027-08-15,500000000
68351,6835,圓裕一,2025-02-02,2027-11-01,600000000
68401,6840,東研信超一,2024-08-28,2027-05-27,200000000
68431,6843,進典一,2025-11-05,2028-08-04,300000000
68461,6846,綠茵一,2025-06-14,2030-03-13,350000000
68462,6846,綠茵二,2025-06-26,2030-03-25,350000000
68541,6854,錼創科技一KY創,2025-05-28,2028-02-27,800000000
68621,6862,三集瑞一KY,2026-06-14,2029-03-13,1000000000
68631,6863,永道一KY,2025-01-16,2027-10-15,1000000000
68691,6869,雲豹能源一,2024-02-29,2026-11-28,850000000
68692,6869,雲豹能源二,2026-10-25,2029-07-24,1800000000
68701,6870,騰雲一,2025-03-06,2029-12-05,350000000
68702,6870,騰雲二,2025-03-06,2029-12-05,350000000
68731,6873,泓德能源一,2023-12-29,2026-09-28,1000000000
68732,6873,泓德能源二,2025-08-30,2030-05-29,3000000000
68741,6874,倍力一,2025-02-05,2027-11-04,300000000
68901,6890,來億一KY,2026-03-01,2028-11-28,4499999744
68902,6890,來億二KY,2026-03-11,2028-12-10,500000000
68941,6894,衛司特一,2026-06-10,2029-03-09,300000000
69031,6903,巨漢一,2026-10-25,2029-07-24,500000000
69041,6904,伯鑫一,2026-03-27,2028-12-26,150000000
69131,6913,鴻呈一,2026-06-20,2029-03-19,450000000
69571,6957,裕慶一KY,2026-01-03,2028-10-02,1000000000
69821,6982,大井泵浦一,2025-10-24,2028-07-23,300000000
69822,6982,大井泵浦二,2025-11-05,2028-08-04,200000000
74021,7402,邑錡一,2022-02-10,2024-11-09,300000000
74022,7402,邑錡二,2025-12-03,2028-09-02,400000000
75561,7556,意德士一永,2025-11-13,2028-08-12,100000000
75562,7556,意德士二,2025-11-16,2028-08-15,200000000
76101,7610,聯友金屬一創,2026-08-21,2029-05-20,800000000
77131,7713,威力德生醫一,2026-01-21,2028-10-20,500000000
80111,8011,台通一,2014-04-14,2017-03-03,280000000
80112,8011,台通二,2016-07-22,2019-06-21,150000000
80113,8011,台通三,2016-07-23,2019-06-22,150000000
80114,8011,台通四,2019-09-25,2022-06-24,300000000
80212,8021,尖點二,2026-04-21,2031-01-20,700000000
80271,8027,鈦昇一,2015-12-28,2018-11-27,300000000
80272,8027,鈦昇二,2018-09-21,2023-06-20,400000000
80273,8027,鈦昇三,2022-10-14,2027-07-13,1000000000
80281,8028,昇陽半導體一,2020-02-14,2022-11-13,1000000000
80282,8028,昇陽半導體二,2025-04-23,2030-01-22,2000000000
80381,8038,長園科一,2014-10-17,2017-09-16,400000000
80392,8039,台虹二,2010-12-18,2013-11-07,400000000
80422,8042,金電二,2010-01-31,2012-12-20,300000000
80423,8042,金山電三,2012-11-30,2017-10-19,250000000
80424,8042,金山電四,2015-07-31,2018-06-30,500000000
80425,8042,金山電五,2018-10-11,2023-07-10,700000000
80426,8042,金山電六,2026-03-17,2028-12-16,350000000
80441,8044,網家一,2021-01-08,2023-10-07,1500000000
80492,8049,晶采二,2007-09-08,2012-07-28,280000000
80493,8049,晶采三,2011-12-08,2014-10-28,300000000
80502,8050,廣積二,2010-03-11,2015-01-30,130000000
80503,8050,廣積三,2012-10-19,2017-09-08,200000000
80504,8050,廣積四,2015-03-14,2020-02-13,150000000
80505,8050,廣積五,2020-12-08,2025-09-07,800000000
80506,8050,廣積六,2023-02-23,2027-11-22,1600000000
80541,8054,安國一,2026-10-23,2029-07-22,400000000
80661,8066,來思達一,2020-03-18,2022-12-17,300000000
80692,8069,元太二,2009-09-12,2014-08-01,2550000128
80703,8070,長華三,2010-09-11,2015-07-31,1800000000
80704,8070,長華四,2021-02-26,2025-11-25,1200000000
80705,8070,長華五,2023-06-14,2026-03-13,1200000000
80743,8074,鉅橡三,2012-11-19,2017-10-08,100000000
80744,8074,鉅橡四,2012-11-19,2017-10-08,80000000
80745,8074,鉅橡五,2015-09-21,2020-08-20,450000000
80746,8074,鉅橡六,2026-08-15,2029-05-14,300000000
80762,8076,伍豐二,2006-10-01,2011-08-22,400000000
80763,8076,伍豐三,2013-01-28,2015-12-17,500000000
80764,8076,伍豐四,2018-09-21,2021-09-20,600000000
80822,8082,捷超二,2008-06-13,2013-04-29,150000000
80823,8082,捷超三,2008-06-13,2013-05-02,100000000
80852,8085,福華二,2007-11-30,2012-10-20,550000000
80872,8087,麗升能源二,2025-08-03,2028-05-02,500000000
80911,8091,翔名一,2010-06-08,2013-04-27,250000000
80912,8091,翔名二,2011-12-08,2014-10-28,250000000
80913,8091,翔名三,2011-12-09,2014-10-29,150000000
80914,8091,翔名四,2024-11-16,2027-08-15,550000000
80922,8092,建暐二,2011-09-13,2014-08-02,120000000
80923,8092,建暐三,2020-10-23,2023-07-22,130000000
80924,8092,建暐四,2024-06-12,2027-03-11,170000000
80962,8096,擎亞二,2026-10-03,2029-07-02,800000000
80963,8096,擎亞三,2026-10-15,2029-07-14,500000000
80972,8097,常珵二,2021-09-22,2024-06-21,200000000
81032,8103,瀚荃二,2006-10-19,2011-07-07,250000000
81033,8103,瀚荃三,2010-07-09,2015-05-29,300000000
81034,8103,瀚荃四,2022-01-22,2024-10-21,500000000
81041,8104,錸寶一,2020-10-18,2023-07-17,350000000
81042,8104,錸寶二,2022-04-12,2027-01-11,600000000
81051,8105,凌巨一,2010-08-09,2015-06-29,700000000
81052,8105,凌巨二,2011-04-22,2016-03-11,1000000000
81071,8107,大億一,2007-10-07,2012-08-28,700000000
81072,8107,大億二,2011-08-19,2014-07-08,300000000
81073,8107,大億三,2011-08-26,2016-07-15,300000000
81091,8109,博大一,2021-10-21,2024-07-20,300000000
81101,8110,華東一,2014-12-15,2017-11-14,600000000
81102,8110,華東二,2018-06-20,2021-03-19,600000000
81112,8111,立？二,2007-10-04,2012-08-24,300000000
81113,8111,立？三,2007-10-04,2012-08-24,250000000
81114,8111,立碁四,2026-07-29,2029-04-28,500000000
811210,8112,至上十,2024-08-25,2029-05-24,3000000000
811211,8112,至上11,2026-09-24,2031-06-23,2000000000
81124,8112,至上四,2009-08-04,2014-06-23,500000000
81125,8112,至上五,2010-05-21,2015-04-10,800000000
81126,8112,至上六,2011-08-27,2014-07-16,1000000000
81127,8112,至上七,2014-01-04,2016-10-23,600000000
81128,8112,至上八,2016-07-01,2019-05-31,1000000000
81129,8112,至上九,2022-06-11,2025-03-10,1200000000
81141,8114,振樺電一,2014-08-29,2017-07-28,850000000
81142,8114,振樺電二,2016-12-09,2019-11-08,1200000000
81471,8147,正淩一,2015-03-01,2018-01-30,200000000
81472,8147,正淩二,2022-04-22,2025-01-21,200000000
81473,8147,正淩三,2025-01-04,2027-10-03,300000000
81551,8155,博智一,2025-04-11,2030-01-10,1000000000
81711,8171,天宇一,2013-01-08,2015-11-27,160000000
81712,8171,天宇二,2014-10-06,2017-09-05,160000000
81713,8171,天宇三,2021-06-24,2024-03-23,400000000
81714,8171,天宇四,2025-02-13,2027-11-12,250000000
81715,8171,天宇五,2025-02-15,2027-11-14,250000000
82101,8210,勤誠一,2024-04-20,2027-01-19,1000000000
82102,8210,勤誠二,2026-04-27,2029-01-26,800000000
82103,8210,勤誠三,2026-05-04,2029-02-03,700000000
82131,8213,志超一,2017-02-13,2019-07-12,800000000
82341,8234,新漢一,2008-09-04,2010-05-23,250000000
82401,8240,華宏一,2010-06-15,2015-05-04,500000000
82402,8240,華宏二,2013-02-22,2018-01-11,300000000
82551,8255,朋程一,2023-11-10,2026-08-09,800000000
82611,8261,富鼎一,2007-05-30,2012-04-20,400000000
82612,8261,富鼎二,2010-08-02,2013-06-21,300000000
82613,8261,富鼎三,2010-08-02,2013-06-21,100000000
82661,8266,中日一,2010-08-07,2013-06-26,300000000
82711,8271,宇瞻一,2026-08-06,2029-05-05,1000000000
82772,8277,商丞二,2007-06-30,2012-05-21,300000000
82773,8277,商丞三,2014-09-26,2017-08-25,300000000
82871,8287,英格ㄧ,2007-09-09,2012-07-30,100000000
82891,8289,泰藝一,2010-12-25,2015-11-14,250000000
82991,8299,群聯一,2022-03-18,2024-12-17,3500000000
82992,8299,群聯二,2024-04-24,2029-01-23,6000000000
82993,8299,群聯三,2026-05-07,2031-02-06,6000000000
83491,8349,友信一,2011-01-10,2013-11-29,200000000
83492,8349,？耀二,2015-06-15,2020-05-14,1000000000
83493,8349,？耀三,2016-07-04,2021-06-03,1500000000
83494,8349,恒耀四,2020-06-07,2025-03-06,500000000
83541,8354,冠郝一,2008-04-05,2013-02-23,220000000
83671,8367,建新國際一,2022-04-26,2025-01-25,700000000
83741,8374,羅昇一,2011-07-23,2016-06-12,400000000
83742,8374,羅昇二,2025-02-16,2027-11-15,500000000
83901,8390,金益一,2010-01-16,2012-12-05,300000000
83902,8390,金益二,2010-01-17,2012-12-06,100000000
83903,8390,金益三,2011-05-26,2014-04-15,350000000
83904,8390,金益四,2012-11-19,2015-10-08,350000000
83905,8390,金益鼎五,2020-02-20,2022-11-19,500000000
84011,8401,白紗一,2013-07-11,2016-05-31,200000000
84031,8403,盛弘一,2012-07-01,2015-05-20,170000000
84032,8403,盛弘二,2013-09-03,2016-07-23,500000000
84033,8403,盛弘三,2018-05-10,2021-02-09,150000000
84041,8404,百和興業一KY,2026-01-04,2028-10-03,1000000000
84061,8406,金可一KY,2013-08-18,2018-07-07,2000000000
84111,8411,福貞一KY,2013-09-21,2016-08-10,1000000000
84112,8411,福貞二KY,2023-01-14,2025-10-13,400000000
84113,8411,福貞三KY,2025-11-02,2030-08-01,1200000000
84201,8420,明揚一,2023-01-08,2025-10-07,500000000
84211,8421,旭源一,2014-04-19,2017-03-08,150000000
84221,8422,可寧衛一,2023-02-23,2027-11-22,2500000000
84222,8422,可寧衛二,2025-07-08,2030-04-07,2000000000
84291,8429,金麗一KY,2014-03-25,2017-02-14,1200000000
84311,8431,匯鑽科一,2015-11-17,2018-10-16,220000000
84312,8431,匯鑽科二,2026-04-06,2029-01-05,300000000
84331,8433,弘帆一,2023-06-08,2026-03-07,300000000
84332,8433,弘帆二,2024-08-25,2027-05-24,100000000
84333,8433,弘帆三,2024-08-28,2027-05-27,400000000
84361,8436,大江一,2015-11-17,2018-10-16,500000000
84362,8436,大江二,2018-09-09,2021-06-08,1200000000
84371,8437,大地一KY,2016-04-12,2019-03-11,250000000
84372,8437,大地二KY,2016-04-15,2019-03-14,250000000
84421,8442,威宏一KY,2022-11-20,2025-08-19,300000000
84422,8442,威宏二KY,2024-01-20,2026-10-19,400000000
84423,8442,威宏三KY,2026-10-25,2029-07-24,400000000
84501,8450,霹靂一,2015-08-14,2018-07-13,600000000
84621,8462,柏文一,2018-04-23,2021-01-22,400000000
84622,8462,柏文二,2021-04-07,2024-01-06,400000000
84623,8462,柏文三,2023-07-15,2026-04-14,300000000
84624,8462,柏文四,2026-08-09,2029-05-08,400000000
84661,8466,美吉吉一KY,2020-11-13,2023-08-12,600000000
84662,8466,美吉吉二KY,2023-10-27,2026-07-26,500000000
84671,8467,波力一KY,2020-11-08,2023-08-07,300000000
84672,8467,波力二KY,2024-08-31,2027-05-30,210000000
84673,8467,波力三KY,2024-09-01,2027-05-31,390000000
84731,8473,山林水一,2019-04-05,2022-01-04,500000000
84732,8473,山林水二,2021-12-29,2026-09-28,1000000000
84761,8476,台境一,2018-04-11,2021-01-10,100000000
84762,8476,台境二,2026-07-22,2029-04-21,250000000
84781,8478,東哥遊艇一,2024-10-16,2027-07-15,1500000000
84881,8488,吉源一KY,2024-03-20,2026-12-19,300000000
84891,8489,三貝德一,2025-03-10,2027-12-09,332992096
84991,8499,鼎炫一KY,2020-01-08,2022-10-07,500000000
89161,8916,光隆一,2016-10-31,2019-09-30,800000000
89254,8925,偉盟四,2008-10-17,2013-09-07,600000000
89255,8925,偉盟五,2011-09-10,2016-07-30,1000000000
89271,8927,北基一,2009-11-23,2012-10-12,180000000
89272,8927,北基二,2010-10-18,2013-09-07,300000000
89273,8927,北基三,2013-01-27,2015-12-17,200000000
89274,8927,北基四,2013-01-28,2015-12-18,200000000
89275,8927,北基五,2021-03-24,2025-12-23,600000000
89276,8927,北基六,2022-03-11,2024-12-10,300000000
89277,8927,北基七,2024-11-17,2027-08-16,590000000
89278,8927,北基八,2024-11-22,2027-08-21,500000000
89291,8929,富堡一,2010-07-04,2013-05-24,150000000
89301,8930,青鋼一,2007-11-05,2012-09-24,202000000
89302,8930,青鋼二,2011-06-18,2014-05-07,200000000
89321,8932,智通一,2021-07-16,2024-04-15,360000000
89331,8933,愛地一,2009-09-12,2014-08-01,350000000
89332,8933,愛地雅二,2014-03-14,2019-02-03,200000000
89333,8933,愛地雅三,2014-03-15,2019-02-04,100000000
89334,8933,愛地雅四,2017-02-18,2022-01-17,300000000
89335,8933,愛地雅五,2018-09-09,2023-06-08,400000000
89363,8936,國統三,2011-02-27,2014-01-16,500000000
89364,8936,國統四,2015-02-22,2018-01-21,600000000
89382,8938,明安二,2009-02-22,2014-01-11,500000000
89383,8938,明安三,2022-10-21,2025-07-20,1000000000
89411,8941,關中一,2007-01-27,2011-10-16,180000000
89423,8942,森鉅三,2010-11-29,2015-10-18,700000000
89424,8942,森鉅四,2012-06-04,2017-04-23,1200000000
89962,8996,高力二,2010-02-08,2014-12-28,200000000
89963,8996,高力三,2013-09-14,2018-08-04,100000000
89964,8996,高力四,2024-03-07,2028-12-06,1000000000
98021,9802,鈺齊一KY,2014-01-26,2016-10-15,100000000
98022,9802,鈺齊二KY,2014-01-29,2016-10-18,400000000
98023,9802,鈺齊三KY,2016-08-04,2019-05-03,700000000
98024,9802,鈺齊四KY,2019-01-03,2021-10-02,1000000000
98025,9802,鈺齊五KY,2020-11-18,2023-08-17,500000000
98026,9802,鈺齊六KY,2025-02-16,2027-11-15,1000000000
99061,9906,欣巴巴一,2023-09-10,2026-06-09,200000000
99062,9906,欣巴巴二,2024-08-08,2027-05-07,100000000
99063,9906,欣巴巴三,2025-05-28,2028-02-27,700000000
99211,9921,巨大一,2022-09-14,2027-06-13,4000000000
99272,9927,泰銘二,2009-07-26,2014-06-16,600000000
99331,9933,中鼎一,2007-11-19,2012-10-08,1500000000
99332,9933,中鼎二,2024-10-24,2029-07-23,6000000000
99341,9934,成霖一,2008-01-25,2012-12-14,1700000000
99342,9934,成霖二,2011-11-21,2017-10-10,1650000000
99351,9935,慶富一,2010-06-04,2015-04-23,400000000
99352,9935,慶富二,2010-06-04,2015-04-23,100000000
99353,9935,慶豐富三,2025-01-15,2027-10-14,300000000
99391,9939,宏全一,2011-08-16,2016-07-05,1000000000
99392,9939,宏全二,2025-01-30,2029-10-29,4000000000
99411,9941,裕融一,2012-07-21,2016-10-14,2500000000
99412,9941,裕融二,2024-02-21,2028-11-20,8000000000
99442,9944,新麗二,2014-04-13,2017-03-02,350000000
99451,9945,潤新一,2011-02-14,2016-01-03,3000000000
99461,9946,三發一,2012-08-21,2015-07-10,700000000
99552,9955,佳龍二,2011-04-30,2014-03-19,400000000
99553,9955,佳龍三,2011-05-01,2014-03-20,100000000
99581,9958,世鋼一,2012-12-01,2015-10-21,180000000
99582,9958,世紀鋼二,2018-10-31,2021-07-30,300000000
99583,9958,世紀鋼三,2018-11-01,2021-07-31,700000000
99584,9958,世紀鋼四,2020-11-12,2023-08-11,1500000000
99585,9958,世紀鋼五,2023-10-20,2026-07-19,1500000000
99586,9958,世紀鋼六,2023-11-01,2026-07-31,1500000000
99587,9958,世紀鋼七,2025-01-29,2027-10-28,4000000000
99588,9958,世紀鋼八永,2025-02-09,2027-11-08,2000000000
