cb_id,cb_name,date,InitialDateOfConversion,DueDateOfConversion,InitialDateOfStopConversion,DueDateOfStopConversion,ConversionPrice,NextEffectiveDateOfConversionPrice,LatestInitialDateOfPut,LatestDueDateOfPut,LatestPutPrice,InitialDateOfEarlyRedemption,DueDateOfEarlyRedemption,EarlyRedemptionPrice,DateOfDelisted,IssuanceAmount,OutstandingAmount,ReferencePrice,PriceOfUnderlyingStock,InitialDateOfSuspension,DueDateOfSuspension,CouponRate
11011,台泥一永,2026-07-08,2025-03-11,2029-12-10,,,34.0,2026-07-07,,,0.0,,,0.0,,8000000000.0,8000000000.0,100.0,23.1,,,0.0
11011,台泥一永,2026-07-09,2025-03-11,2029-12-10,,,34.0,2026-07-07,,,0.0,,,0.0,,8000000000.0,8000000000.0,100.0,22.7,,,0.0
12561,鮮活果汁一KY,2026-07-08,2026-01-09,2028-10-08,,,182.5,2026-07-17,,,0.0,,,0.0,,200000000.0,199500000.0,106.0,199.5,,,0.0
12561,鮮活果汁一KY,2026-07-09,2026-01-09,2028-10-08,,,182.5,2026-07-17,,,0.0,,,0.0,,200000000.0,199500000.0,112.0,197.5,,,0.0
13166,上曜六,2026-07-08,2025-03-28,2027-12-27,,,17.8,2024-12-27,,,0.0,,,0.0,,400000000.0,400000000.0,102.0,10.35,,,0.0
13166,上曜六,2026-07-09,2025-03-28,2027-12-27,,,17.8,2024-12-27,,,0.0,,,0.0,,400000000.0,400000000.0,102.0,10.35,,,0.0
13382,廣華二KY,2026-07-08,2024-03-02,2028-12-01,,,37.6,2025-07-15,,,0.0,,,0.0,,600000000.0,600000000.0,101.9,17.35,,,0.0
13382,廣華二KY,2026-07-09,2024-03-02,2028-12-01,,,37.6,2025-07-15,,,0.0,,,0.0,,600000000.0,600000000.0,101.65,16.9,,,0.0
140201,遠東新E1永,2026-07-08,2024-11-09,2029-08-08,,,45.4,2024-08-08,,,100.0,,,0.0,,1000000000.0,999900032.0,103.45,22.1,,,0.0
140201,遠東新E1永,2026-07-09,2024-11-09,2029-08-08,,,45.4,2024-08-08,,,100.0,,,0.0,,1000000000.0,999900032.0,102.0,22.25,,,0.0
140202,遠東新E2永,2026-07-08,2024-11-09,2029-08-08,,,33.7,2024-08-08,,,0.0,,,0.0,,1500000000.0,1499200000.0,100.3,22.1,,,0.0
140202,遠東新E2永,2026-07-09,2024-11-09,2029-08-08,,,33.7,2024-08-08,,,0.0,,,0.0,,1500000000.0,1499200000.0,100.0,22.25,,,0.0
14363,華友聯三,2026-07-08,2024-11-28,2027-08-27,,,128.7,2025-07-27,2026-07-18,2026-08-27,103.02,,,0.0,,600000000.0,593600000.0,101.35,45.1,,,0.0
14363,華友聯三,2026-07-09,2024-11-28,2027-08-27,,,128.7,2025-07-27,2026-07-18,2026-08-27,103.02,,,0.0,,600000000.0,593600000.0,101.45,44.9,,,0.0
14364,華友聯四,2026-07-08,2025-06-19,2028-03-18,,,99.0,2025-07-27,,,0.0,,,0.0,,2000000000.0,1979299968.0,96.1,45.1,,,0.0
14364,華友聯四,2026-07-09,2025-06-19,2028-03-18,,,99.0,2025-07-27,,,0.0,,,0.0,,2000000000.0,1979299968.0,96.15,44.9,,,0.0
14381,三地開發一,2026-07-08,2025-03-20,2029-12-19,,,55.88,2024-12-26,,,0.0,,,0.0,,970000000.0,970000000.0,119.7,21.95,,,0.0
14381,三地開發一,2026-07-09,2025-03-20,2029-12-19,,,55.88,2024-12-26,,,0.0,,,0.0,,970000000.0,970000000.0,119.7,21.95,,,0.0
14664,聚隆四,2026-07-08,2025-09-21,2028-06-20,,,18.8,2025-06-20,,,0.0,,,0.0,,400000000.0,400000000.0,115.5,17.5,,,0.0
14664,聚隆四,2026-07-09,2025-09-21,2028-06-20,,,18.8,2025-06-20,,,0.0,,,0.0,,400000000.0,400000000.0,115.5,16.85,,,0.0
14722,三洋實業二,2026-07-08,2025-08-30,2028-05-29,,,91.9,2026-07-05,,,0.0,,,0.0,,300000000.0,300000000.0,108.0,87.6,,,0.0
14722,三洋實業二,2026-07-09,2025-08-30,2028-05-29,,,91.9,2026-07-05,,,0.0,,,0.0,,300000000.0,300000000.0,108.1,88.5,,,0.0
14723,三洋實業三,2026-07-08,2025-09-18,2028-06-17,,,94.6,2026-07-05,,,0.0,,,0.0,,400000000.0,400000000.0,100.3,87.6,,,0.0
14723,三洋實業三,2026-07-09,2025-09-18,2028-06-17,,,94.6,2026-07-05,,,0.0,,,0.0,,400000000.0,400000000.0,100.1,88.5,,,0.0
14743,弘裕三,2026-07-08,2025-07-01,2028-03-31,,,14.0,2025-08-25,,,0.0,,,0.0,,300000000.0,300000000.0,94.6,10.45,,,0.0
14743,弘裕三,2026-07-09,2025-07-01,2028-03-31,,,14.0,2025-08-25,,,0.0,,,0.0,,300000000.0,300000000.0,94.1,10.5,,,0.0
15142,亞力二,2026-07-08,2025-04-14,2030-01-13,,,109.2,2025-09-15,,,0.0,,,0.0,,1200000000.0,1200000000.0,131.65,121.5,,,0.0
15142,亞力二,2026-07-09,2025-04-14,2030-01-13,,,109.2,2025-09-15,,,0.0,,,0.0,,1200000000.0,1200000000.0,131.25,122.5,,,0.0
15261,日馳一,2026-07-08,2023-12-20,2026-09-19,,,37.29,2023-12-05,,,0.0,,,0.0,,500000000.0,500000000.0,98.3,14.45,,,0.0
15261,日馳一,2026-07-09,2023-12-20,2026-09-19,,,37.29,2023-12-05,,,0.0,,,0.0,,500000000.0,500000000.0,98.4,14.4,,,0.0
15364,和大四,2026-07-08,2024-11-13,2027-08-12,,,71.47,2025-04-16,2026-07-04,2026-08-12,100.0,,,0.0,,1500000000.0,1500000000.0,99.0,50.0,,,0.0
15364,和大四,2026-07-09,2024-11-13,2027-08-12,,,71.47,2025-04-16,2026-07-04,2026-08-12,100.0,,,0.0,,1500000000.0,1500000000.0,99.45,55.0,,,0.0
15601,中砂一,2026-07-08,2024-09-25,2029-06-24,,,284.6,2025-07-27,,,0.0,,,0.0,,1000000000.0,293800000.0,247.0,698.0,,,0.0
15601,中砂一,2026-07-09,2024-09-25,2029-06-24,,,284.6,2025-07-27,,,0.0,,,0.0,,1000000000.0,293800000.0,255.0,709.0,,,0.0
15864,和勤四,2026-07-08,2023-12-01,2026-08-30,,,30.74,2025-10-20,,,0.0,,,0.0,,200000000.0,200000000.0,100.95,19.15,,,0.0
15864,和勤四,2026-07-09,2023-12-01,2026-08-30,,,30.74,2025-10-20,,,0.0,,,0.0,,200000000.0,200000000.0,100.95,19.1,,,0.0
15865,和勤五,2026-07-08,2023-12-01,2026-08-31,,,30.14,2025-10-20,,,0.0,,,0.0,,300000000.0,290200000.0,100.15,19.15,,,0.0
15865,和勤五,2026-07-09,2023-12-01,2026-08-31,,,30.14,2025-10-20,,,0.0,,,0.0,,300000000.0,290200000.0,100.1,19.1,,,0.0
15952,川寶二,2026-07-08,2024-12-03,2029-09-02,,,37.7,2025-07-18,,,0.0,,,0.0,,300000000.0,39200000.0,205.0,70.0,,,0.0
15952,川寶二,2026-07-09,2024-12-03,2029-09-02,,,37.7,2025-07-18,,,0.0,,,0.0,,300000000.0,39200000.0,205.0,71.0,,,0.0
15984,岱宇四,2026-07-08,2025-06-04,2028-03-03,,,31.9,2026-07-06,,,0.0,,,0.0,,200000000.0,200000000.0,96.0,19.0,,,0.0
15984,岱宇四,2026-07-09,2025-06-04,2028-03-03,,,31.9,2026-07-06,,,0.0,,,0.0,,200000000.0,200000000.0,96.25,19.1,,,0.0
16095,大亞五,2026-07-08,2024-12-31,2029-09-30,,,51.3,2025-07-20,,,0.0,,,0.0,,2000000000.0,2000000000.0,105.35,39.5,,,0.0
16095,大亞五,2026-07-09,2024-12-31,2029-09-30,,,51.3,2025-07-20,,,0.0,,,0.0,,2000000000.0,2000000000.0,105.7,39.1,,,0.0
17172,長興二,2026-07-08,2026-09-09,2031-06-08,,,76.0,2026-06-08,,,0.0,,,0.0,,2000000000.0,2000000000.0,139.0,76.7,,,0.0
17172,長興二,2026-07-09,2026-09-09,2031-06-08,,,76.0,2026-06-08,,,0.0,,,0.0,,2000000000.0,2000000000.0,137.4,73.8,,,0.0
17813,合世三,2026-07-08,2024-12-25,2027-09-24,,,18.0,2024-09-24,,,0.0,,,0.0,,200000000.0,200000000.0,102.3,12.0,,,0.0
17813,合世三,2026-07-09,2024-12-25,2027-09-24,,,18.0,2024-09-24,,,0.0,,,0.0,,200000000.0,200000000.0,102.3,11.95,,,0.0
17863,科妍三,2026-07-08,2025-11-02,2028-08-01,,,116.5,2025-08-01,,,0.0,,,0.0,,400000000.0,400000000.0,101.6,53.5,,,0.0
17863,科妍三,2026-07-09,2025-11-02,2028-08-01,,,116.5,2025-08-01,,,0.0,,,0.0,,400000000.0,400000000.0,101.6,56.0,,,0.0
19094,榮成四,2026-07-08,2022-03-21,2026-12-20,,,23.9,2023-07-10,,,100.75,,,0.0,,700000000.0,16000000.0,97.7,10.9,,,0.0
19094,榮成四,2026-07-09,2022-03-21,2026-12-20,,,23.9,2023-07-10,,,100.75,,,0.0,,700000000.0,16000000.0,97.7,10.3,,,0.0
20344,允強四,2026-07-08,2025-01-03,2029-10-02,,,25.2,2024-11-04,,,0.0,,,0.0,,2000000000.0,2000000000.0,106.7,20.4,,,0.0
20344,允強四,2026-07-09,2025-01-03,2029-10-02,,,25.2,2024-11-04,,,0.0,,,0.0,,2000000000.0,2000000000.0,106.65,20.55,,,0.0
20662,世德二,2026-07-08,2023-11-01,2026-07-31,,,88.1,2025-11-09,,,0.0,,,0.0,,400000000.0,237800000.0,99.5,66.8,,,0.0
20662,世德二,2026-07-09,2023-11-01,2026-07-31,,,88.1,2025-11-09,,,0.0,,,0.0,,400000000.0,237800000.0,99.55,66.0,,,0.0
21043,國際中橡三,2026-07-08,2024-01-14,2028-10-13,,,21.2,2023-10-13,,,0.0,,,0.0,,3500000000.0,3500000000.0,99.0,10.8,,,0.0
21043,國際中橡三,2026-07-09,2024-01-14,2028-10-13,,,21.2,2023-10-13,,,0.0,,,0.0,,3500000000.0,3500000000.0,99.0,10.45,,,0.0
22013,裕隆三,2026-07-08,2023-08-26,2028-05-25,,,75.0,2024-08-30,,,100.75,,,0.0,,7000000000.0,87800000.0,98.75,28.5,,,0.0
22013,裕隆三,2026-07-09,2023-08-26,2028-05-25,,,75.0,2024-08-30,,,100.75,,,0.0,,7000000000.0,87800000.0,98.75,28.45,,,0.0
22283,劍麟三,2026-07-08,2024-11-30,2027-08-29,,,80.91,2026-07-21,,,0.0,,,0.0,,300000000.0,278700000.0,115.0,85.0,,,0.0
22283,劍麟三,2026-07-09,2024-11-30,2027-08-29,,,80.91,2026-07-21,,,0.0,,,0.0,,300000000.0,278700000.0,115.0,85.4,,,0.0
22331,宇隆一,2026-07-08,2026-04-24,2029-01-23,,,250.0,2026-01-15,,,0.0,,,0.0,,1300000000.0,1299800064.0,134.0,256.0,,,0.0
22331,宇隆一,2026-07-09,2026-04-24,2029-01-23,,,250.0,2026-01-15,,,0.0,,,0.0,,1300000000.0,1299800064.0,129.0,252.5,,,0.0
22363,百達三KY,2026-07-08,2026-05-11,2031-02-10,,,118.1,2026-02-10,,,0.0,,,0.0,,250000000.0,102600000.0,158.0,175.5,,,0.0
22363,百達三KY,2026-07-09,2026-05-11,2031-02-10,,,118.1,2026-02-10,,,0.0,,,0.0,,250000000.0,102600000.0,145.05,176.0,,,0.0
22471,汎德永業一,2026-07-08,2025-09-27,2028-06-26,,,282.8,2026-01-14,,,0.0,,,0.0,,1000000000.0,1000000000.0,104.5,234.0,,,0.0
22471,汎德永業一,2026-07-09,2025-09-27,2028-06-26,,,282.8,2026-01-14,,,0.0,,,0.0,,1000000000.0,1000000000.0,104.5,233.0,,,0.0
22472,汎德永業二,2026-07-08,2025-10-01,2028-06-30,,,273.8,2026-01-14,,,0.0,,,0.0,,1000000000.0,999400000.0,105.7,234.0,,,0.0
22472,汎德永業二,2026-07-09,2025-10-01,2028-06-30,,,273.8,2026-01-14,,,0.0,,,0.0,,1000000000.0,999400000.0,105.6,233.0,,,0.0
23291,華泰一,2026-07-08,2026-06-19,2029-03-18,,,50.3,2026-06-18,,,0.0,,,0.0,,2500000000.0,2500000000.0,123.0,52.1,,,0.0
23291,華泰一,2026-07-09,2026-06-19,2029-03-18,,,50.3,2026-06-18,,,0.0,,,0.0,,2500000000.0,2500000000.0,122.0,51.4,,,0.0
23372,旺宏二,2026-07-08,2025-06-25,2028-03-24,,,23.0,2025-03-24,,,0.0,,,0.0,,3000000000.0,101300000.0,664.0,138.5,,,0.0
23372,旺宏二,2026-07-09,2025-06-25,2028-03-24,,,23.0,2025-03-24,,,0.0,,,0.0,,3000000000.0,101300000.0,664.0,143.5,,,0.0
23383,光罩三,2026-07-08,2021-11-04,2026-08-03,,,73.5,2026-03-16,,,100.0,,,0.0,,2000000000.0,97900000.0,99.45,48.0,,,0.0
23383,光罩三,2026-07-09,2021-11-04,2026-08-03,,,73.5,2026-03-16,,,100.0,,,0.0,,2000000000.0,97900000.0,99.45,47.7,,,0.0
23511,順德一,2026-07-08,2025-09-18,2028-06-17,,,72.4,2025-08-08,,,0.0,,,0.0,,1200000000.0,360600000.0,280.0,203.5,,,0.0
23511,順德一,2026-07-09,2025-09-18,2028-06-17,,,72.4,2025-08-08,,,0.0,,,0.0,,1200000000.0,360600000.0,283.0,200.0,,,0.0
23683,金像電三,2026-07-08,2026-02-25,2030-11-24,,,446.7,2026-06-29,,,0.0,2026-07-22,2026-08-20,100.0,2026-08-21,8999999488.0,3423000064.0,259.0,1150.0,,,0.0
23683,金像電三,2026-07-09,2026-02-25,2030-11-24,,,446.7,2026-06-29,,,0.0,2026-07-22,2026-08-20,100.0,2026-08-21,8999999488.0,3423000064.0,240.0,1075.0,,,0.0
23742,佳能二,2026-07-08,2026-05-03,2031-02-02,,,86.3,2026-03-18,,,0.0,,,0.0,,300000000.0,300000000.0,121.05,75.0,,,0.0
23742,佳能二,2026-07-09,2026-05-03,2031-02-02,,,86.3,2026-03-18,,,0.0,,,0.0,,300000000.0,300000000.0,121.05,75.0,,,0.0
24023,毅嘉三,2026-07-08,2026-02-20,2028-11-19,,,55.0,2025-11-19,,,0.0,,,0.0,,1000000000.0,1000000000.0,136.6,65.6,,,0.0
24023,毅嘉三,2026-07-09,2026-02-20,2028-11-19,,,55.0,2025-11-19,,,0.0,,,0.0,,1000000000.0,1000000000.0,135.9,64.4,,,0.0
24271,三商電一,2026-07-08,2024-03-14,2028-12-13,,,26.3,2025-08-11,,,0.0,,,0.0,,500000000.0,468400000.0,101.7,25.55,,,0.0
24271,三商電一,2026-07-09,2024-03-14,2028-12-13,,,26.3,2025-08-11,,,0.0,,,0.0,,500000000.0,468400000.0,100.8,25.25,,,0.0
24361,偉詮電一,2026-07-08,2023-12-12,2026-09-11,,,51.7,2026-07-06,,,100.5,,,0.0,,1100000000.0,873400000.0,132.5,68.9,,,0.0
24361,偉詮電一,2026-07-09,2023-12-12,2026-09-11,,,51.7,2026-07-06,,,100.5,,,0.0,,1100000000.0,873400000.0,131.5,67.2,,,0.0
24394,美律四,2026-07-08,2024-10-11,2027-07-10,,,128.9,2025-09-05,,,0.0,,,0.0,,2500000000.0,2500000000.0,106.0,89.3,,,0.0
24394,美律四,2026-07-09,2024-10-11,2027-07-10,,,128.9,2025-09-05,,,0.0,,,0.0,,2500000000.0,2500000000.0,105.0,88.9,,,0.0
24395,美律五,2026-07-08,2024-10-23,2027-07-22,,,125.2,2025-09-05,,,0.0,,,0.0,,500000000.0,500000000.0,108.0,89.3,,,0.0
24395,美律五,2026-07-09,2024-10-23,2027-07-22,,,125.2,2025-09-05,,,0.0,,,0.0,,500000000.0,500000000.0,108.0,88.9,,,0.0
24423,新美齊三,2026-07-08,2025-03-01,2027-11-29,,,25.1,2025-09-15,,,0.0,,,0.0,,1000000000.0,753100032.0,97.65,19.25,,,0.0
24423,新美齊三,2026-07-09,2025-03-01,2027-11-29,,,25.1,2025-09-15,,,0.0,,,0.0,,1000000000.0,753100032.0,97.75,19.25,,,0.0
24424,新美齊四,2026-07-08,2025-03-26,2027-12-25,,,25.3,2025-09-15,,,0.0,,,0.0,,600000000.0,508700000.0,97.5,19.25,,,0.0
24424,新美齊四,2026-07-09,2025-03-26,2027-12-25,,,25.3,2025-09-15,,,0.0,,,0.0,,600000000.0,508700000.0,97.5,19.25,,,0.0
24552,全新二,2026-07-08,2026-04-24,2029-01-23,,,161.8,2026-07-04,,,0.0,,,0.0,,500000000.0,266100000.0,207.0,335.0,,,0.0
24552,全新二,2026-07-09,2026-04-24,2029-01-23,,,161.8,2026-07-04,,,0.0,,,0.0,,500000000.0,266100000.0,208.0,330.5,,,0.0
24553,全新三,2026-07-08,2026-04-28,2029-01-27,,,152.5,2026-07-04,,,0.0,,,0.0,,500000000.0,401500000.0,217.0,335.0,,,0.0
24553,全新三,2026-07-09,2026-04-28,2029-01-27,,,152.5,2026-07-04,,,0.0,,,0.0,,500000000.0,401500000.0,220.0,330.5,,,0.0
24624,良得電四,2026-07-08,2023-11-12,2026-08-11,,,30.09,2025-08-03,,,100.5,,,0.0,,400000000.0,244300000.0,103.45,22.95,,,0.0
24624,良得電四,2026-07-09,2023-11-12,2026-08-11,,,30.09,2025-08-03,,,100.5,,,0.0,,400000000.0,244300000.0,103.4,22.85,,,0.0
24642,盟立二,2026-07-08,2024-12-17,2027-09-16,,,78.5,2025-07-09,,,0.0,2026-07-08,2026-08-07,100.0,2026-08-10,1000000000.0,171800000.0,200.0,159.5,,,0.0
24642,盟立二,2026-07-09,2024-12-17,2027-09-16,,,78.5,2025-07-09,,,0.0,2026-07-08,2026-08-07,100.0,2026-08-10,1000000000.0,171800000.0,206.0,161.5,,,0.0
24672,志聖二,2026-07-08,2026-04-10,2029-01-09,,,248.5,2026-06-27,,,0.0,,,0.0,,700000000.0,198400000.0,226.0,552.0,,,0.0
24672,志聖二,2026-07-09,2026-04-10,2029-01-09,,,248.5,2026-06-27,,,0.0,,,0.0,,700000000.0,198400000.0,224.0,556.0,,,0.0
24673,志聖三,2026-07-08,2026-04-23,2029-01-22,,,244.5,2026-06-27,,,0.0,,,0.0,,1000000000.0,369700000.0,234.0,552.0,,,0.0
24673,志聖三,2026-07-09,2026-04-23,2029-01-22,,,244.5,2026-06-27,,,0.0,,,0.0,,1000000000.0,369700000.0,233.0,556.0,,,0.0
24762,鉅祥二,2026-07-08,2024-04-27,2027-01-26,,,66.5,2025-08-20,,,0.0,,,0.0,,1000000000.0,301900000.0,208.0,132.0,,,0.0
24762,鉅祥二,2026-07-09,2024-04-27,2027-01-26,,,66.5,2025-08-20,,,0.0,,,0.0,,1000000000.0,301900000.0,208.0,129.0,,,0.0
24866,一詮六,2026-07-08,2024-10-02,2027-07-01,,,125.0,2026-06-01,,,101.0,2026-06-18,2026-07-17,100.0,2026-07-20,600000000.0,24800000.0,188.0,241.5,,,0.0
24866,一詮六,2026-07-09,2024-10-02,2027-07-01,,,125.0,2026-06-01,,,101.0,2026-06-18,2026-07-17,100.0,2026-07-20,600000000.0,24800000.0,206.0,259.0,,,0.0
25283,皇普三,2026-07-08,2025-04-01,2029-12-31,,,40.1,2026-04-03,,,0.0,,,0.0,,600000000.0,600000000.0,104.8,22.15,,,0.0
25283,皇普三,2026-07-09,2025-04-01,2029-12-31,,,40.1,2026-04-03,,,0.0,,,0.0,,600000000.0,600000000.0,104.8,22.45,,,0.0
25284,皇普四,2026-07-08,2025-04-18,2030-01-17,,,38.7,2026-04-03,,,0.0,,,0.0,,500000000.0,500000000.0,92.0,22.15,,,0.0
25284,皇普四,2026-07-09,2025-04-18,2030-01-17,,,38.7,2026-04-03,,,0.0,,,0.0,,500000000.0,500000000.0,92.0,22.45,,,0.0
25303,華建三,2026-07-08,2025-09-24,2028-06-23,,,32.2,2025-12-15,,,0.0,,,0.0,,500000000.0,500000000.0,93.9,19.55,,,0.0
25303,華建三,2026-07-09,2025-09-24,2028-06-23,,,32.2,2025-12-15,,,0.0,,,0.0,,500000000.0,500000000.0,93.85,19.75,,,0.0
25304,華建四,2026-07-08,2025-10-01,2028-06-30,,,30.2,2025-12-15,,,0.0,,,0.0,,800000000.0,760700032.0,93.2,19.55,,,0.0
25304,華建四,2026-07-09,2025-10-01,2028-06-30,,,30.2,2025-12-15,,,0.0,,,0.0,,800000000.0,760700032.0,93.2,19.75,,,0.0
25483,華固三,2026-07-08,2025-01-03,2029-10-02,,,138.0,2024-10-02,,,0.0,,,0.0,,4000000000.0,4000000000.0,101.45,100.5,,,0.0
25483,華固三,2026-07-09,2025-01-03,2029-10-02,,,138.0,2024-10-02,,,0.0,,,0.0,,4000000000.0,4000000000.0,101.35,101.0,,,0.0
25484,華固四,2026-07-08,2025-01-19,2029-10-18,,,136.3,2024-10-18,,,0.0,,,0.0,,2000000000.0,2000000000.0,105.0,100.5,,,0.0
25484,華固四,2026-07-09,2025-01-19,2029-10-18,,,136.3,2024-10-18,,,0.0,,,0.0,,2000000000.0,2000000000.0,105.0,101.0,,,0.0
26417,正德七,2026-07-08,2024-10-27,2027-07-26,,,21.59,2026-06-29,,,0.0,,,0.0,,590000000.0,570800000.0,101.75,18.05,,,0.0
26417,正德七,2026-07-09,2024-10-27,2027-07-26,,,21.59,2026-06-29,,,0.0,,,0.0,,590000000.0,570800000.0,101.75,17.95,,,0.0
26418,正德八,2026-07-08,2025-11-07,2030-08-06,,,18.82,2026-06-29,,,0.0,,,0.0,,780000000.0,718200000.0,105.4,18.05,,,0.0
26418,正德八,2026-07-09,2025-11-07,2030-08-06,,,18.82,2026-06-29,,,0.0,,,0.0,,780000000.0,718200000.0,105.4,17.95,,,0.0
27271,王品一,2026-07-08,2023-06-30,2028-03-29,,,233.4,2025-07-11,,,100.75,,,0.0,,700000000.0,699900032.0,113.5,241.5,,,0.0
27271,王品一,2026-07-09,2023-06-30,2028-03-29,,,233.4,2025-07-11,,,100.75,,,0.0,,700000000.0,699900032.0,112.5,240.5,,,0.0
27323,六角三,2026-07-08,2024-04-27,2027-01-26,,,121.0,2026-04-15,,,101.0,,,0.0,,600000000.0,39300000.0,100.0,65.7,,,0.0
27323,六角三,2026-07-09,2024-04-27,2027-01-26,,,121.0,2026-04-15,,,101.0,,,0.0,,600000000.0,39300000.0,100.0,64.9,,,0.0
27324,六角四,2026-07-08,2026-03-09,2028-12-08,,,72.0,2026-04-15,,,0.0,,,0.0,,600000000.0,600000000.0,101.0,65.7,,,0.0
27324,六角四,2026-07-09,2026-03-09,2028-12-08,,,72.0,2026-04-15,,,0.0,,,0.0,,600000000.0,600000000.0,101.0,64.9,,,0.0
27431,山富一,2026-07-08,2025-11-29,2028-08-28,,,135.0,2025-08-28,,,0.0,,,0.0,,300000000.0,300000000.0,102.0,65.5,,,0.0
27431,山富一,2026-07-09,2025-11-29,2028-08-28,,,135.0,2025-08-28,,,0.0,,,0.0,,300000000.0,300000000.0,102.0,65.6,,,0.0
27451,五福一,2026-07-08,2026-04-06,2029-01-05,,,111.3,2026-01-05,,,0.0,,,0.0,,300000000.0,300000000.0,112.0,105.5,,,0.0
27451,五福一,2026-07-09,2026-04-06,2029-01-05,,,111.3,2026-01-05,,,0.0,,,0.0,,300000000.0,300000000.0,112.0,106.0,,,0.0
27531,八方雲集一,2026-07-08,2026-01-10,2028-10-09,,,207.6,2025-12-31,,,0.0,,,0.0,,800000000.0,800000000.0,109.1,179.0,,,0.0
27531,八方雲集一,2026-07-09,2026-01-10,2028-10-09,,,207.6,2025-12-31,,,0.0,,,0.0,,800000000.0,800000000.0,109.0,176.0,,,0.0
27532,八方雲集二,2026-07-08,2026-01-21,2028-10-20,,,205.6,2025-12-31,,,0.0,,,0.0,,200000000.0,200000000.0,109.0,179.0,,,0.0
27532,八方雲集二,2026-07-09,2026-01-21,2028-10-20,,,205.6,2025-12-31,,,0.0,,,0.0,,200000000.0,200000000.0,109.0,176.0,,,0.0
27551,揚秦一,2026-07-08,2025-04-16,2028-01-15,,,67.9,2026-07-23,,,0.0,,,0.0,,200000000.0,73500000.0,160.0,139.5,,,0.0
27551,揚秦一,2026-07-09,2025-04-16,2028-01-15,,,67.9,2026-07-23,,,0.0,,,0.0,,200000000.0,73500000.0,160.0,138.0,,,0.0
27561,聯發國際一,2026-07-08,2024-08-31,2027-05-30,,,87.7,2026-04-15,,,101.0,,,0.0,,300000000.0,113400000.0,100.9,58.6,,,0.0
27561,聯發國際一,2026-07-09,2024-08-31,2027-05-30,,,87.7,2026-04-15,,,101.0,,,0.0,,300000000.0,113400000.0,100.9,59.5,,,0.0
29061,高林一,2026-07-08,2023-12-21,2026-09-20,,,16.8,2025-07-21,,,102.01,,,0.0,,1000000000.0,460000000.0,102.8,14.0,,,0.0
29061,高林一,2026-07-09,2023-12-21,2026-09-20,,,16.8,2025-07-21,,,102.01,,,0.0,,1000000000.0,460000000.0,102.75,14.0,,,0.0
30112,今皓二,2026-07-08,2026-06-27,2029-03-26,,,12.5,2026-03-26,,,0.0,,,0.0,,450000000.0,450000000.0,117.5,13.4,,,0.0
30112,今皓二,2026-07-09,2026-06-27,2029-03-26,,,12.5,2026-03-26,,,0.0,,,0.0,,450000000.0,450000000.0,115.9,13.1,,,0.0
30134,晟銘電四,2026-07-08,2025-01-19,2027-10-18,,,143.8,2025-07-20,,,0.0,,,0.0,,500000000.0,500000000.0,125.0,105.5,,,0.0
30134,晟銘電四,2026-07-09,2025-01-19,2027-10-18,,,143.8,2025-07-20,,,0.0,,,0.0,,500000000.0,500000000.0,122.95,102.0,,,0.0
30165,嘉晶五,2026-07-08,2024-10-27,2027-07-26,,,71.4,2025-07-15,,,0.0,,,0.0,,500000000.0,370400000.0,171.0,120.0,,,0.0
30165,嘉晶五,2026-07-09,2024-10-27,2027-07-26,,,71.4,2025-07-15,,,0.0,,,0.0,,500000000.0,370400000.0,171.0,121.5,,,0.0
30321,偉訓一,2026-07-08,2026-02-14,2028-11-13,,,105.9,2025-11-13,,,0.0,,,0.0,,1000000000.0,1000000000.0,97.4,75.8,,,0.0
30321,偉訓一,2026-07-09,2026-02-14,2028-11-13,,,105.9,2025-11-13,,,0.0,,,0.0,,1000000000.0,1000000000.0,99.95,81.4,,,0.0
30322,偉訓二,2026-07-08,2026-02-26,2030-11-25,,,101.9,2025-11-25,,,0.0,,,0.0,,1000000000.0,1000000000.0,100.0,75.8,,,0.0
30322,偉訓二,2026-07-09,2026-02-26,2030-11-25,,,101.9,2025-11-25,,,0.0,,,0.0,,1000000000.0,1000000000.0,100.4,81.4,,,0.0
30336,威健六,2026-07-08,2022-09-02,2027-06-01,,,24.84,2025-08-17,,,102.0,,,0.0,,2000000000.0,60900000.0,200.0,49.6,,,0.0
30336,威健六,2026-07-09,2022-09-02,2027-06-01,,,24.84,2025-08-17,,,102.0,,,0.0,,2000000000.0,60900000.0,200.0,49.6,,,0.0
30337,威健七,2026-07-08,2024-12-12,2029-09-11,,,34.44,2025-08-17,,,0.0,,,0.0,,2500000000.0,1770499968.0,144.0,49.6,,,0.0
30337,威健七,2026-07-09,2024-12-12,2029-09-11,,,34.44,2025-08-17,,,0.0,,,0.0,,2500000000.0,1770499968.0,143.95,49.6,,,0.0
30371,欣興一,2026-07-08,2026-02-04,2030-11-03,,,163.8,2026-07-12,,,0.0,,,0.0,,4000000000.0,1347299968.0,520.0,863.0,,,0.0
30371,欣興一,2026-07-09,2026-02-04,2030-11-03,,,163.8,2026-07-12,,,0.0,,,0.0,,4000000000.0,1347299968.0,545.0,875.0,,,0.0
30401,遠見一,2026-07-08,2025-10-01,2028-06-30,,,47.2,2025-07-05,,,0.0,,,0.0,,500000000.0,347800000.0,100.0,37.6,,,0.0
30401,遠見一,2026-07-09,2025-10-01,2028-06-30,,,47.2,2025-07-05,,,0.0,,,0.0,,500000000.0,347800000.0,100.0,37.5,,,0.0
30454,台灣大四,2026-07-08,2025-05-25,2030-02-24,,,118.2,2025-07-15,,,0.0,,,0.0,,7000000000.0,6979999744.0,102.05,113.0,,,0.0
30454,台灣大四,2026-07-09,2025-05-25,2030-02-24,,,118.2,2025-07-15,,,0.0,,,0.0,,7000000000.0,6979999744.0,102.0,108.5,,,0.0
30455,台灣大五,2026-07-08,2025-05-26,2030-02-25,,,111.3,2025-07-15,,,0.0,,,0.0,,3000000000.0,3000000000.0,106.0,113.0,,,0.0
30455,台灣大五,2026-07-09,2025-05-26,2030-02-25,,,111.3,2025-07-15,,,0.0,,,0.0,,3000000000.0,3000000000.0,106.2,108.5,,,0.0
30882,艾訊二,2026-07-08,2023-11-29,2026-08-28,,,88.5,2025-08-08,,,0.0,,,0.0,,800000000.0,173200000.0,162.0,147.5,,,0.0
30882,艾訊二,2026-07-09,2023-11-29,2026-08-28,,,88.5,2025-08-08,,,0.0,,,0.0,,800000000.0,173200000.0,165.0,144.0,,,0.0
30954,及成四,2026-07-08,2025-05-26,2028-02-25,,,41.1,2025-02-25,,,0.0,,,0.0,,150000000.0,150000000.0,140.5,37.7,,,0.0
30954,及成四,2026-07-09,2025-05-26,2028-02-25,,,41.1,2025-02-25,,,0.0,,,0.0,,150000000.0,150000000.0,140.5,38.15,,,0.0
31222,笙泉二,2026-07-08,2024-08-04,2027-05-03,,,42.3,2024-05-03,,,101.0,,,0.0,,200000000.0,16700000.0,107.0,30.15,,,0.0
31222,笙泉二,2026-07-09,2024-08-04,2027-05-03,,,42.3,2024-05-03,,,101.0,,,0.0,,200000000.0,16700000.0,107.0,30.15,,,0.0
31311,弘塑一,2026-07-08,2025-10-31,2030-07-30,,,1736.5,2025-08-04,,,0.0,,,0.0,,1000000000.0,424500000.0,183.0,3110.0,,,0.0
31311,弘塑一,2026-07-09,2025-10-31,2030-07-30,,,1736.5,2025-08-04,,,0.0,,,0.0,,1000000000.0,424500000.0,190.0,3305.0,,,0.0
31312,弘塑二,2026-07-08,2025-11-06,2030-08-05,,,1626.6,2025-08-05,,,0.0,,,0.0,,1000000000.0,537500032.0,198.0,3110.0,,,0.0
31312,弘塑二,2026-07-09,2025-11-06,2030-08-05,,,1626.6,2025-08-05,,,0.0,,,0.0,,1000000000.0,537500032.0,198.0,3305.0,,,0.0
31352,凌航二,2026-07-08,2026-08-06,2029-05-05,,,129.9,2026-05-05,,,0.0,,,0.0,,1500000000.0,1500000000.0,132.95,171.5,,,0.0
31352,凌航二,2026-07-09,2026-08-06,2029-05-05,,,129.9,2026-05-05,,,0.0,,,0.0,,1500000000.0,1500000000.0,132.0,172.0,,,0.0
31413,晶宏三,2026-07-08,2024-08-21,2027-05-20,,,93.6,2025-08-27,,,100.0,,,0.0,,800000000.0,58800000.0,102.85,74.7,,,0.0
31413,晶宏三,2026-07-09,2024-08-21,2027-05-20,,,93.6,2025-08-27,,,100.0,,,0.0,,800000000.0,58800000.0,102.85,73.8,,,0.0
31672,大量二,2026-07-08,2025-11-07,2028-08-06,,,169.1,2025-09-05,,,0.0,,,0.0,,500000000.0,190300000.0,479.0,810.0,,,0.0
31672,大量二,2026-07-09,2025-11-07,2028-08-06,,,169.1,2025-09-05,,,0.0,,,0.0,,500000000.0,190300000.0,479.0,775.0,,,0.0
31882,鑫龍騰二,2026-07-08,2025-09-21,2028-06-20,,,28.4,2026-04-02,,,0.0,,,0.0,,600000000.0,514200000.0,96.7,23.7,,,0.0
31882,鑫龍騰二,2026-07-09,2025-09-21,2028-06-20,,,28.4,2026-04-02,,,0.0,,,0.0,,600000000.0,514200000.0,96.75,23.6,,,0.0
32071,耀勝一,2026-07-08,2024-06-26,2027-03-25,,,100.99,2024-12-19,,,102.01,,,0.0,,500000000.0,285200000.0,98.95,61.5,,,0.0
32071,耀勝一,2026-07-09,2024-06-26,2027-03-25,,,100.99,2024-12-19,,,102.01,,,0.0,,500000000.0,285200000.0,98.95,61.8,,,0.0
32571,虹冠電一,2026-07-08,2025-02-02,2029-11-01,,,68.5,2026-05-30,,,0.0,,,0.0,,500000000.0,500000000.0,121.0,65.9,,,0.0
32571,虹冠電一,2026-07-09,2025-02-02,2029-11-01,,,68.5,2026-05-30,,,0.0,,,0.0,,500000000.0,500000000.0,120.6,64.2,,,0.0
32608,威剛八,2026-07-08,2026-04-09,2029-01-08,,,228.9,2026-03-28,,,0.0,2026-06-10,2026-07-09,100.0,2026-07-10,2000000000.0,153700000.0,175.0,404.0,,,0.0
32608,威剛八,2026-07-09,2026-04-09,2029-01-08,,,228.9,2026-03-28,,,0.0,2026-06-10,2026-07-09,100.0,2026-07-10,2000000000.0,153700000.0,175.0,410.0,,,0.0
32723,東碩三,2026-07-08,2024-06-08,2029-03-07,,,34.2,2024-03-07,,,0.0,,,0.0,,300000000.0,288700000.0,87.5,15.95,,,0.0
32723,東碩三,2026-07-09,2024-06-08,2029-03-07,,,34.2,2024-03-07,,,0.0,,,0.0,,300000000.0,288700000.0,88.9,15.75,,,0.0
32843,太普高三,2026-07-08,2025-12-16,2028-09-15,,,23.41,2026-07-15,,,0.0,,,0.0,,200000000.0,200000000.0,117.5,29.0,,,0.0
32843,太普高三,2026-07-09,2025-12-16,2028-09-15,,,23.41,2026-07-15,,,0.0,,,0.0,,200000000.0,200000000.0,119.5,28.35,,,0.0
32943,英濟三,2026-07-08,2026-09-19,2029-06-18,,,41.8,2026-06-18,,,0.0,,,0.0,,300000000.0,300000000.0,126.75,38.6,,,0.0
32943,英濟三,2026-07-09,2026-09-19,2029-06-18,,,41.8,2026-06-18,,,0.0,,,0.0,,300000000.0,300000000.0,126.75,37.7,,,0.0
33035,岱稜五,2026-07-08,2025-02-27,2029-11-26,,,58.6,2025-07-15,,,0.0,,,0.0,,500000000.0,500000000.0,109.0,55.7,,,0.0
33035,岱稜五,2026-07-09,2025-02-27,2029-11-26,,,58.6,2025-07-15,,,0.0,,,0.0,,500000000.0,500000000.0,111.2,59.2,,,0.0
33055,昇貿五,2026-07-08,2024-03-26,2026-12-25,,,72.0,2026-07-21,,,101.0,,,0.0,,800000000.0,31400000.0,188.0,131.0,,,0.0
33055,昇貿五,2026-07-09,2024-03-26,2026-12-25,,,72.0,2026-07-21,,,101.0,,,0.0,,800000000.0,31400000.0,188.0,127.5,,,0.0
33121,弘憶股一,2026-07-08,2024-09-26,2027-06-25,,,73.2,2025-10-29,,,0.0,,,0.0,,1000000000.0,999900032.0,104.5,56.6,,,0.0
33121,弘憶股一,2026-07-09,2024-09-26,2027-06-25,,,73.2,2025-10-29,,,0.0,,,0.0,,1000000000.0,999900032.0,104.5,55.6,,,0.0
33133,斐成三,2026-07-08,2025-03-01,2027-11-29,,,15.7,2025-03-26,,,0.0,,,0.0,,400000000.0,394300000.0,105.9,11.85,,,0.0
33133,斐成三,2026-07-09,2025-03-01,2027-11-29,,,15.7,2025-03-26,,,0.0,,,0.0,,400000000.0,394300000.0,105.9,11.8,,,0.0
33225,建舜電五,2026-07-08,2024-12-03,2027-09-02,,,22.97,2025-04-01,2026-07-24,2026-09-02,101.0,,,0.0,,150000000.0,150000000.0,98.8,13.45,,,0.0
33225,建舜電五,2026-07-09,2024-12-03,2027-09-02,,,22.97,2025-04-01,2026-07-24,2026-09-02,101.0,,,0.0,,150000000.0,150000000.0,98.8,13.5,,,0.0
33245,雙鴻五,2026-07-08,2024-11-01,2029-07-31,,,726.1,2026-06-26,,,0.0,,,0.0,,1500000000.0,1498499968.0,144.1,925.0,,,0.0
33245,雙鴻五,2026-07-09,2024-11-01,2029-07-31,,,726.1,2026-06-26,,,0.0,,,0.0,,1500000000.0,1498499968.0,143.1,920.0,,,0.0
33246,雙鴻六,2026-07-08,2026-06-03,2031-03-02,,,1111.3,2026-06-26,,,0.0,,,0.0,,3000000000.0,3000000000.0,130.0,925.0,,,0.0
33246,雙鴻六,2026-07-09,2026-06-03,2031-03-02,,,1111.3,2026-06-26,,,0.0,,,0.0,,3000000000.0,3000000000.0,131.0,920.0,,,0.0
33247,雙鴻七,2026-07-08,2026-06-17,2031-03-16,,,1092.5,2026-06-26,,,0.0,,,0.0,,2000000000.0,2000000000.0,128.85,925.0,,,0.0
33247,雙鴻七,2026-07-09,2026-06-17,2031-03-16,,,1092.5,2026-06-26,,,0.0,,,0.0,,2000000000.0,2000000000.0,128.5,920.0,,,0.0
33466,麗清六,2026-07-08,2025-02-28,2027-11-27,,,36.5,2025-09-09,,,0.0,,,0.0,,300000000.0,300000000.0,98.1,26.65,,,0.0
33466,麗清六,2026-07-09,2025-02-28,2027-11-27,,,36.5,2025-09-09,,,0.0,,,0.0,,300000000.0,300000000.0,98.1,26.35,,,0.0
33571,臺慶科一,2026-07-08,2024-02-01,2026-10-31,,,105.6,2026-07-05,,,0.0,,,0.0,,1100000000.0,308400000.0,255.0,272.0,,,0.0
33571,臺慶科一,2026-07-09,2024-02-01,2026-10-31,,,105.6,2026-07-05,,,0.0,,,0.0,,1100000000.0,308400000.0,254.0,275.0,,,0.0
33621,先進光一,2026-07-08,2024-10-17,2029-07-16,,,251.0,2025-08-01,,,0.0,,,0.0,,1200000000.0,1199900032.0,116.5,168.0,,,0.0
33621,先進光一,2026-07-09,2024-10-17,2029-07-16,,,251.0,2025-08-01,,,0.0,,,0.0,,1200000000.0,1199900032.0,118.5,180.0,,,0.0
33763,新日興三,2026-07-08,2024-11-24,2029-08-23,,,195.2,2025-08-12,,,0.0,,,0.0,,800000000.0,793699968.0,137.5,197.0,,,0.0
33763,新日興三,2026-07-09,2024-11-24,2029-08-23,,,195.2,2025-08-12,,,0.0,,,0.0,,800000000.0,793699968.0,137.5,194.0,,,0.0
33881,崇越電一,2026-07-08,2023-02-10,2027-11-09,,,60.8,2026-06-29,,,100.0,,,0.0,,700000000.0,468300000.0,130.3,79.7,,,0.0
33881,崇越電一,2026-07-09,2023-02-10,2027-11-09,,,60.8,2026-06-29,,,100.0,,,0.0,,700000000.0,468300000.0,132.15,81.7,,,0.0
33902,旭軟二,2026-07-08,2025-05-22,2028-02-21,,,24.2,2025-08-06,,,0.0,,,0.0,,200000000.0,200000000.0,135.0,26.8,,,0.0
33902,旭軟二,2026-07-09,2025-05-22,2028-02-21,,,24.2,2025-08-06,,,0.0,,,0.0,,200000000.0,200000000.0,135.0,26.8,,,0.0
34163,融程電三,2026-07-08,2024-04-26,2027-01-25,,,123.3,2026-07-06,,,100.5,,,0.0,,500000000.0,419400000.0,150.0,187.0,,,0.0
34163,融程電三,2026-07-09,2024-04-26,2027-01-25,,,123.3,2026-07-06,,,100.5,,,0.0,,500000000.0,419400000.0,147.0,181.5,,,0.0
34793,安勤三,2026-07-08,2024-04-23,2027-01-22,,,121.5,2024-01-22,,,0.0,,,0.0,,650000000.0,649800000.0,130.85,136.5,,,0.0
34793,安勤三,2026-07-09,2024-04-23,2027-01-22,,,121.5,2024-01-22,,,0.0,,,0.0,,650000000.0,649800000.0,137.85,146.0,,,0.0
34834,力致四,2026-07-08,2024-08-23,2027-05-22,,,136.1,2025-09-15,,,0.0,,,0.0,,200000000.0,200000000.0,108.2,90.5,,,0.0
34834,力致四,2026-07-09,2024-08-23,2027-05-22,,,136.1,2025-09-15,,,0.0,,,0.0,,200000000.0,200000000.0,108.2,86.2,,,0.0
34843,崧騰三,2026-07-08,2023-07-25,2028-04-24,,,42.2,2025-09-14,,,100.75,,,0.0,,400000000.0,254500000.0,124.6,51.6,,,0.0
34843,崧騰三,2026-07-09,2023-07-25,2028-04-24,,,42.2,2025-09-14,,,100.75,,,0.0,,400000000.0,254500000.0,126.1,52.7,,,0.0
34913,昇達科三,2026-07-08,2026-09-10,2031-06-09,,,1788.0,2026-06-09,,,0.0,,,0.0,,1200000000.0,1200000000.0,134.5,1270.0,,,0.0
34913,昇達科三,2026-07-09,2026-09-10,2031-06-09,,,1788.0,2026-06-09,,,0.0,,,0.0,,1200000000.0,1200000000.0,130.15,1270.0,,,0.0
35161,亞帝歐一,2026-07-08,2025-01-19,2027-10-18,,,25.81,2025-08-15,,,0.0,,,0.0,,350000000.0,350000000.0,120.0,26.95,,,0.0
35161,亞帝歐一,2026-07-09,2025-01-19,2027-10-18,,,25.81,2025-08-15,,,0.0,,,0.0,,350000000.0,350000000.0,120.0,26.4,,,0.0
35181,柏騰一,2026-07-08,2024-11-16,2027-08-15,,,35.0,2024-08-15,,,0.0,,,0.0,,300000000.0,300000000.0,118.0,32.3,,,0.0
35181,柏騰一,2026-07-09,2024-11-16,2027-08-15,,,35.0,2024-08-15,,,0.0,,,0.0,,300000000.0,300000000.0,118.0,29.85,,,0.0
35221,御嵿一,2026-07-08,2024-03-19,2026-12-18,,,18.2,2026-01-30,,,101.0,,,0.0,,150000000.0,123100000.0,103.5,13.55,,,0.0
35221,御嵿一,2026-07-09,2024-03-19,2026-12-18,,,18.2,2026-01-30,,,101.0,,,0.0,,150000000.0,123100000.0,103.2,12.25,,,0.0
35265,凡甲五,2026-07-08,2022-05-15,2027-02-14,,,151.9,2026-04-23,,,100.0,,,0.0,,800000000.0,196800000.0,203.0,310.0,,,0.0
35265,凡甲五,2026-07-09,2022-05-15,2027-02-14,,,151.9,2026-04-23,,,100.0,,,0.0,,800000000.0,196800000.0,203.0,312.5,,,0.0
35266,凡甲六,2026-07-08,2024-04-30,2029-01-29,,,188.7,2026-04-23,,,0.0,,,0.0,,1000000000.0,726400000.0,168.0,310.0,,,0.0
35266,凡甲六,2026-07-09,2024-04-30,2029-01-29,,,188.7,2026-04-23,,,0.0,,,0.0,,1000000000.0,726400000.0,168.0,312.5,,,0.0
35267,凡甲七,2026-07-08,2025-10-25,2030-07-24,,,254.0,2026-04-23,,,0.0,,,0.0,,1500000000.0,1345200000.0,136.1,310.0,,,0.0
35267,凡甲七,2026-07-09,2025-10-25,2030-07-24,,,254.0,2026-04-23,,,0.0,,,0.0,,1500000000.0,1345200000.0,137.05,312.5,,,0.0
35431,州巧一,2026-07-08,2026-03-27,2028-12-26,,,45.0,2026-01-13,,,0.0,,,0.0,,400000000.0,400000000.0,115.3,30.4,,,0.0
35431,州巧一,2026-07-09,2026-03-27,2028-12-26,,,45.0,2026-01-13,,,0.0,,,0.0,,400000000.0,400000000.0,115.3,33.4,,,0.0
35482,兆利二,2026-07-08,2024-04-09,2027-01-08,,,186.0,2025-09-13,,,0.0,,,0.0,,800000000.0,799900032.0,102.9,84.3,,,0.0
35482,兆利二,2026-07-09,2024-04-09,2027-01-08,,,186.0,2025-09-13,,,0.0,,,0.0,,800000000.0,799900032.0,102.0,82.7,,,0.0
35483,兆利三,2026-07-08,2025-05-26,2030-02-25,,,162.8,2025-09-13,,,0.0,,,0.0,,1500000000.0,1500000000.0,103.0,84.3,,,0.0
35483,兆利三,2026-07-09,2025-05-26,2030-02-25,,,162.8,2025-09-13,,,0.0,,,0.0,,1500000000.0,1500000000.0,103.0,82.7,,,0.0
35513,世禾三,2026-07-08,2026-01-29,2028-10-28,,,173.0,2025-10-28,,,0.0,,,0.0,,500000000.0,500000000.0,137.5,202.0,,,0.0
35513,世禾三,2026-07-09,2026-01-29,2028-10-28,,,173.0,2025-10-28,,,0.0,,,0.0,,500000000.0,500000000.0,137.0,203.5,,,0.0
35642,其陽二,2026-07-08,2024-12-04,2027-09-03,,,83.9,2025-07-20,,,0.0,,,0.0,,500000000.0,500000000.0,94.05,56.1,,,0.0
35642,其陽二,2026-07-09,2024-12-04,2027-09-03,,,83.9,2025-07-20,,,0.0,,,0.0,,500000000.0,500000000.0,94.15,54.1,,,0.0
35872,閎康二,2026-07-08,2026-05-05,2031-02-04,,,196.7,2026-04-10,,,0.0,,,0.0,,700000000.0,598400000.0,161.0,287.0,,,0.0
35872,閎康二,2026-07-09,2026-05-05,2031-02-04,,,196.7,2026-04-10,,,0.0,,,0.0,,700000000.0,598400000.0,163.0,290.0,,,0.0
35914,艾笛森四,2026-07-08,2025-02-23,2027-11-22,,,24.5,2025-07-09,,,0.0,,,0.0,,300000000.0,300000000.0,123.0,26.1,,,0.0
35914,艾笛森四,2026-07-09,2025-02-23,2027-11-22,,,24.5,2025-07-09,,,0.0,,,0.0,,300000000.0,300000000.0,123.0,25.55,,,0.0
36053,宏致三,2026-07-08,2024-11-07,2027-08-06,,,49.7,2026-05-19,,,0.0,,,0.0,,1000000000.0,105300000.0,180.0,90.8,,,0.0
36053,宏致三,2026-07-09,2024-11-07,2027-08-06,,,49.7,2026-05-19,,,0.0,,,0.0,,1000000000.0,105300000.0,184.0,91.2,,,0.0
36054,宏致四,2026-07-08,2026-10-07,2029-07-06,,,88.0,2026-07-06,,,0.0,,,0.0,,1000000000.0,1000000000.0,125.1,90.8,,,0.0
36054,宏致四,2026-07-09,2026-10-07,2029-07-06,,,88.0,2026-07-06,,,0.0,,,0.0,,1000000000.0,1000000000.0,126.15,91.2,,,0.0
36173,碩天三,2026-07-08,2025-09-17,2028-06-16,,,287.3,2025-07-22,,,0.0,,,0.0,,1500000000.0,1500000000.0,115.5,238.0,,,0.0
36173,碩天三,2026-07-09,2025-09-17,2028-06-16,,,287.3,2025-07-22,,,0.0,,,0.0,,1500000000.0,1500000000.0,115.3,242.0,,,0.0
36804,家登四,2026-07-08,2024-01-19,2026-10-18,,,351.0,2026-06-02,,,100.0,,,0.0,,1000000000.0,316100000.0,150.0,502.0,,,0.0
36804,家登四,2026-07-09,2024-01-19,2026-10-18,,,351.0,2026-06-02,,,100.0,,,0.0,,1000000000.0,316100000.0,150.0,496.0,,,0.0
36805,家登五,2026-07-08,2026-08-09,2031-05-08,,,484.7,2026-06-02,,,0.0,,,0.0,,1000000000.0,1000000000.0,144.95,502.0,,,0.0
36805,家登五,2026-07-09,2026-08-09,2031-05-08,,,484.7,2026-06-02,,,0.0,,,0.0,,1000000000.0,1000000000.0,144.95,496.0,,,0.0
36806,家登六,2026-07-08,2026-08-22,2031-05-21,,,478.9,2026-06-02,,,0.0,,,0.0,,1500000000.0,1500000000.0,142.5,502.0,,,0.0
36806,家登六,2026-07-09,2026-08-22,2031-05-21,,,478.9,2026-06-02,,,0.0,,,0.0,,1500000000.0,1500000000.0,140.5,496.0,,,0.0
36841,榮昌一,2026-07-08,2026-01-29,2028-10-28,,,48.4,2026-06-29,,,0.0,,,0.0,,300000000.0,285800000.0,124.8,52.9,,,0.0
36841,榮昌一,2026-07-09,2026-01-29,2028-10-28,,,48.4,2026-06-29,,,0.0,,,0.0,,300000000.0,285800000.0,124.8,51.2,,,0.0
36872,歐買尬二,2026-07-08,2026-01-03,2028-10-02,,,73.9,2026-07-24,,,0.0,,,0.0,,400000000.0,395200000.0,103.3,77.7,,,0.0
36872,歐買尬二,2026-07-09,2026-01-03,2028-10-02,,,73.9,2026-07-24,,,0.0,,,0.0,,400000000.0,395200000.0,103.5,77.5,,,0.0
36873,歐買尬三,2026-07-08,2026-01-04,2028-10-03,,,77.9,2026-07-24,,,0.0,,,0.0,,200000000.0,199900000.0,101.0,77.7,,,0.0
36873,歐買尬三,2026-07-09,2026-01-04,2028-10-03,,,77.9,2026-07-24,,,0.0,,,0.0,,200000000.0,199900000.0,101.2,77.5,,,0.0
36894,湧德四,2026-07-08,2024-06-06,2027-03-05,,,61.7,2025-08-09,,,100.0,,,0.0,,500000000.0,2800000.0,204.0,123.5,,,0.0
36894,湧德四,2026-07-09,2024-06-06,2027-03-05,,,61.7,2025-08-09,,,100.0,,,0.0,,500000000.0,2800000.0,203.0,122.5,,,0.0
36913,碩禾三,2026-07-08,2024-12-01,2027-08-30,,,118.0,2024-08-30,,,0.0,,,0.0,,2000000000.0,2000000000.0,133.5,146.0,,,0.0
36913,碩禾三,2026-07-09,2024-12-01,2027-08-30,,,118.0,2024-08-30,,,0.0,,,0.0,,2000000000.0,2000000000.0,130.4,142.0,,,0.0
370201,大聯大E1,2026-07-08,2026-04-15,2029-01-14,,,156.5,2026-06-14,,,0.0,2026-07-10,2026-08-08,100.0,2026-08-10,3000000000.0,2013200000.0,134.0,105.5,,,0.0
370201,大聯大E1,2026-07-09,2026-04-15,2029-01-14,,,156.5,2026-06-14,,,0.0,2026-07-10,2026-08-08,100.0,2026-08-10,3000000000.0,2013200000.0,135.0,106.5,,,0.0
37022,大聯大二,2026-07-08,2025-02-12,2027-11-11,,,76.9,2025-07-31,,,0.0,2026-06-25,2026-07-24,100.0,2026-07-27,3500000000.0,1109400064.0,136.5,105.5,,,0.0
37022,大聯大二,2026-07-09,2025-02-12,2027-11-11,,,76.9,2025-07-31,,,0.0,2026-06-25,2026-07-24,100.0,2026-07-27,3500000000.0,1109400064.0,138.6,106.5,,,0.0
37023,大聯大三,2026-07-08,2025-02-22,2027-11-21,,,74.6,2025-07-31,,,0.0,2026-06-25,2026-07-24,100.0,2026-07-27,2000000000.0,633600000.0,140.9,105.5,,,0.0
37023,大聯大三,2026-07-09,2025-02-22,2027-11-21,,,74.6,2025-07-31,,,0.0,2026-06-25,2026-07-24,100.0,2026-07-27,2000000000.0,633600000.0,143.5,106.5,,,0.0
37075,漢磊五,2026-07-08,2025-11-21,2030-08-20,,,40.1,2025-08-20,,,0.0,,,0.0,,1000000000.0,307800000.0,210.0,81.5,,,0.0
37075,漢磊五,2026-07-09,2025-11-21,2030-08-20,,,40.1,2025-08-20,,,0.0,,,0.0,,1000000000.0,307800000.0,210.0,79.5,,,0.0
37083,上緯投控三,2026-07-08,2021-12-28,2026-09-27,,,86.4,2025-07-09,,,100.0,,,0.0,,1000000000.0,253100000.0,130.3,106.0,,,0.0
37083,上緯投控三,2026-07-09,2021-12-28,2026-09-27,,,86.4,2025-07-09,,,100.0,,,0.0,,1000000000.0,253100000.0,130.3,106.5,,,0.0
37084,上緯投控四,2026-07-08,2021-12-29,2026-09-28,,,83.0,2025-07-09,,,100.75,,,0.0,,1000000000.0,62200000.0,149.0,106.0,,,0.0
37084,上緯投控四,2026-07-09,2021-12-29,2026-09-28,,,83.0,2025-07-09,,,100.75,,,0.0,,1000000000.0,62200000.0,149.0,106.5,,,0.0
37151,定穎投控一,2026-07-08,2026-04-22,2029-01-21,,,140.0,2026-01-21,,,0.0,,,0.0,,500000000.0,500000000.0,137.05,151.5,,,0.0
37151,定穎投控一,2026-07-09,2026-04-22,2029-01-21,,,140.0,2026-01-21,,,0.0,,,0.0,,500000000.0,500000000.0,137.05,151.0,,,0.0
37152,定穎投控二,2026-07-08,2026-06-25,2029-03-24,,,159.0,2026-03-24,,,0.0,,,0.0,,1000000000.0,1000000000.0,134.7,151.5,,,0.0
37152,定穎投控二,2026-07-09,2026-06-25,2029-03-24,,,159.0,2026-03-24,,,0.0,,,0.0,,1000000000.0,1000000000.0,134.0,151.0,,,0.0
37171,聯嘉投控一,2026-07-08,2026-04-22,2029-01-21,,,17.5,2026-01-21,,,0.0,,,0.0,,700000000.0,645699968.0,152.0,27.55,,,0.0
37171,聯嘉投控一,2026-07-09,2026-04-22,2029-01-21,,,17.5,2026-01-21,,,0.0,,,0.0,,700000000.0,645699968.0,140.0,25.45,,,0.0
41135,聯上五,2026-07-08,2026-01-28,2030-10-27,,,26.3,2025-10-27,,,0.0,,,0.0,,400000000.0,400000000.0,101.6,15.0,,,0.0
41135,聯上五,2026-07-09,2026-01-28,2030-10-27,,,26.3,2025-10-27,,,0.0,,,0.0,,400000000.0,400000000.0,101.6,15.05,,,0.0
41136,聯上六,2026-07-08,2026-06-21,2031-03-20,,,20.45,2026-03-20,,,0.0,,,0.0,,200000000.0,200000000.0,87.85,15.0,,,0.0
41136,聯上六,2026-07-09,2026-06-21,2031-03-20,,,20.45,2026-03-20,,,0.0,,,0.0,,200000000.0,200000000.0,87.85,15.05,,,0.0
41236,晟德六,2026-07-08,2023-07-27,2028-04-26,,,38.6,2025-10-12,,,0.0,,,0.0,,700000000.0,636200000.0,113.0,39.35,,,0.0
41236,晟德六,2026-07-09,2023-07-27,2028-04-26,,,38.6,2025-10-12,,,0.0,,,0.0,,700000000.0,636200000.0,110.6,38.95,,,0.0
41237,晟德七,2026-07-08,2023-07-28,2028-04-27,,,39.3,2025-10-12,,,103.03,,,0.0,,2500000000.0,1574499968.0,100.7,39.35,,,0.0
41237,晟德七,2026-07-09,2023-07-28,2028-04-27,,,39.3,2025-10-12,,,103.03,,,0.0,,2500000000.0,1574499968.0,100.7,38.95,,,0.0
41238,晟德八,2026-07-08,2026-08-05,2031-05-04,,,43.0,2026-05-04,,,0.0,,,0.0,,1500000000.0,1500000000.0,93.6,39.35,,,0.0
41238,晟德八,2026-07-09,2026-08-05,2031-05-04,,,43.0,2026-05-04,,,0.0,,,0.0,,1500000000.0,1500000000.0,93.4,38.95,,,0.0
41239,晟德九,2026-07-08,2026-08-15,2031-05-14,,,42.0,2026-05-14,,,0.0,,,0.0,,500000000.0,500000000.0,95.8,39.35,,,0.0
41239,晟德九,2026-07-09,2026-08-15,2031-05-14,,,42.0,2026-05-14,,,0.0,,,0.0,,500000000.0,500000000.0,95.5,38.95,,,0.0
41295,聯合五,2026-07-08,2025-08-30,2030-05-29,,,105.6,2025-07-29,,,0.0,,,0.0,,700000000.0,699900032.0,115.0,93.0,,,0.0
41295,聯合五,2026-07-09,2025-08-30,2030-05-29,,,105.6,2025-07-29,,,0.0,,,0.0,,700000000.0,699900032.0,115.0,92.2,,,0.0
41372,麗豐二KY,2026-07-08,2024-11-13,2027-08-12,,,141.3,2025-07-09,2026-07-03,2026-08-12,100.5,,,0.0,,1100000000.0,1100000000.0,100.1,94.8,,,0.0
41372,麗豐二KY,2026-07-09,2024-11-13,2027-08-12,,,141.3,2025-07-09,2026-07-03,2026-08-12,100.5,,,0.0,,1100000000.0,1100000000.0,100.3,96.7,,,0.0
41645,承業醫五,2026-07-08,2025-09-21,2030-06-20,,,45.3,2026-07-05,,,0.0,,,0.0,,900000000.0,900000000.0,99.95,28.95,,,0.0
41645,承業醫五,2026-07-09,2025-09-21,2030-06-20,,,45.3,2026-07-05,,,0.0,,,0.0,,900000000.0,900000000.0,99.95,29.0,,,0.0
41684,醣聯四,2026-07-08,2025-12-19,2028-09-18,,,23.91,2025-09-18,,,0.0,,,0.0,,500000000.0,500000000.0,112.4,25.65,,,0.0
41684,醣聯四,2026-07-09,2025-12-19,2028-09-18,,,23.91,2025-09-18,,,0.0,,,0.0,,500000000.0,500000000.0,111.0,25.2,,,0.0
41903,佐登三KY,2026-07-08,2024-10-12,2027-07-11,,,54.2,2025-07-25,2026-05-31,2026-07-11,101.0,,,0.0,,700000000.0,394100000.0,100.65,26.0,,,0.0
41903,佐登三KY,2026-07-09,2024-10-12,2027-07-11,,,54.2,2025-07-25,2026-05-31,2026-07-11,101.0,,,0.0,,700000000.0,394100000.0,100.65,25.8,,,0.0
41904,佐登四KY,2026-07-08,2026-10-01,2029-06-30,,,26.6,2026-06-30,,,0.0,,,0.0,,500000000.0,500000000.0,103.85,26.0,,,0.0
41904,佐登四KY,2026-07-09,2026-10-01,2029-06-30,,,26.6,2026-06-30,,,0.0,,,0.0,,500000000.0,500000000.0,103.5,25.8,,,0.0
44163,三圓三,2026-07-08,2022-12-31,2027-09-30,,,65.7,2025-09-09,,,101.51,,,0.0,,1000000000.0,955900032.0,100.5,10.75,,,0.0
44163,三圓三,2026-07-09,2022-12-31,2027-09-30,,,65.7,2025-09-09,,,101.51,,,0.0,,1000000000.0,955900032.0,101.0,11.45,,,0.0
44383,廣越三,2026-07-08,2025-12-31,2028-09-30,,,75.0,2025-10-01,,,0.0,,,0.0,,800000000.0,800000000.0,102.8,61.2,,,0.0
44383,廣越三,2026-07-09,2025-12-31,2028-09-30,,,75.0,2025-10-01,,,0.0,,,0.0,,800000000.0,800000000.0,104.4,61.5,,,0.0
44391,冠星一KY,2026-07-08,2025-06-04,2028-03-03,,,100.8,2025-08-05,,,0.0,,,0.0,,500000000.0,492000000.0,97.25,95.0,,,0.0
44391,冠星一KY,2026-07-09,2025-06-04,2028-03-03,,,100.8,2025-08-05,,,0.0,,,0.0,,500000000.0,492000000.0,101.25,101.0,,,0.0
44421,竣邦一KY,2026-07-08,2025-10-29,2028-07-28,,,45.3,2026-06-29,,,0.0,,,0.0,,150000000.0,70600000.0,113.0,49.75,,,0.0
44421,竣邦一KY,2026-07-09,2025-10-29,2028-07-28,,,45.3,2026-06-29,,,0.0,,,0.0,,150000000.0,70600000.0,113.0,50.1,,,0.0
45031,金雨一,2026-07-08,2026-08-14,2029-05-13,,,46.0,2026-05-13,,,0.0,,,0.0,,500000000.0,500000000.0,120.0,43.6,,,0.0
45031,金雨一,2026-07-09,2026-08-14,2029-05-13,,,46.0,2026-05-13,,,0.0,,,0.0,,500000000.0,500000000.0,120.0,43.1,,,0.0
45102,高鋒二,2026-07-08,2025-05-27,2028-02-26,,,48.41,2025-07-15,,,0.0,,,0.0,,900000000.0,852499968.0,101.75,41.8,,,0.0
45102,高鋒二,2026-07-09,2025-05-27,2028-02-26,,,48.41,2025-07-15,,,0.0,,,0.0,,900000000.0,852499968.0,101.75,42.55,,,0.0
45421,科嶠一,2026-07-08,2024-12-07,2027-09-06,,,85.5,2026-04-15,,,0.0,,,0.0,,300000000.0,45200000.0,510.0,391.5,,,0.0
45421,科嶠一,2026-07-09,2024-12-07,2027-09-06,,,85.5,2026-04-15,,,0.0,,,0.0,,300000000.0,45200000.0,510.0,365.5,,,0.0
45491,桓達一,2026-07-08,2025-02-08,2027-11-07,,,154.4,2025-09-08,,,0.0,,,0.0,,500000000.0,500000000.0,108.5,101.0,,,0.0
45491,桓達一,2026-07-09,2025-02-08,2027-11-07,,,154.4,2025-09-08,,,0.0,,,0.0,,500000000.0,500000000.0,108.5,100.0,,,0.0
45554,氣立四,2026-07-08,2025-09-10,2028-06-09,,,43.4,2025-09-10,,,0.0,,,0.0,,500000000.0,500000000.0,125.0,49.35,,,0.0
45554,氣立四,2026-07-09,2025-09-10,2028-06-09,,,43.4,2025-09-10,,,0.0,,,0.0,,500000000.0,500000000.0,125.0,48.7,,,0.0
45581,寶緯一,2026-07-08,2025-11-29,2028-08-28,,,29.8,2025-08-28,,,0.0,,,0.0,,300000000.0,300000000.0,101.45,18.5,,,0.0
45581,寶緯一,2026-07-09,2025-11-29,2028-08-28,,,29.8,2025-08-28,,,0.0,,,0.0,,300000000.0,300000000.0,101.45,18.35,,,0.0
45641,元翎一,2026-07-08,2023-12-27,2026-09-26,,,26.4,2025-03-12,,,0.0,,,0.0,,550000000.0,550000000.0,99.25,18.6,,,0.0
45641,元翎一,2026-07-09,2023-12-27,2026-09-26,,,26.4,2025-03-12,,,0.0,,,0.0,,550000000.0,550000000.0,99.4,19.3,,,0.0
45663,時碩工業三,2026-07-08,2024-02-28,2026-11-27,,,49.0,2026-04-15,,,0.0,,,0.0,,800000000.0,34900000.0,138.0,62.6,,,0.0
45663,時碩工業三,2026-07-09,2024-02-28,2026-11-27,,,49.0,2026-04-15,,,0.0,,,0.0,,800000000.0,34900000.0,138.0,62.1,,,0.0
45691,六方科一KY,2026-07-08,2025-04-16,2028-01-15,,,212.0,2025-01-15,,,0.0,,,0.0,,500000000.0,500000000.0,117.3,169.5,,,0.0
45691,六方科一KY,2026-07-09,2025-04-16,2028-01-15,,,212.0,2025-01-15,,,0.0,,,0.0,,500000000.0,500000000.0,117.3,168.0,,,0.0
45721,駐龍一,2026-07-08,2024-10-17,2027-07-16,,,160.6,2025-08-03,2026-06-17,2026-07-16,100.0,,,0.0,,500000000.0,497000000.0,100.5,148.5,,,0.0
45721,駐龍一,2026-07-09,2024-10-17,2027-07-16,,,160.6,2025-08-03,2026-06-17,2026-07-16,100.0,,,0.0,,500000000.0,497000000.0,100.3,147.5,,,0.0
45811,光隆精密一KY,2026-07-08,2025-11-16,2028-08-15,,,53.4,2025-08-15,,,0.0,,,0.0,,500000000.0,500000000.0,95.7,50.5,,,0.0
45811,光隆精密一KY,2026-07-09,2025-11-16,2028-08-15,,,53.4,2025-08-15,,,0.0,,,0.0,,500000000.0,500000000.0,95.6,50.5,,,0.0
47148,永捷八,2026-07-08,2026-08-05,2029-05-04,,,16.1,2026-05-04,,,0.0,,,0.0,,300000000.0,300000000.0,114.4,11.85,,,0.0
47148,永捷八,2026-07-09,2026-08-05,2029-05-04,,,16.1,2026-05-04,,,0.0,,,0.0,,300000000.0,300000000.0,114.4,11.85,,,0.0
47223,國精化三,2026-07-08,2026-01-02,2028-10-01,,,141.3,2025-10-01,,,0.0,,,0.0,,500000000.0,355600000.0,184.0,259.5,,,0.0
47223,國精化三,2026-07-09,2026-01-02,2028-10-01,,,141.3,2025-10-01,,,0.0,,,0.0,,500000000.0,355600000.0,184.0,256.5,,,0.0
47224,國精化四,2026-07-08,2026-08-27,2029-05-26,,,265.7,2026-05-26,,,0.0,,,0.0,,1000000000.0,1000000000.0,129.95,259.5,,,0.0
47224,國精化四,2026-07-09,2026-08-27,2029-05-26,,,265.7,2026-05-26,,,0.0,,,0.0,,1000000000.0,1000000000.0,130.0,256.5,,,0.0
47393,康普三,2026-07-08,2022-01-29,2026-10-28,,,96.9,2026-06-28,,,100.0,,,0.0,,700000000.0,694300032.0,120.0,110.0,,,0.0
47393,康普三,2026-07-09,2022-01-29,2026-10-28,,,96.9,2026-06-28,,,100.0,,,0.0,,700000000.0,694300032.0,113.0,99.0,,,0.0
47394,康普四,2026-07-08,2026-03-18,2030-12-17,,,69.9,2026-06-28,,,0.0,,,0.0,,600000000.0,600000000.0,161.0,110.0,,,0.0
47394,康普四,2026-07-09,2026-03-18,2030-12-17,,,69.9,2026-06-28,,,0.0,,,0.0,,600000000.0,600000000.0,150.0,99.0,,,0.0
47491,新應材一,2026-07-08,2026-08-29,2029-05-28,,,1072.0,2026-05-28,,,0.0,,,0.0,,2000000000.0,2000000000.0,145.95,877.0,,,0.0
47491,新應材一,2026-07-09,2026-08-29,2029-05-28,,,1072.0,2026-05-28,,,0.0,,,0.0,,2000000000.0,2000000000.0,143.5,866.0,,,0.0
47602,勤凱二,2026-07-08,2026-08-23,2029-05-22,,,303.5,2026-05-22,,,0.0,,,0.0,,400000000.0,400000000.0,143.05,331.5,,,0.0
47602,勤凱二,2026-07-09,2026-08-23,2029-05-22,,,303.5,2026-05-22,,,0.0,,,0.0,,400000000.0,400000000.0,138.2,320.0,,,0.0
47721,台特化一,2026-07-08,2026-02-28,2028-11-27,,,320.3,2026-07-13,,,0.0,,,0.0,,2000000000.0,2000000000.0,125.6,274.5,,,0.0
47721,台特化一,2026-07-09,2026-02-28,2028-11-27,,,320.3,2026-07-13,,,0.0,,,0.0,,2000000000.0,2000000000.0,124.8,270.5,,,0.0
49231,力士一,2026-07-08,2026-04-30,2029-01-29,,,34.66,2026-01-29,,,0.0,,,0.0,,250000000.0,144300000.0,191.0,66.5,,,0.0
49231,力士一,2026-07-09,2026-04-30,2029-01-29,,,34.66,2026-01-29,,,0.0,,,0.0,,250000000.0,144300000.0,191.0,63.3,,,0.0
49311,新盛力一,2026-07-08,2026-08-30,2029-05-29,,,175.0,2026-05-29,,,0.0,,,0.0,,700000000.0,700000000.0,188.0,272.0,,,0.0
49311,新盛力一,2026-07-09,2026-08-30,2029-05-29,,,175.0,2026-05-29,,,0.0,,,0.0,,700000000.0,700000000.0,185.0,255.0,,,0.0
49674,十銓四,2026-07-08,2026-04-16,2029-01-15,,,147.0,2026-01-07,,,0.0,2026-06-18,2026-07-17,100.0,2026-07-20,2000000000.0,269500000.0,157.0,233.0,,,0.0
49674,十銓四,2026-07-09,2026-04-16,2029-01-15,,,147.0,2026-01-07,,,0.0,2026-06-18,2026-07-17,100.0,2026-07-20,2000000000.0,269500000.0,158.0,233.0,,,0.0
49793,華星光三,2026-07-08,2025-03-10,2027-12-09,,,176.5,2025-07-30,,,0.0,,,0.0,,600000000.0,328900000.0,286.0,434.5,,,0.0
49793,華星光三,2026-07-09,2025-03-10,2027-12-09,,,175.7,2026-07-20,,,0.0,,,0.0,,600000000.0,328900000.0,286.0,432.5,,,0.0
49794,華星光四,2026-07-08,2025-03-26,2027-12-25,,,204.3,2025-07-30,,,0.0,,,0.0,,200000000.0,112900000.0,245.0,434.5,,,0.0
49794,華星光四,2026-07-09,2025-03-26,2027-12-25,,,203.3,2026-07-20,,,0.0,,,0.0,,200000000.0,112900000.0,245.0,432.5,,,0.0
50097,榮剛七,2026-07-08,2023-11-01,2026-07-31,,,50.3,2025-07-05,,,0.0,,,0.0,,5000000000.0,4999900160.0,100.8,33.6,,,0.0
50097,榮剛七,2026-07-09,2023-11-01,2026-07-31,,,50.3,2025-07-05,,,0.0,,,0.0,,5000000000.0,4999900160.0,100.8,33.1,,,0.0
52011,凱衛一,2026-07-08,2026-01-16,2028-10-15,,,37.8,2026-06-23,,,0.0,,,0.0,,100000000.0,100000000.0,108.0,26.9,,,0.0
52011,凱衛一,2026-07-09,2026-01-16,2028-10-15,,,37.8,2026-06-23,,,0.0,,,0.0,,100000000.0,100000000.0,108.0,27.2,,,0.0
52091,新鼎一,2026-07-08,2024-01-07,2026-10-06,,,151.1,2025-07-02,,,0.0,,,0.0,,300000000.0,281600000.0,114.0,157.5,,,0.0
52091,新鼎一,2026-07-09,2024-01-07,2026-10-06,,,151.1,2025-07-02,,,0.0,,,0.0,,300000000.0,281600000.0,114.0,158.5,,,0.0
52121,凌網一,2026-07-08,2025-01-16,2029-10-15,,,57.73,2026-04-14,,,0.0,,,0.0,,400000000.0,400000000.0,97.1,47.75,,,0.0
52121,凌網一,2026-07-09,2025-01-16,2029-10-15,,,57.73,2026-04-14,,,0.0,,,0.0,,400000000.0,400000000.0,97.1,47.75,,,0.0
52303,雷笛克光學三,2026-07-08,2023-10-25,2026-07-24,,,22.0,2025-07-07,,,0.0,,,0.0,2026-07-27,300000000.0,59600000.0,102.0,21.35,,,0.0
52303,雷笛克光學三,2026-07-09,2023-10-25,2026-07-24,,,21.4,2026-06-30,,,0.0,,,0.0,2026-07-27,300000000.0,59600000.0,100.1,20.55,,,0.0
52441,弘凱一,2026-07-08,2024-12-26,2029-09-25,,,44.5,2025-07-19,,,0.0,,,0.0,,500000000.0,486300000.0,97.0,34.1,,,0.0
52441,弘凱一,2026-07-09,2024-12-26,2029-09-25,,,44.5,2025-07-19,,,0.0,,,0.0,,500000000.0,486300000.0,98.8,34.1,,,0.0
52452,智晶二,2026-07-08,2025-03-19,2027-12-18,,,35.0,2024-12-18,,,0.0,,,0.0,,300000000.0,295200000.0,93.25,25.9,,,0.0
52452,智晶二,2026-07-09,2025-03-19,2027-12-18,,,35.0,2024-12-18,,,0.0,,,0.0,,300000000.0,295200000.0,93.8,25.75,,,0.0
52635,智崴五,2026-07-08,2024-06-05,2027-03-04,,,110.4,2025-12-12,,,100.2,,,0.0,,800000000.0,395000000.0,116.5,101.0,,,0.0
52635,智崴五,2026-07-09,2024-06-05,2027-03-04,,,110.4,2025-12-12,,,100.2,,,0.0,,800000000.0,395000000.0,116.5,101.0,,,0.0
52844,jpp四KY,2026-07-08,2026-08-06,2029-05-05,,,348.5,2026-07-17,,,0.0,,,0.0,,200000000.0,200000000.0,118.0,343.0,,,0.0
52844,jpp四KY,2026-07-09,2026-08-06,2029-05-05,,,348.5,2026-07-17,,,0.0,,,0.0,,200000000.0,200000000.0,115.0,330.0,,,0.0
52845,jpp五KY,2026-07-08,2026-08-12,2029-05-11,,,318.5,2026-07-17,,,0.0,,,0.0,,350000000.0,350000000.0,125.0,343.0,,,0.0
52845,jpp五KY,2026-07-09,2026-08-12,2029-05-11,,,318.5,2026-07-17,,,0.0,,,0.0,,350000000.0,350000000.0,124.05,330.0,,,0.0
52892,宜鼎二,2026-07-08,2026-10-02,2029-07-01,,,2180.0,2026-07-01,,,0.0,,,0.0,,3000000000.0,3000000000.0,115.1,1515.0,,,0.0
52892,宜鼎二,2026-07-09,2026-10-02,2029-07-01,,,2180.0,2026-07-01,,,0.0,,,0.0,,3000000000.0,3000000000.0,116.85,1530.0,,,0.0
53064,桂盟四,2026-07-08,2024-02-09,2026-11-08,,,120.0,2026-03-25,,,0.0,,,0.0,,1000000000.0,999900032.0,100.0,86.1,,,0.0
53064,桂盟四,2026-07-09,2024-02-09,2026-11-08,,,118.8,2026-07-05,,,0.0,,,0.0,,1000000000.0,999900032.0,100.0,86.5,,,0.0
53095,系統電五,2026-07-08,2023-11-09,2026-08-08,,,37.9,2026-06-09,,,100.5,,,0.0,,500000000.0,12700000.0,183.0,64.0,,,0.0
53095,系統電五,2026-07-09,2023-11-09,2026-08-08,,,37.9,2026-06-09,,,100.5,,,0.0,,500000000.0,12700000.0,183.0,63.1,,,0.0
53096,系統電六,2026-07-08,2026-03-13,2030-12-12,,,63.0,2026-06-09,,,0.0,,,0.0,,700000000.0,700000000.0,114.0,64.0,,,0.0
53096,系統電六,2026-07-09,2026-03-13,2030-12-12,,,63.0,2026-06-09,,,0.0,,,0.0,,700000000.0,700000000.0,114.0,63.1,,,0.0
53097,系統電七,2026-07-08,2026-03-16,2028-12-15,,,54.6,2026-06-09,,,0.0,,,0.0,,500000000.0,495400000.0,120.2,64.0,,,0.0
53097,系統電七,2026-07-09,2026-03-16,2028-12-15,,,54.6,2026-06-09,,,0.0,,,0.0,,500000000.0,495400000.0,119.8,63.1,,,0.0
53211,美而快一,2026-07-08,2024-06-05,2027-03-04,,,92.0,2024-03-04,,,101.0,,,0.0,,200000000.0,4300000.0,100.3,60.7,,,0.0
53211,美而快一,2026-07-09,2024-06-05,2027-03-04,,,92.0,2024-03-04,,,101.0,,,0.0,,200000000.0,4300000.0,100.3,61.2,,,0.0
53887,中磊七,2026-07-08,2024-03-07,2028-12-06,,,139.6,2024-04-06,,,0.0,,,0.0,,3000000000.0,3000000000.0,107.1,83.1,,,0.0
53887,中磊七,2026-07-09,2024-03-07,2028-12-06,,,139.6,2024-04-06,,,0.0,,,0.0,,3000000000.0,3000000000.0,107.4,84.6,,,0.0
54391,高技一,2026-07-08,2025-12-10,2030-09-09,,,300.0,2025-09-09,,,0.0,,,0.0,,2000000000.0,1999699968.0,137.95,338.0,,,0.0
54391,高技一,2026-07-09,2025-12-10,2030-09-09,,,300.0,2025-09-09,,,0.0,,,0.0,,2000000000.0,1999699968.0,137.95,325.5,,,0.0
54501,南良一,2026-07-08,2023-06-22,2028-03-21,,,17.4,2025-08-08,,,100.75,,,0.0,,500000000.0,499800000.0,107.0,15.35,,,0.0
54501,南良一,2026-07-09,2023-06-22,2028-03-21,,,17.4,2025-08-08,,,100.75,,,0.0,,500000000.0,499800000.0,107.05,14.85,,,0.0
54573,宣德三,2026-07-08,2024-06-07,2027-03-06,,,69.5,2024-03-06,,,0.0,,,0.0,,2000000000.0,2000000000.0,95.2,33.6,,,0.0
54573,宣德三,2026-07-09,2024-06-07,2027-03-06,,,69.5,2024-03-06,,,0.0,,,0.0,,2000000000.0,2000000000.0,95.2,33.35,,,0.0
54642,霖宏二,2026-07-08,2026-08-26,2029-05-25,,,33.4,2026-05-25,,,0.0,,,0.0,,290000000.0,290000000.0,258.0,95.9,,,0.0
54642,霖宏二,2026-07-09,2026-08-26,2029-05-25,,,33.4,2026-05-25,,,0.0,,,0.0,,290000000.0,290000000.0,260.0,94.5,,,0.0
55344,長虹四,2026-07-08,2026-06-12,2031-03-11,,,80.0,2026-03-11,,,0.0,,,0.0,,1500000000.0,1500000000.0,132.0,79.2,,,0.0
55344,長虹四,2026-07-09,2026-06-12,2031-03-11,,,80.0,2026-03-11,,,0.0,,,0.0,,1500000000.0,1500000000.0,129.95,79.2,,,0.0
56087,四維航七,2026-07-08,2025-03-18,2027-12-17,,,19.3,2024-12-17,,,0.0,,,0.0,,600000000.0,600000000.0,108.0,14.75,,,0.0
56087,四維航七,2026-07-09,2025-03-18,2027-12-17,,,19.3,2024-12-17,,,0.0,,,0.0,,600000000.0,600000000.0,108.0,14.6,,,0.0
60152,宏遠證二,2026-07-08,2024-04-06,2029-01-05,,,9.81,2026-04-23,,,0.0,,,0.0,,600000000.0,133800000.0,193.0,18.15,,,0.0
60152,宏遠證二,2026-07-09,2024-04-06,2029-01-05,,,9.81,2026-04-23,,,0.0,,,0.0,,600000000.0,133800000.0,193.0,17.65,,,0.0
61011,寬魚國際一,2026-07-08,2026-04-30,2029-01-29,,,36.9,2026-01-29,,,0.0,,,0.0,,150000000.0,150000000.0,119.0,40.9,,,0.0
61011,寬魚國際一,2026-07-09,2026-04-30,2029-01-29,,,36.9,2026-01-29,,,0.0,,,0.0,,150000000.0,150000000.0,117.9,41.0,,,0.0
61012,寬魚國際二,2026-07-08,2026-05-01,2029-01-30,,,38.9,2026-01-30,,,0.0,,,0.0,,250000000.0,189500000.0,114.7,40.9,,,0.0
61012,寬魚國際二,2026-07-09,2026-05-01,2029-01-30,,,38.9,2026-01-30,,,0.0,,,0.0,,250000000.0,189500000.0,114.7,41.0,,,0.0
61041,創惟一,2026-07-08,2022-11-27,2027-08-26,,,119.0,2026-04-15,,,100.75,,,0.0,,500000000.0,436800000.0,115.0,102.5,,,0.0
61041,創惟一,2026-07-09,2022-11-27,2027-08-26,,,119.0,2026-04-15,,,100.75,,,0.0,,500000000.0,436800000.0,115.0,102.0,,,0.0
61112,光聚晶電二,2026-07-08,2024-12-11,2027-09-10,,,67.0,2024-09-10,,,0.0,,,0.0,,300000000.0,300000000.0,99.5,42.1,,,0.0
61112,光聚晶電二,2026-07-09,2024-12-11,2027-09-10,,,67.0,2024-09-10,,,0.0,,,0.0,,300000000.0,300000000.0,99.4,41.95,,,0.0
61171,迎廣一,2026-07-08,2024-08-28,2027-05-27,,,82.0,2025-08-23,,,101.0,,,0.0,,500000000.0,200800000.0,100.0,72.0,,,0.0
61171,迎廣一,2026-07-09,2024-08-28,2027-05-27,,,82.0,2025-08-23,,,101.0,,,0.0,,500000000.0,200800000.0,102.5,72.4,,,0.0
61172,迎廣二,2026-07-08,2025-08-29,2028-05-28,,,77.4,2025-08-23,,,0.0,,,0.0,,500000000.0,471000000.0,104.95,72.0,,,0.0
61172,迎廣二,2026-07-09,2025-08-29,2028-05-28,,,77.4,2025-08-23,,,0.0,,,0.0,,500000000.0,471000000.0,104.95,72.4,,,0.0
61255,廣運五,2026-07-08,2024-09-22,2027-06-21,,,112.0,2025-07-01,,,101.0,,,0.0,,600000000.0,88000000.0,98.8,57.7,,,0.0
61255,廣運五,2026-07-09,2024-09-22,2027-06-21,,,112.0,2025-07-01,,,101.0,,,0.0,,600000000.0,88000000.0,98.6,58.1,,,0.0
61263,信音三,2026-07-08,2024-03-01,2026-11-30,,,26.8,2025-09-18,,,101.51,,,0.0,,500000000.0,139400000.0,135.0,35.55,,,0.0
61263,信音三,2026-07-09,2024-03-01,2026-11-30,,,26.8,2025-09-18,,,101.51,,,0.0,,500000000.0,139400000.0,130.5,35.1,,,0.0
61506,撼訊六,2026-07-08,2024-06-08,2027-03-07,,,89.3,2026-07-22,,,0.0,,,0.0,,400000000.0,400000000.0,97.4,61.4,,,0.0
61506,撼訊六,2026-07-09,2024-06-08,2027-03-07,,,89.3,2026-07-22,,,0.0,,,0.0,,400000000.0,400000000.0,97.2,61.6,,,0.0
61565,松上五,2026-07-08,2025-09-26,2028-06-25,,,29.0,2025-08-20,,,0.0,,,0.0,,350000000.0,350000000.0,110.0,27.7,,,0.0
61565,松上五,2026-07-09,2025-09-26,2028-06-25,,,29.0,2025-08-20,,,0.0,,,0.0,,350000000.0,350000000.0,110.0,26.95,,,0.0
61635,華電網五,2026-07-08,2026-01-17,2028-10-16,,,25.02,2025-10-16,,,0.0,,,0.0,,300000000.0,129300000.0,262.0,46.5,,,0.0
61635,華電網五,2026-07-09,2026-01-17,2028-10-16,,,25.02,2025-10-16,,,0.0,,,0.0,,300000000.0,129300000.0,262.0,46.2,,,0.0
61777,達麗七,2026-07-08,2025-09-26,2028-06-25,,,46.1,2025-08-11,,,0.0,,,0.0,,600000000.0,599400000.0,110.1,45.2,,,0.0
61777,達麗七,2026-07-09,2025-09-26,2028-06-25,,,46.1,2025-08-11,,,0.0,,,0.0,,600000000.0,599400000.0,110.1,45.3,,,0.0
61793,亞通三,2026-07-08,2023-10-26,2026-07-25,,,33.3,2026-03-13,,,101.0,,,0.0,2026-07-27,300000000.0,47300000.0,100.8,26.8,,,0.0
61793,亞通三,2026-07-09,2023-10-26,2026-07-25,,,33.3,2026-03-13,,,101.0,,,0.0,2026-07-27,300000000.0,47300000.0,100.8,27.95,,,0.0
61794,亞通四,2026-07-08,2024-11-29,2027-08-28,,,28.2,2026-03-13,2026-07-20,2026-08-28,101.0,,,0.0,,600000000.0,595400000.0,102.5,26.8,,,0.0
61794,亞通四,2026-07-09,2024-11-29,2027-08-28,,,28.2,2026-03-13,2026-07-20,2026-08-28,101.0,,,0.0,,600000000.0,595400000.0,104.8,27.95,,,0.0
61827,合晶七,2026-07-08,2021-10-28,2026-07-27,,,60.5,2026-06-05,,,0.0,,,0.0,2026-07-28,300000000.0,89200000.0,269.0,160.0,,,0.0
61827,合晶七,2026-07-09,2021-10-28,2026-07-27,,,60.5,2026-06-05,,,0.0,,,0.0,2026-07-28,300000000.0,89200000.0,282.0,172.5,,,0.0
61828,合晶八,2026-07-08,2024-12-28,2029-09-27,,,33.1,2026-06-05,,,0.0,,,0.0,,1500000000.0,564499968.0,495.0,160.0,,,0.0
61828,合晶八,2026-07-09,2024-12-28,2029-09-27,,,33.1,2026-06-05,,,0.0,,,0.0,,1500000000.0,564499968.0,522.0,172.5,,,0.0
61843,大豐電三,2026-07-08,2024-06-07,2027-03-06,,,46.2,2026-06-30,,,0.0,,,0.0,,1500000000.0,1306499968.0,97.95,42.85,,,0.0
61843,大豐電三,2026-07-09,2024-06-07,2027-03-06,,,46.2,2026-06-30,,,0.0,,,0.0,,1500000000.0,1306499968.0,97.95,42.95,,,0.0
61876,萬潤六,2026-07-08,2026-10-03,2029-07-02,,,1150.0,2026-07-02,,,0.0,,,0.0,,3000000000.0,3000000000.0,135.85,955.0,,,0.0
61876,萬潤六,2026-07-09,2026-10-03,2029-07-02,,,1150.0,2026-07-02,,,0.0,,,0.0,,3000000000.0,3000000000.0,139.0,1050.0,,,0.0
61894,豐藝四,2026-07-08,2024-02-11,2028-11-10,,,40.97,2026-07-02,,,0.0,,,0.0,,500000000.0,122800000.0,133.0,51.2,,,0.0
61894,豐藝四,2026-07-09,2024-02-11,2028-11-10,,,40.97,2026-07-02,,,0.0,,,0.0,,500000000.0,122800000.0,133.0,50.4,,,0.0
61907,萬泰科七,2026-07-08,2026-02-07,2028-11-06,,,40.7,2026-07-23,,,0.0,,,0.0,,1000000000.0,628600000.0,194.0,83.1,,,0.0
61907,萬泰科七,2026-07-09,2026-02-07,2028-11-06,,,40.7,2026-07-23,,,0.0,,,0.0,,1000000000.0,628600000.0,193.0,82.1,,,0.0
61973,佳必琪三,2026-07-08,2025-01-16,2027-10-15,,,160.0,2024-10-15,,,0.0,,,0.0,,1000000000.0,794300032.0,244.0,369.0,,,0.0
61973,佳必琪三,2026-07-09,2025-01-16,2027-10-15,,,160.0,2024-10-15,,,0.0,,,0.0,,1000000000.0,794300032.0,240.0,358.5,,,0.0
61993,天品三,2026-07-08,2026-04-21,2029-01-20,,,104.6,2026-01-20,,,0.0,,,0.0,,250000000.0,250000000.0,117.0,104.5,,,0.0
61993,天品三,2026-07-09,2026-04-21,2029-01-20,,,104.6,2026-01-20,,,0.0,,,0.0,,250000000.0,250000000.0,117.0,105.5,,,0.0
61994,天品四,2026-07-08,2026-04-22,2029-01-21,,,114.8,2026-01-21,,,0.0,,,0.0,,350000000.0,350000000.0,98.15,104.5,,,0.0
61994,天品四,2026-07-09,2026-04-22,2029-01-21,,,114.8,2026-01-21,,,0.0,,,0.0,,350000000.0,350000000.0,98.95,105.5,,,0.0
62075,雷科五,2026-07-08,2025-11-27,2028-08-26,,,50.5,2026-07-25,,,0.0,,,0.0,,600000000.0,104900000.0,297.0,131.0,,,0.0
62075,雷科五,2026-07-09,2025-11-27,2028-08-26,,,50.5,2026-07-25,,,0.0,,,0.0,,600000000.0,104900000.0,291.0,144.0,,,0.0
62076,雷科六,2026-07-08,2025-12-06,2028-09-05,,,49.0,2026-07-25,,,0.0,,,0.0,,200000000.0,48000000.0,306.0,131.0,,,0.0
62076,雷科六,2026-07-09,2025-12-06,2028-09-05,,,49.0,2026-07-25,,,0.0,,,0.0,,200000000.0,48000000.0,306.0,144.0,,,0.0
62093,今國光三,2026-07-08,2026-01-24,2028-10-23,,,38.6,2025-10-23,,,0.0,,,0.0,,450000000.0,200000000.0,206.0,78.2,,,0.0
62093,今國光三,2026-07-09,2026-01-24,2028-10-23,,,38.6,2025-10-23,,,0.0,,,0.0,,450000000.0,200000000.0,207.0,80.8,,,0.0
62194,富旺四,2026-07-08,2026-01-17,2028-10-16,,,21.17,2025-10-16,,,0.0,,,0.0,,600000000.0,600000000.0,103.8,12.7,,,0.0
62194,富旺四,2026-07-09,2026-01-17,2028-10-16,,,21.17,2025-10-16,,,0.0,,,0.0,,600000000.0,600000000.0,103.8,12.85,,,0.0
622010,岳豐十,2026-07-08,2026-09-11,2029-06-10,,,32.4,2026-07-17,,,0.0,,,0.0,,500000000.0,500000000.0,121.95,34.7,,,0.0
622010,岳豐十,2026-07-09,2026-09-11,2029-06-10,,,32.4,2026-07-17,,,0.0,,,0.0,,500000000.0,500000000.0,123.0,33.6,,,0.0
62236,旺矽六,2026-07-08,2026-09-16,2031-06-15,,,6223.0,2026-06-15,,,0.0,,,0.0,,5000000000.0,5000000000.0,150.0,6460.0,,,0.0
62236,旺矽六,2026-07-09,2026-09-16,2031-06-15,,,6223.0,2026-06-15,,,0.0,,,0.0,,5000000000.0,5000000000.0,152.0,7080.0,,,0.0
62433,迅杰三,2026-07-08,2024-09-26,2027-06-25,,,65.8,2024-06-25,,,0.0,,,0.0,,300000000.0,300000000.0,94.4,40.0,,,0.0
62433,迅杰三,2026-07-09,2024-09-26,2027-06-25,,,65.8,2024-06-25,,,0.0,,,0.0,,300000000.0,300000000.0,94.4,39.55,,,0.0
62695,台郡五,2026-07-08,2024-11-03,2027-08-02,,,93.0,2024-08-02,,,0.0,,,0.0,,2000000000.0,2000000000.0,108.0,63.7,,,0.0
62695,台郡五,2026-07-09,2024-11-03,2027-08-02,,,93.0,2024-08-02,,,0.0,,,0.0,,2000000000.0,2000000000.0,108.0,62.5,,,0.0
62696,台郡六,2026-07-08,2024-11-03,2027-08-02,,,101.0,2024-08-02,,,0.0,,,0.0,,1000000000.0,1000000000.0,104.5,63.7,,,0.0
62696,台郡六,2026-07-09,2024-11-03,2027-08-02,,,101.0,2024-08-02,,,0.0,,,0.0,,1000000000.0,1000000000.0,104.5,62.5,,,0.0
62822,康舒二,2026-07-08,2023-09-14,2028-06-13,,,46.1,2025-08-24,,,100.0,,,0.0,,4000000000.0,3996699904.0,131.95,59.0,,,0.0
62822,康舒二,2026-07-09,2023-09-14,2028-06-13,,,46.1,2025-08-24,,,100.0,,,0.0,,4000000000.0,3996699904.0,130.65,57.6,,,0.0
62843,佳邦三,2026-07-08,2024-03-15,2026-12-14,,,86.6,2025-07-25,,,100.0,,,0.0,,700000000.0,700000000.0,135.0,100.0,,,0.0
62843,佳邦三,2026-07-09,2024-03-15,2026-12-14,,,86.6,2025-07-25,,,100.0,,,0.0,,700000000.0,700000000.0,135.0,99.5,,,0.0
629010,良維十,2026-07-08,2025-08-14,2028-05-13,,,75.9,2025-07-30,,,0.0,,,0.0,,800000000.0,6400000.0,470.0,302.0,,,0.0
629010,良維十,2026-07-09,2025-08-14,2028-05-13,,,75.9,2025-07-30,,,0.0,,,0.0,,800000000.0,6400000.0,470.0,298.5,,,0.0
64145,樺漢五,2026-07-08,2023-11-17,2026-08-16,,,263.1,2026-06-22,,,0.0,,,0.0,2026-08-17,3000000000.0,1538599936.0,153.0,404.0,,,0.0
64145,樺漢五,2026-07-09,2023-11-17,2026-08-16,,,263.1,2026-06-22,,,0.0,,,0.0,2026-08-17,3000000000.0,1538599936.0,149.0,394.0,,,0.0
64251,易發一,2026-07-08,2025-01-16,2027-10-15,,,57.9,2026-07-07,,,0.0,,,0.0,,200000000.0,31100000.0,142.0,69.1,,,0.0
64251,易發一,2026-07-09,2025-01-16,2027-10-15,,,57.9,2026-07-07,,,0.0,,,0.0,,200000000.0,31100000.0,142.0,70.5,,,0.0
64324,今展科四,2026-07-08,2024-11-17,2027-08-16,,,30.88,2025-08-21,2026-07-07,2026-08-16,101.0,,,0.0,,250000000.0,66500000.0,246.0,77.0,,,0.0
64324,今展科四,2026-07-09,2024-11-17,2027-08-16,,,30.88,2025-08-21,2026-07-07,2026-08-16,101.0,,,0.0,,250000000.0,66500000.0,247.0,75.6,,,0.0
64512,訊芯二KY,2026-07-08,2025-05-28,2028-02-27,,,240.6,2025-08-02,,,0.0,,,0.0,,2500000000.0,866099968.0,203.0,525.0,,,0.0
64512,訊芯二KY,2026-07-09,2025-05-28,2028-02-27,,,240.6,2025-08-02,,,0.0,,,0.0,,2500000000.0,866099968.0,211.0,518.0,,,0.0
64693,大樹三,2026-07-08,2025-10-29,2028-07-28,,,132.53,2025-08-30,,,0.0,,,0.0,,1000000000.0,1000000000.0,101.0,76.9,,,0.0
64693,大樹三,2026-07-09,2025-10-29,2028-07-28,,,132.53,2025-08-30,,,0.0,,,0.0,,1000000000.0,1000000000.0,101.0,78.0,,,0.0
64724,保瑞四,2026-07-08,2026-07-02,2031-04-01,,,500.0,2026-04-01,,,0.0,,,0.0,,2000000000.0,2000000000.0,107.0,422.0,,,0.0
64724,保瑞四,2026-07-09,2026-07-02,2031-04-01,,,500.0,2026-04-01,,,0.0,,,0.0,,2000000000.0,2000000000.0,107.0,426.0,,,0.0
64725,保瑞五,2026-07-08,2026-07-16,2031-04-15,,,485.0,2026-04-15,,,0.0,,,0.0,,1000000000.0,1000000000.0,106.7,422.0,,,0.0
64725,保瑞五,2026-07-09,2026-07-16,2031-04-15,,,485.0,2026-04-15,,,0.0,,,0.0,,1000000000.0,1000000000.0,106.7,426.0,,,0.0
64773,安集三,2026-07-08,2021-11-05,2026-08-04,,,41.9,2025-07-05,,,101.51,,,0.0,,500000000.0,193100000.0,101.55,38.05,,,0.0
64773,安集三,2026-07-09,2021-11-05,2026-08-04,,,41.9,2025-07-05,,,101.51,,,0.0,,500000000.0,193100000.0,101.75,39.85,,,0.0
64774,安集四,2026-07-08,2022-10-22,2027-07-21,,,50.4,2025-07-05,,,100.75,,,0.0,,1000000000.0,37400000.0,95.8,38.05,,,0.0
64774,安集四,2026-07-09,2022-10-22,2027-07-21,,,50.4,2025-07-05,,,100.75,,,0.0,,1000000000.0,37400000.0,95.8,39.85,,,0.0
64775,安集五,2026-07-08,2026-01-10,2028-10-09,,,44.3,2025-10-09,,,0.0,,,0.0,,600000000.0,600000000.0,96.7,38.05,,,0.0
64775,安集五,2026-07-09,2026-01-10,2028-10-09,,,44.3,2025-10-09,,,0.0,,,0.0,,600000000.0,600000000.0,97.55,39.85,,,0.0
65096,聚和六,2026-07-08,2024-10-04,2027-07-03,,,37.6,2025-08-24,,,100.0,,,0.0,,500000000.0,479800000.0,141.0,54.2,,,0.0
65096,聚和六,2026-07-09,2024-10-04,2027-07-03,,,37.6,2025-08-24,,,100.0,,,0.0,,500000000.0,479800000.0,138.0,52.2,,,0.0
65101,精測一,2026-07-08,2026-04-06,2029-01-05,,,2008.1,2026-07-15,,,0.0,,,0.0,,2000000000.0,1717400064.0,157.0,2840.0,,,0.0
65101,精測一,2026-07-09,2026-04-06,2029-01-05,,,2008.1,2026-07-15,,,0.0,,,0.0,,2000000000.0,1717400064.0,160.0,2855.0,,,0.0
65152,穎崴二,2026-07-08,2026-05-06,2029-02-05,,,3540.4,2026-02-05,,,0.0,,,0.0,,3000000000.0,1559800064.0,218.0,7705.0,,,0.0
65152,穎崴二,2026-07-09,2026-05-06,2029-02-05,,,3540.4,2026-02-05,,,0.0,,,0.0,,3000000000.0,1559800064.0,220.0,7765.0,,,0.0
65331,晶心科一,2026-07-08,2025-12-09,2028-09-08,,,308.0,2025-09-08,,,0.0,,,0.0,,1500000000.0,1500000000.0,90.0,192.5,,,0.0
65331,晶心科一,2026-07-09,2025-12-09,2028-09-08,,,308.0,2025-09-08,,,0.0,,,0.0,,1500000000.0,1500000000.0,90.0,191.5,,,0.0
65381,倉和一,2026-07-08,2025-09-27,2030-06-26,,,103.2,2026-06-30,,,0.0,,,0.0,,300000000.0,296200000.0,123.0,124.0,,,0.0
65381,倉和一,2026-07-09,2025-09-27,2030-06-26,,,103.2,2026-06-30,,,0.0,,,0.0,,300000000.0,296200000.0,134.0,136.0,,,0.0
65461,正基一,2026-07-08,2024-09-06,2027-06-05,,,149.0,2025-07-01,,,100.0,,,0.0,,600000000.0,2300000.0,99.9,68.6,,,0.0
65461,正基一,2026-07-09,2024-09-06,2027-06-05,,,149.0,2025-07-01,,,100.0,,,0.0,,600000000.0,2300000.0,99.9,67.6,,,0.0
65462,正基二,2026-07-08,2026-09-10,2029-06-09,,,88.5,2026-06-09,,,0.0,,,0.0,,500000000.0,500000000.0,104.5,68.6,,,0.0
65462,正基二,2026-07-09,2026-09-10,2029-06-09,,,88.5,2026-06-09,,,0.0,,,0.0,,500000000.0,500000000.0,105.0,67.6,,,0.0
65463,正基三,2026-07-08,2026-10-01,2029-06-30,,,81.5,2026-06-30,,,0.0,,,0.0,,200000000.0,200000000.0,106.8,68.6,,,0.0
65463,正基三,2026-07-09,2026-10-01,2029-06-30,,,81.5,2026-06-30,,,0.0,,,0.0,,200000000.0,200000000.0,107.5,67.6,,,0.0
65472,高端疫苗二,2026-07-08,2026-06-20,2029-03-19,,,37.0,2026-03-19,,,0.0,,,0.0,,750000000.0,742800000.0,128.25,47.5,,,0.0
65472,高端疫苗二,2026-07-09,2026-06-20,2029-03-19,,,37.0,2026-03-19,,,0.0,,,0.0,,750000000.0,742800000.0,129.75,47.4,,,0.0
65521,易華電一,2026-07-08,2022-01-26,2026-10-25,,,63.5,2021-10-25,,,100.0,,,0.0,,500000000.0,500000000.0,101.05,29.25,,,0.0
65521,易華電一,2026-07-09,2022-01-26,2026-10-25,,,63.5,2021-10-25,,,100.0,,,0.0,,500000000.0,500000000.0,101.05,29.45,,,0.0
65761,逸達一,2026-07-08,2026-06-26,2029-03-25,,,84.3,2026-03-25,,,0.0,,,0.0,,400000000.0,400000000.0,119.3,84.1,,,0.0
65761,逸達一,2026-07-09,2026-06-26,2029-03-25,,,84.3,2026-03-25,,,0.0,,,0.0,,400000000.0,400000000.0,119.3,83.1,,,0.0
65841,南俊國際一,2026-07-08,2025-01-30,2027-10-29,,,177.5,2025-09-16,,,0.0,2026-07-07,2026-08-07,100.0,2026-08-10,700000000.0,19100000.0,374.0,677.0,,,0.0
65841,南俊國際一,2026-07-09,2025-01-30,2027-10-29,,,177.5,2025-09-16,,,0.0,2026-07-07,2026-08-07,100.0,2026-08-10,700000000.0,19100000.0,377.0,663.0,,,0.0
65842,南俊國際二,2026-07-08,2025-01-31,2027-10-30,,,191.6,2025-09-16,,,0.0,2026-07-07,2026-08-07,100.0,2026-08-10,300000000.0,1600000.0,371.0,677.0,,,0.0
65842,南俊國際二,2026-07-09,2025-01-31,2027-10-30,,,191.6,2025-09-16,,,0.0,2026-07-07,2026-08-07,100.0,2026-08-10,300000000.0,1600000.0,371.0,663.0,,,0.0
65843,南俊國際三,2026-07-08,2026-10-03,2029-07-02,,,685.0,2026-07-02,,,0.0,,,0.0,2029-07-02,800000000.0,800000000.0,137.0,677.0,,,0.0
65843,南俊國際三,2026-07-09,2026-10-03,2029-07-02,,,685.0,2026-07-02,,,0.0,,,0.0,2029-07-02,800000000.0,800000000.0,137.35,663.0,,,0.0
65851,鼎基一,2026-07-08,2024-01-27,2026-10-26,,,106.3,2026-07-01,,,0.0,,,0.0,,500000000.0,273100000.0,117.0,126.0,,,0.0
65851,鼎基一,2026-07-09,2024-01-27,2026-10-26,,,106.3,2026-07-01,,,0.0,,,0.0,,500000000.0,273100000.0,117.05,124.5,,,0.0
65852,鼎基二,2026-07-08,2024-01-28,2026-10-27,,,106.1,2026-07-01,,,0.0,,,0.0,,200000000.0,80600000.0,116.0,126.0,,,0.0
65852,鼎基二,2026-07-09,2024-01-28,2026-10-27,,,106.1,2026-07-01,,,0.0,,,0.0,,200000000.0,80600000.0,116.0,124.5,,,0.0
65914,動力四KY,2026-07-08,2025-11-28,2028-08-27,,,78.61,2026-07-13,,,0.0,,,0.0,,250000000.0,250000000.0,95.2,50.8,,,0.0
65914,動力四KY,2026-07-09,2025-11-28,2028-08-27,,,78.61,2026-07-13,,,0.0,,,0.0,,250000000.0,250000000.0,95.2,49.4,,,0.0
66034,富強鑫四,2026-07-08,2026-08-05,2029-05-04,,,26.63,2026-05-04,,,0.0,,,0.0,,400000000.0,400000000.0,113.8,25.7,,,0.0
66034,富強鑫四,2026-07-09,2026-08-05,2029-05-04,,,26.63,2026-05-04,,,0.0,,,0.0,,400000000.0,400000000.0,113.9,25.7,,,0.0
66163,特昇三KY,2026-07-08,2023-12-21,2028-09-20,,,14.5,2023-11-08,,,0.0,,,0.0,,120000000.0,107000000.0,99.45,8.98,,,0.0
66163,特昇三KY,2026-07-09,2023-12-21,2028-09-20,,,14.5,2023-11-08,,,0.0,,,0.0,,120000000.0,107000000.0,99.45,8.98,,,0.0
66241,萬年清一,2026-07-08,2024-10-06,2029-07-05,,,40.6,2025-07-20,,,0.0,,,0.0,,100000000.0,31000000.0,140.0,41.5,,,0.0
66241,萬年清一,2026-07-09,2024-10-06,2029-07-05,,,40.6,2025-07-20,,,0.0,,,0.0,,100000000.0,31000000.0,140.0,40.6,,,0.0
66292,泰金二KY,2026-07-08,2024-12-14,2027-09-13,,,115.5,2026-06-30,,,0.0,,,0.0,,300000000.0,292300000.0,102.5,108.5,,,0.0
66292,泰金二KY,2026-07-09,2024-12-14,2027-09-13,,,115.5,2026-06-30,,,0.0,,,0.0,,300000000.0,292300000.0,101.5,108.0,,,0.0
66451,金萬林一創,2026-07-08,2025-03-05,2027-12-04,,,28.31,2024-12-04,,,0.0,,,0.0,,70000000.0,70000000.0,102.95,15.8,,,0.0
66451,金萬林一創,2026-07-09,2025-03-05,2027-12-04,,,28.31,2024-12-04,,,0.0,,,0.0,,70000000.0,70000000.0,102.95,15.8,,,0.0
66642,群翊二,2026-07-08,2025-02-20,2027-11-19,,,292.1,2025-08-02,,,0.0,,,0.0,,1250000000.0,1149299968.0,143.95,362.0,,,0.0
66642,群翊二,2026-07-09,2025-02-20,2027-11-19,,,292.1,2025-08-02,,,0.0,,,0.0,,1250000000.0,1149299968.0,142.4,373.5,,,0.0
66702,復盛應用二,2026-07-08,2026-03-27,2028-12-26,,,254.5,2026-06-30,,,0.0,,,0.0,,1500000000.0,1500000000.0,121.0,258.5,,,0.0
66702,復盛應用二,2026-07-09,2026-03-27,2028-12-26,,,254.5,2026-06-30,,,0.0,,,0.0,,1500000000.0,1500000000.0,121.05,261.5,,,0.0
66721,騰輝電子一KY,2026-07-08,2026-04-23,2031-01-22,,,93.4,2026-04-24,,,0.0,,,0.0,,500000000.0,45900000.0,339.0,306.0,,,0.0
66721,騰輝電子一KY,2026-07-09,2026-04-23,2031-01-22,,,93.4,2026-04-24,,,0.0,,,0.0,,500000000.0,45900000.0,320.0,298.0,,,0.0
66722,騰輝電子二KY,2026-07-08,2026-05-04,2031-02-03,,,90.5,2026-04-24,,,0.0,,,0.0,,500000000.0,18200000.0,333.0,306.0,,,0.0
66722,騰輝電子二KY,2026-07-09,2026-05-04,2031-02-03,,,90.5,2026-04-24,,,0.0,,,0.0,,500000000.0,18200000.0,333.0,298.0,,,0.0
66801,鑫創電子一,2026-07-08,2024-12-03,2029-09-02,,,76.2,2024-09-02,,,0.0,,,0.0,,350000000.0,312200000.0,94.9,50.4,,,0.0
66801,鑫創電子一,2026-07-09,2024-12-03,2029-09-02,,,76.2,2024-09-02,,,0.0,,,0.0,,350000000.0,312200000.0,94.9,49.35,,,0.0
67062,惠特二,2026-07-08,2025-01-26,2027-10-25,,,176.0,2024-11-21,,,0.0,,,0.0,,500000000.0,499900000.0,100.0,142.0,,,0.0
67062,惠特二,2026-07-09,2025-01-26,2027-10-25,,,176.0,2024-11-21,,,0.0,,,0.0,,500000000.0,499900000.0,100.0,139.0,,,0.0
67531,龍德造船一,2026-07-08,2024-09-26,2027-06-25,,,116.6,2025-09-09,,,0.0,,,0.0,,1000000000.0,520000000.0,134.05,154.0,,,0.0
67531,龍德造船一,2026-07-09,2024-09-26,2027-06-25,,,116.6,2025-09-09,,,0.0,,,0.0,,1000000000.0,520000000.0,130.0,148.0,,,0.0
67681,志強一KY,2026-07-08,2025-02-01,2027-10-31,,,95.2,2025-06-29,,,0.0,,,0.0,,1000000000.0,591000000.0,102.8,71.0,,,0.0
67681,志強一KY,2026-07-09,2025-02-01,2027-10-31,,,95.2,2025-06-29,,,0.0,,,0.0,,1000000000.0,591000000.0,102.8,71.2,,,0.0
67711,平和環保一創,2026-07-08,2025-08-09,2028-05-08,,,47.72,2026-07-03,,,0.0,,,0.0,,350000000.0,350000000.0,103.0,39.3,,,0.0
67711,平和環保一創,2026-07-09,2025-08-09,2028-05-08,,,47.72,2026-07-03,,,0.0,,,0.0,,350000000.0,350000000.0,103.3,39.8,,,0.0
67961,晉弘一,2026-07-08,2023-11-26,2026-08-25,,,107.9,2025-08-25,,,0.0,,,0.0,,200000000.0,200000000.0,99.0,57.9,,,0.0
67961,晉弘一,2026-07-09,2023-11-26,2026-08-25,,,107.9,2025-08-25,,,0.0,,,0.0,,200000000.0,200000000.0,99.0,59.2,,,0.0
67962,晉弘二,2026-07-08,2026-03-23,2028-12-22,,,101.6,2025-12-22,,,0.0,,,0.0,,200000000.0,200000000.0,90.6,57.9,,,0.0
67962,晉弘二,2026-07-09,2026-03-23,2028-12-22,,,101.6,2025-12-22,,,0.0,,,0.0,,200000000.0,200000000.0,90.7,59.2,,,0.0
68032,崑鼎二,2026-07-08,2026-08-22,2031-05-21,,,324.0,2026-05-21,,,0.0,,,0.0,,2000000000.0,2000000000.0,92.55,273.5,,,0.0
68032,崑鼎二,2026-07-09,2026-08-22,2031-05-21,,,324.0,2026-05-21,,,0.0,,,0.0,,2000000000.0,2000000000.0,92.45,274.0,,,0.0
68211,聯寶一,2026-07-08,2025-11-16,2028-08-15,,,42.19,2026-05-04,,,0.0,,,0.0,,300000000.0,128900000.0,144.2,53.0,,,0.0
68211,聯寶一,2026-07-09,2025-11-16,2028-08-15,,,42.19,2026-05-04,,,0.0,,,0.0,,300000000.0,128900000.0,144.2,51.6,,,0.0
68301,汎銓一,2026-07-08,2024-11-16,2027-08-15,,,149.0,2024-08-30,2026-07-17,2026-08-15,100.0,,,0.0,,500000000.0,111300000.0,306.0,410.5,,,0.0
68301,汎銓一,2026-07-09,2024-11-16,2027-08-15,,,149.0,2024-08-30,2026-07-17,2026-08-15,100.0,,,0.0,,500000000.0,111300000.0,306.0,416.5,,,0.0
68351,圓裕一,2026-07-08,2025-02-02,2027-11-01,,,47.4,2026-07-06,,,0.0,,,0.0,,600000000.0,600000000.0,97.3,34.55,,,0.0
68351,圓裕一,2026-07-09,2025-02-02,2027-11-01,,,47.4,2026-07-06,,,0.0,,,0.0,,600000000.0,600000000.0,98.0,34.35,,,0.0
68401,東研信超一,2026-07-08,2024-08-28,2027-05-27,,,65.7,2025-07-14,,,0.0,,,0.0,,200000000.0,197800000.0,110.0,66.6,,,0.0
68401,東研信超一,2026-07-09,2024-08-28,2027-05-27,,,65.7,2025-07-14,,,0.0,,,0.0,,200000000.0,197800000.0,110.0,66.0,,,0.0
68431,進典一,2026-07-08,2025-11-05,2028-08-04,,,61.4,2025-08-04,,,0.0,,,0.0,,300000000.0,300000000.0,101.0,40.5,,,0.0
68431,進典一,2026-07-09,2025-11-05,2028-08-04,,,61.4,2025-08-04,,,0.0,,,0.0,,300000000.0,300000000.0,101.0,40.15,,,0.0
68461,綠茵一,2026-07-08,2025-06-14,2030-03-13,,,75.8,2026-07-01,,,0.0,,,0.0,,350000000.0,349000000.0,96.2,63.2,,,0.0
68461,綠茵一,2026-07-09,2025-06-14,2030-03-13,,,75.8,2026-07-01,,,0.0,,,0.0,,350000000.0,349000000.0,96.2,66.9,,,0.0
68462,綠茵二,2026-07-08,2025-06-26,2030-03-25,,,73.6,2026-07-01,,,0.0,,,0.0,,350000000.0,348900000.0,95.0,63.2,,,0.0
68462,綠茵二,2026-07-09,2025-06-26,2030-03-25,,,73.6,2026-07-01,,,0.0,,,0.0,,350000000.0,348900000.0,95.0,66.9,,,0.0
68541,錼創科技一KY創,2026-07-08,2025-05-28,2028-02-27,,,248.3,2025-03-24,,,0.0,,,0.0,,800000000.0,800000000.0,107.2,118.0,,,0.0
68541,錼創科技一KY創,2026-07-09,2025-05-28,2028-02-27,,,248.3,2025-03-24,,,0.0,,,0.0,,800000000.0,800000000.0,107.2,113.5,,,0.0
68621,三集瑞一KY,2026-07-08,2026-06-14,2029-03-13,,,191.9,2026-07-13,,,0.0,,,0.0,,1000000000.0,1000000000.0,113.0,179.5,,,0.0
68621,三集瑞一KY,2026-07-09,2026-06-14,2029-03-13,,,191.9,2026-07-13,,,0.0,,,0.0,,1000000000.0,1000000000.0,113.0,181.5,,,0.0
68631,永道一KY,2026-07-08,2025-01-16,2027-10-15,,,294.9,2025-08-01,,,0.0,,,0.0,,1000000000.0,1000000000.0,92.5,92.4,,,0.0
68631,永道一KY,2026-07-09,2025-01-16,2027-10-15,,,294.9,2025-08-01,,,0.0,,,0.0,,1000000000.0,1000000000.0,93.3,92.8,,,0.0
68701,騰雲一,2026-07-08,2025-03-06,2029-12-05,,,238.2,2025-09-10,,,0.0,,,0.0,,350000000.0,313900000.0,119.0,293.0,,,0.0
68701,騰雲一,2026-07-09,2025-03-06,2029-12-05,,,238.2,2025-09-10,,,0.0,,,0.0,,350000000.0,313900000.0,119.0,289.0,,,0.0
68702,騰雲二,2026-07-08,2025-03-06,2029-12-05,,,226.9,2025-09-10,,,0.0,,,0.0,,350000000.0,317500000.0,122.0,293.0,,,0.0
68702,騰雲二,2026-07-09,2025-03-06,2029-12-05,,,226.9,2025-09-10,,,0.0,,,0.0,,350000000.0,317500000.0,122.0,289.0,,,0.0
68731,泓德能源一,2026-07-08,2023-12-29,2026-09-28,,,95.4,2025-08-03,,,102.01,,,0.0,,1000000000.0,23500000.0,137.55,89.3,,,0.0
68731,泓德能源一,2026-07-09,2023-12-29,2026-09-28,,,95.4,2025-08-03,,,102.01,,,0.0,,1000000000.0,23500000.0,137.55,86.6,,,0.0
68732,泓德能源二,2026-07-08,2025-08-30,2030-05-29,,,215.4,2025-08-03,,,0.0,,,0.0,,3000000000.0,3000000000.0,81.0,89.3,,,0.0
68732,泓德能源二,2026-07-09,2025-08-30,2030-05-29,,,215.4,2025-08-03,,,0.0,,,0.0,,3000000000.0,3000000000.0,81.2,86.6,,,0.0
68741,倍力一,2026-07-08,2025-02-05,2027-11-04,,,108.0,2024-11-04,,,0.0,,,0.0,,300000000.0,300000000.0,102.0,81.1,,,0.0
68741,倍力一,2026-07-09,2025-02-05,2027-11-04,,,108.0,2024-11-04,,,0.0,,,0.0,,300000000.0,300000000.0,102.0,83.7,,,0.0
68901,來億一KY,2026-07-08,2026-03-01,2028-11-28,,,246.4,2025-11-28,,,0.0,,,0.0,,4499999744.0,4327399936.0,92.0,201.0,,,0.0
68901,來億一KY,2026-07-09,2026-03-01,2028-11-28,,,246.4,2025-11-28,,,0.0,,,0.0,,4499999744.0,4327399936.0,94.8,206.0,,,0.0
68902,來億二KY,2026-07-08,2026-03-11,2028-12-10,,,245.2,2025-12-10,,,0.0,,,0.0,,500000000.0,452100000.0,98.95,201.0,,,0.0
68902,來億二KY,2026-07-09,2026-03-11,2028-12-10,,,245.2,2025-12-10,,,0.0,,,0.0,,500000000.0,452100000.0,98.8,206.0,,,0.0
68941,衛司特一,2026-07-08,2026-06-10,2029-03-09,,,254.9,2026-03-31,,,0.0,,,0.0,,300000000.0,300000000.0,155.0,352.5,,,0.0
68941,衛司特一,2026-07-09,2026-06-10,2029-03-09,,,254.9,2026-03-31,,,0.0,,,0.0,,300000000.0,300000000.0,155.0,357.0,,,0.0
69041,伯鑫一,2026-07-08,2026-03-27,2028-12-26,,,130.0,2025-12-26,,,0.0,,,0.0,,150000000.0,150000000.0,101.5,128.0,,,0.0
69041,伯鑫一,2026-07-09,2026-03-27,2028-12-26,,,130.0,2025-12-26,,,0.0,,,0.0,,150000000.0,150000000.0,101.5,0.0,,,0.0
69131,鴻呈一,2026-07-08,2026-06-20,2029-03-19,,,126.0,2026-03-19,,,0.0,,,0.0,,450000000.0,450000000.0,128.0,125.5,,,0.0
69131,鴻呈一,2026-07-09,2026-06-20,2029-03-19,,,126.0,2026-03-19,,,0.0,,,0.0,,450000000.0,450000000.0,128.0,127.0,,,0.0
69571,裕慶一KY,2026-07-08,2026-01-03,2028-10-02,,,190.0,2025-10-02,,,0.0,,,0.0,,1000000000.0,1000000000.0,109.0,209.0,,,0.0
69571,裕慶一KY,2026-07-09,2026-01-03,2028-10-02,,,190.0,2025-10-02,,,0.0,,,0.0,,1000000000.0,1000000000.0,108.35,209.5,,,0.0
69821,大井泵浦一,2026-07-08,2025-10-24,2028-07-23,,,63.6,2025-07-23,,,0.0,,,0.0,,300000000.0,299400000.0,101.4,52.8,,,0.0
69821,大井泵浦一,2026-07-09,2025-10-24,2028-07-23,,,63.6,2025-07-23,,,0.0,,,0.0,,300000000.0,299400000.0,101.4,52.7,,,0.0
69822,大井泵浦二,2026-07-08,2025-11-05,2028-08-04,,,61.8,2025-08-04,,,0.0,,,0.0,,200000000.0,194200000.0,97.15,52.8,,,0.0
69822,大井泵浦二,2026-07-09,2025-11-05,2028-08-04,,,61.8,2025-08-04,,,0.0,,,0.0,,200000000.0,194200000.0,99.0,52.7,,,0.0
74022,邑錡二,2026-07-08,2025-12-03,2028-09-02,,,97.6,2025-09-02,,,0.0,,,0.0,,400000000.0,395000000.0,141.0,135.5,,,0.0
74022,邑錡二,2026-07-09,2025-12-03,2028-09-02,,,97.6,2025-09-02,,,0.0,,,0.0,,400000000.0,395000000.0,150.0,131.0,,,0.0
75561,意德士一永,2026-07-08,2025-11-13,2028-08-12,,,180.9,2025-09-09,,,0.0,,,0.0,,100000000.0,57200000.0,161.0,282.0,,,0.0
75561,意德士一永,2026-07-09,2025-11-13,2028-08-12,,,180.9,2025-09-09,,,0.0,,,0.0,,100000000.0,57200000.0,161.0,260.0,,,0.0
75562,意德士二,2026-07-08,2025-11-16,2028-08-15,,,177.4,2025-09-09,,,0.0,,,0.0,,200000000.0,171900000.0,164.0,282.0,,,0.0
75562,意德士二,2026-07-09,2025-11-16,2028-08-15,,,177.4,2025-09-09,,,0.0,,,0.0,,200000000.0,171900000.0,154.0,260.0,,,0.0
76101,聯友金屬一創,2026-07-08,2026-08-21,2029-05-20,,,662.3,2026-07-19,,,0.0,,,0.0,,800000000.0,800000000.0,268.0,2485.0,,,0.0
76101,聯友金屬一創,2026-07-09,2026-08-21,2029-05-20,,,662.3,2026-07-19,,,0.0,,,0.0,,800000000.0,800000000.0,294.0,2650.0,,,0.0
77131,威力德生醫一,2026-07-08,2026-01-21,2028-10-20,,,69.6,2026-04-04,,,0.0,,,0.0,,500000000.0,500000000.0,103.3,70.7,,,0.0
77131,威力德生醫一,2026-07-09,2026-01-21,2028-10-20,,,69.6,2026-04-04,,,0.0,,,0.0,,500000000.0,500000000.0,103.3,70.6,,,0.0
80212,尖點二,2026-07-08,2026-04-21,2031-01-20,,,201.1,2026-06-24,,,0.0,,,0.0,,700000000.0,287200000.0,255.0,518.0,,,0.0
80212,尖點二,2026-07-09,2026-04-21,2031-01-20,,,201.1,2026-06-24,,,0.0,,,0.0,,700000000.0,287200000.0,251.0,521.0,,,0.0
80273,鈦昇三,2026-07-08,2022-10-14,2027-07-13,,,64.74,2023-04-27,2026-06-03,2026-07-13,102.02,,,0.0,,1000000000.0,43700000.0,366.0,220.0,,,0.0
80273,鈦昇三,2026-07-09,2022-10-14,2027-07-13,,,64.74,2023-04-27,2026-06-03,2026-07-13,102.02,,,0.0,,1000000000.0,43700000.0,369.0,242.0,,,0.0
80282,昇陽半導體二,2026-07-08,2025-04-23,2030-01-22,,,136.8,2026-06-20,,,0.0,,,0.0,,2000000000.0,494800000.0,236.0,305.5,,,0.0
80282,昇陽半導體二,2026-07-09,2025-04-23,2030-01-22,,,136.8,2026-06-20,,,0.0,,,0.0,,2000000000.0,494800000.0,232.0,312.5,,,0.0
80426,金山電六,2026-07-08,2026-03-17,2028-12-16,,,59.4,2026-06-15,,,0.0,,,0.0,,350000000.0,229900000.0,311.0,162.0,,,0.0
80426,金山電六,2026-07-09,2026-03-17,2028-12-16,,,59.4,2026-06-15,,,0.0,,,0.0,,350000000.0,229900000.0,311.0,178.0,,,0.0
80506,廣積六,2026-07-08,2023-02-23,2027-11-22,,,63.3,2025-07-26,,,100.75,,,0.0,,1600000000.0,757699968.0,115.15,59.8,,,0.0
80506,廣積六,2026-07-09,2023-02-23,2027-11-22,,,63.3,2025-07-26,,,100.75,,,0.0,,1600000000.0,757699968.0,115.0,58.2,,,0.0
80746,鉅橡六,2026-07-08,2026-08-15,2029-05-14,,,77.0,2026-06-23,,,0.0,,,0.0,,300000000.0,300000000.0,125.0,64.4,,,0.0
80746,鉅橡六,2026-07-09,2026-08-15,2029-05-14,,,77.0,2026-06-23,,,0.0,,,0.0,,300000000.0,300000000.0,125.5,63.3,,,0.0
80872,麗升能源二,2026-07-08,2025-08-03,2028-05-02,,,39.4,2025-09-08,,,0.0,,,0.0,,500000000.0,497900000.0,95.25,31.25,,,0.0
80872,麗升能源二,2026-07-09,2025-08-03,2028-05-02,,,39.4,2025-09-08,,,0.0,,,0.0,,500000000.0,497900000.0,95.5,31.5,,,0.0
80914,翔名四,2026-07-08,2024-11-16,2027-08-15,,,124.9,2026-06-22,2026-07-06,2026-08-15,100.25,,,0.0,,550000000.0,224100000.0,220.0,278.5,,,0.0
80914,翔名四,2026-07-09,2024-11-16,2027-08-15,,,124.9,2026-06-22,2026-07-06,2026-08-15,100.25,,,0.0,,550000000.0,224100000.0,234.0,295.0,,,0.0
80924,建暐四,2026-07-08,2024-06-12,2027-03-11,,,14.5,2024-03-11,,,101.0,,,0.0,,170000000.0,91900000.0,119.8,14.0,,,0.0
80924,建暐四,2026-07-09,2024-06-12,2027-03-11,,,14.5,2024-03-11,,,101.0,,,0.0,,170000000.0,91900000.0,119.8,13.85,,,0.0
80962,擎亞二,2026-07-08,2026-10-03,2029-07-02,,,158.0,2026-07-02,,,0.0,,,0.0,,800000000.0,800000000.0,125.0,169.5,,,0.0
80962,擎亞二,2026-07-09,2026-10-03,2029-07-02,,,158.0,2026-07-02,,,0.0,,,0.0,,800000000.0,800000000.0,120.15,166.5,,,0.0
81042,錸寶二,2026-07-08,2022-04-12,2027-01-11,,,69.98,2025-10-09,,,101.51,,,0.0,,600000000.0,71900000.0,100.0,41.75,,,0.0
81042,錸寶二,2026-07-09,2022-04-12,2027-01-11,,,69.98,2025-10-09,,,101.51,,,0.0,,600000000.0,71900000.0,100.0,41.15,,,0.0
81114,立碁四,2026-07-08,2026-07-29,2029-04-28,,,74.4,2026-06-17,,,0.0,,,0.0,,500000000.0,500000000.0,115.0,50.9,,,0.0
81114,立碁四,2026-07-09,2026-07-29,2029-04-28,,,74.4,2026-06-17,,,0.0,,,0.0,,500000000.0,500000000.0,114.0,50.3,,,0.0
811210,至上十,2026-07-08,2024-08-25,2029-05-24,,,73.5,2025-07-01,,,0.0,,,0.0,,3000000000.0,2999899904.0,127.7,85.4,,,0.0
811210,至上十,2026-07-09,2024-08-25,2029-05-24,,,73.5,2025-07-01,,,0.0,,,0.0,,3000000000.0,2999899904.0,126.7,85.0,,,0.0
811211,至上11,2026-07-08,2026-09-24,2031-06-23,,,95.3,2026-06-23,,,0.0,,,0.0,,2000000000.0,2000000000.0,110.95,85.4,,,0.0
811211,至上11,2026-07-09,2026-09-24,2031-06-23,,,95.3,2026-06-23,,,0.0,,,0.0,,2000000000.0,2000000000.0,110.4,85.0,,,0.0
81473,正淩三,2026-07-08,2025-01-04,2027-10-03,,,132.1,2025-07-16,,,0.0,,,0.0,,300000000.0,298800000.0,134.2,154.0,,,0.0
81473,正淩三,2026-07-09,2025-01-04,2027-10-03,,,132.1,2025-07-16,,,0.0,,,0.0,,300000000.0,298800000.0,133.6,148.5,,,0.0
81551,博智一,2026-07-08,2025-04-11,2030-01-10,,,121.6,2025-07-02,,,0.0,,,0.0,,1000000000.0,197400000.0,300.0,352.5,,,0.0
81551,博智一,2026-07-09,2025-04-11,2030-01-10,,,121.6,2025-07-02,,,0.0,,,0.0,,1000000000.0,197400000.0,296.0,351.0,,,0.0
81714,天宇四,2026-07-08,2025-02-13,2027-11-12,,,30.5,2025-05-23,,,0.0,,,0.0,,250000000.0,250000000.0,103.25,20.6,,,0.0
81714,天宇四,2026-07-09,2025-02-13,2027-11-12,,,30.5,2025-05-23,,,0.0,,,0.0,,250000000.0,250000000.0,103.25,20.5,,,0.0
81715,天宇五,2026-07-08,2025-02-15,2027-11-14,,,32.4,2025-05-23,,,0.0,,,0.0,,250000000.0,236800000.0,91.0,20.6,,,0.0
81715,天宇五,2026-07-09,2025-02-15,2027-11-14,,,32.4,2025-05-23,,,0.0,,,0.0,,250000000.0,236800000.0,91.0,20.5,,,0.0
82102,勤誠二,2026-07-08,2026-04-27,2029-01-26,,,1007.2,2026-01-26,,,0.0,,,0.0,,800000000.0,800000000.0,153.0,1195.0,,,0.0
82102,勤誠二,2026-07-09,2026-04-27,2029-01-26,,,1007.2,2026-01-26,,,0.0,,,0.0,,800000000.0,800000000.0,147.0,1175.0,,,0.0
82103,勤誠三,2026-07-08,2026-05-04,2029-02-03,,,985.3,2026-02-03,,,0.0,,,0.0,,700000000.0,700000000.0,153.0,1195.0,,,0.0
82103,勤誠三,2026-07-09,2026-05-04,2029-02-03,,,985.3,2026-02-03,,,0.0,,,0.0,,700000000.0,700000000.0,151.0,1175.0,,,0.0
82551,朋程一,2026-07-08,2023-11-10,2026-08-09,,,196.2,2025-07-22,,,0.0,,,0.0,,800000000.0,799900032.0,101.0,181.5,,,0.0
82551,朋程一,2026-07-09,2023-11-10,2026-08-09,,,196.2,2025-07-22,,,0.0,,,0.0,,800000000.0,799900032.0,100.85,176.5,,,0.0
82711,宇瞻一,2026-07-08,2026-08-06,2029-05-05,,,165.0,2026-04-23,,,0.0,,,0.0,,1000000000.0,1000000000.0,132.05,181.0,,,0.0
82711,宇瞻一,2026-07-09,2026-08-06,2029-05-05,,,165.0,2026-04-23,,,0.0,,,0.0,,1000000000.0,1000000000.0,132.5,181.0,,,0.0
82993,群聯三,2026-07-08,2026-05-07,2031-02-06,,,2488.0,2026-02-06,,,0.0,,,0.0,,6000000000.0,6000000000.0,139.5,2140.0,,,0.0
82993,群聯三,2026-07-09,2026-05-07,2031-02-06,,,2488.0,2026-02-06,,,0.0,,,0.0,,6000000000.0,6000000000.0,137.25,2220.0,,,0.0
83742,羅昇二,2026-07-08,2025-02-16,2027-11-15,,,132.5,2025-07-21,,,0.0,,,0.0,,500000000.0,500000000.0,107.0,85.7,,,0.0
83742,羅昇二,2026-07-09,2025-02-16,2027-11-15,,,132.5,2025-07-21,,,0.0,,,0.0,,500000000.0,500000000.0,107.0,85.8,,,0.0
84041,百和興業一KY,2026-07-08,2026-01-04,2028-10-03,,,26.8,2025-10-03,,,0.0,,,0.0,,1000000000.0,1000000000.0,102.35,16.7,,,0.0
84041,百和興業一KY,2026-07-09,2026-01-04,2028-10-03,,,26.8,2025-10-03,,,0.0,,,0.0,,1000000000.0,1000000000.0,102.35,16.8,,,0.0
84113,福貞三KY,2026-07-08,2025-11-02,2030-08-01,,,13.3,2025-08-01,,,0.0,,,0.0,,1200000000.0,1200000000.0,101.0,12.4,,,0.0
84113,福貞三KY,2026-07-09,2025-11-02,2030-08-01,,,13.3,2025-08-01,,,0.0,,,0.0,,1200000000.0,1200000000.0,101.2,12.4,,,0.0
84221,可寧衛一,2026-07-08,2023-02-23,2027-11-22,,,14.0,2026-07-05,,,100.75,,,0.0,,2500000000.0,9000000.0,209.0,27.3,,,0.0
84221,可寧衛一,2026-07-09,2023-02-23,2027-11-22,,,14.0,2026-07-05,,,100.75,,,0.0,,2500000000.0,9000000.0,209.0,27.0,,,0.0
84222,可寧衛二,2026-07-08,2025-07-08,2030-04-07,,,18.2,2026-07-05,,,0.0,,,0.0,,2000000000.0,74600000.0,154.0,27.3,,,0.0
84222,可寧衛二,2026-07-09,2025-07-08,2030-04-07,,,18.2,2026-07-05,,,0.0,,,0.0,,2000000000.0,74600000.0,150.0,27.0,,,0.0
84312,匯鑽科二,2026-07-08,2026-04-06,2029-01-05,,,68.0,2026-01-05,,,0.0,,,0.0,,300000000.0,300000000.0,93.0,50.7,,,0.0
84312,匯鑽科二,2026-07-09,2026-04-06,2029-01-05,,,68.0,2026-01-05,,,0.0,,,0.0,,300000000.0,300000000.0,92.6,49.35,,,0.0
84332,弘帆二,2026-07-08,2024-08-25,2027-05-24,,,94.0,2024-05-24,,,100.5,,,0.0,,100000000.0,6700000.0,99.6,52.6,,,0.0
84332,弘帆二,2026-07-09,2024-08-25,2027-05-24,,,94.0,2024-05-24,,,100.5,,,0.0,,100000000.0,6700000.0,99.6,52.8,,,0.0
84333,弘帆三,2026-07-08,2024-08-28,2027-05-27,,,97.8,2024-05-27,,,100.5,,,0.0,,400000000.0,9500000.0,100.3,52.6,,,0.0
84333,弘帆三,2026-07-09,2024-08-28,2027-05-27,,,97.8,2024-05-27,,,100.5,,,0.0,,400000000.0,9500000.0,100.3,52.8,,,0.0
84422,威宏二KY,2026-07-08,2024-01-20,2026-10-19,,,73.9,2025-07-20,,,0.0,,,0.0,,400000000.0,361500000.0,99.7,46.25,,,0.0
84422,威宏二KY,2026-07-09,2024-01-20,2026-10-19,,,73.9,2025-07-20,,,0.0,,,0.0,,400000000.0,361500000.0,99.7,45.5,,,0.0
84624,柏文四,2026-07-08,2026-08-09,2029-05-08,,,144.3,2026-06-27,,,0.0,,,0.0,,400000000.0,400000000.0,117.0,156.0,,,0.0
84624,柏文四,2026-07-09,2026-08-09,2029-05-08,,,144.3,2026-06-27,,,0.0,,,0.0,,400000000.0,400000000.0,117.0,159.0,,,0.0
84662,美吉吉二KY,2026-07-08,2023-10-27,2026-07-26,,,48.2,2025-08-15,,,101.0,,,0.0,2026-07-27,500000000.0,25200000.0,99.5,17.5,,,0.0
84662,美吉吉二KY,2026-07-09,2023-10-27,2026-07-26,,,48.2,2025-08-15,,,101.0,,,0.0,2026-07-27,500000000.0,25200000.0,99.5,17.45,,,0.0
84672,波力二KY,2026-07-08,2024-08-31,2027-05-30,,,191.4,2025-06-21,,,0.0,,,0.0,,210000000.0,116000000.0,107.5,113.0,,,0.0
84672,波力二KY,2026-07-09,2024-08-31,2027-05-30,,,191.4,2025-06-21,,,0.0,,,0.0,,210000000.0,116000000.0,107.5,114.5,,,0.0
84673,波力三KY,2026-07-08,2024-09-01,2027-05-31,,,233.4,2025-06-21,,,0.0,,,0.0,,390000000.0,363300000.0,102.25,113.0,,,0.0
84673,波力三KY,2026-07-09,2024-09-01,2027-05-31,,,233.4,2025-06-21,,,0.0,,,0.0,,390000000.0,363300000.0,102.25,114.5,,,0.0
84732,山林水二,2026-07-08,2021-12-29,2026-09-28,,,34.1,2025-07-29,,,100.0,,,0.0,,1000000000.0,206200000.0,135.1,45.4,,,0.0
84732,山林水二,2026-07-09,2021-12-29,2026-09-28,,,34.1,2025-07-29,,,100.0,,,0.0,,1000000000.0,206200000.0,135.1,45.6,,,0.0
84762,台境二,2026-07-08,2026-07-22,2029-04-21,,,19.7,2026-04-21,,,0.0,,,0.0,,250000000.0,250000000.0,122.0,23.85,,,0.0
84762,台境二,2026-07-09,2026-07-22,2029-04-21,,,19.7,2026-04-21,,,0.0,,,0.0,,250000000.0,250000000.0,122.0,24.1,,,0.0
84781,東哥遊艇一,2026-07-08,2024-10-16,2027-07-15,,,377.7,2024-07-30,,,0.0,,,0.0,,1500000000.0,1500000000.0,94.7,155.5,,,0.0
84781,東哥遊艇一,2026-07-09,2024-10-16,2027-07-15,,,377.7,2024-07-30,,,0.0,,,0.0,,1500000000.0,1500000000.0,94.7,154.0,,,0.0
84881,吉源一KY,2026-07-08,2024-03-20,2026-12-19,,,18.4,2024-01-15,,,0.0,,,0.0,,300000000.0,300000000.0,99.35,10.1,,,0.0
84881,吉源一KY,2026-07-09,2024-03-20,2026-12-19,,,18.4,2024-01-15,,,0.0,,,0.0,,300000000.0,300000000.0,99.1,10.05,,,0.0
84891,三貝德一,2026-07-08,2025-03-10,2027-12-09,,,27.9,2025-12-17,,,0.0,,,0.0,,332992096.0,194100000.0,115.0,21.85,,,0.0
84891,三貝德一,2026-07-09,2025-03-10,2027-12-09,,,27.9,2025-12-17,,,0.0,,,0.0,,332992096.0,194100000.0,115.0,21.7,,,0.0
89277,北基七,2026-07-08,2024-11-17,2027-08-16,,,68.27,2024-08-16,,,0.0,,,0.0,,590000000.0,590000000.0,100.0,22.1,,,0.0
89277,北基七,2026-07-09,2024-11-17,2027-08-16,,,68.27,2024-08-16,,,0.0,,,0.0,,590000000.0,590000000.0,100.0,22.35,,,0.0
89278,北基八,2026-07-08,2024-11-22,2027-08-21,,,63.73,2024-08-21,2026-07-22,2026-08-21,102.01,,,0.0,,500000000.0,499800000.0,100.8,22.1,,,0.0
89278,北基八,2026-07-09,2024-11-22,2027-08-21,,,63.73,2024-08-21,2026-07-22,2026-08-21,102.01,,,0.0,,500000000.0,499800000.0,100.8,22.35,,,0.0
89964,高力四,2026-07-08,2024-03-07,2028-12-06,,,232.2,2026-04-04,,,0.0,2026-07-27,2026-08-27,100.0,2026-08-28,1000000000.0,29300000.0,609.0,1320.0,,,0.0
89964,高力四,2026-07-09,2024-03-07,2028-12-06,,,232.2,2026-04-04,,,0.0,2026-07-27,2026-08-27,100.0,2026-08-28,1000000000.0,29300000.0,549.0,1230.0,,,0.0
98026,鈺齊六KY,2026-07-08,2025-02-16,2027-11-15,,,104.1,2026-03-22,,,0.0,,,0.0,,1000000000.0,999800000.0,103.0,72.3,,,0.0
98026,鈺齊六KY,2026-07-09,2025-02-16,2027-11-15,,,104.1,2026-03-22,,,0.0,,,0.0,,1000000000.0,999800000.0,103.0,75.0,,,0.0
99063,欣巴巴三,2026-07-08,2025-05-28,2028-02-27,,,101.5,2025-09-11,,,0.0,,,0.0,,700000000.0,700000000.0,97.2,41.0,,,0.0
99063,欣巴巴三,2026-07-09,2025-05-28,2028-02-27,,,101.5,2025-09-11,,,0.0,,,0.0,,700000000.0,700000000.0,97.3,40.5,,,0.0
99332,中鼎二,2026-07-08,2024-10-24,2029-07-23,,,45.5,2025-08-23,,,0.0,,,0.0,,6000000000.0,5999900160.0,100.15,40.65,,,0.0
99332,中鼎二,2026-07-09,2024-10-24,2029-07-23,,,45.5,2025-08-23,,,0.0,,,0.0,,6000000000.0,5999900160.0,100.6,41.1,,,0.0
99353,慶豐富三,2026-07-08,2025-01-15,2027-10-14,,,30.2,2026-07-12,,,0.0,,,0.0,,300000000.0,300000000.0,98.6,18.5,,,0.0
99353,慶豐富三,2026-07-09,2025-01-15,2027-10-14,,,30.2,2026-07-12,,,0.0,,,0.0,,300000000.0,300000000.0,98.6,18.3,,,0.0
99392,宏全二,2026-07-08,2025-01-30,2029-10-29,,,161.2,2025-07-08,,,0.0,,,0.0,,4000000000.0,3999899904.0,105.3,124.0,,,0.0
99392,宏全二,2026-07-09,2025-01-30,2029-10-29,,,161.2,2025-07-08,,,0.0,,,0.0,,4000000000.0,3999899904.0,105.45,122.5,,,0.0
99412,裕融二,2026-07-08,2024-02-21,2028-11-20,,,179.3,2025-09-08,,,0.0,,,0.0,,8000000000.0,8000000000.0,98.05,81.0,,,0.0
99412,裕融二,2026-07-09,2024-02-21,2028-11-20,,,179.3,2025-09-08,,,0.0,,,0.0,,8000000000.0,8000000000.0,98.15,81.0,,,0.0
99587,世紀鋼七,2026-07-08,2025-01-29,2027-10-28,,,241.7,2025-08-16,,,0.0,,,0.0,,4000000000.0,4000000000.0,98.65,118.5,,,0.0
99587,世紀鋼七,2026-07-09,2025-01-29,2027-10-28,,,241.7,2025-08-16,,,0.0,,,0.0,,4000000000.0,4000000000.0,98.75,117.0,,,0.0
99588,世紀鋼八永,2026-07-08,2025-02-09,2027-11-08,,,232.7,2025-08-16,,,0.0,,,0.0,,2000000000.0,2000000000.0,98.35,118.5,,,0.0
99588,世紀鋼八永,2026-07-09,2025-02-09,2027-11-08,,,232.7,2025-08-16,,,0.0,,,0.0,,2000000000.0,2000000000.0,98.45,117.0,,,0.0
