date,source,market,stock_id,available_volume,susp_margin_short,susp_sbl_short,no_below_flat
2026-08-22,TWT96U,twse,00400A,14690219,,,
2026-08-22,TWT96U,tpex,006201,114660,,,
2026-08-22,TWT96U,twse,00401A,2547864,,,
2026-08-22,TWT96U,tpex,00679B,6969991,,,
2026-08-22,TWT96U,twse,00402A,1947226,,,
2026-08-22,TWT96U,tpex,00687B,5920747,,,
2026-08-22,TWT96U,twse,00403A,102218517,,,
2026-08-22,TWT96U,tpex,00694B,61865,,,
2026-08-22,TWT96U,twse,00404A,2823163,,,
2026-08-22,TWT96U,tpex,00695B,104246,,,
2026-08-22,TWT96U,twse,00405A,31427741,,,
2026-08-22,TWT96U,tpex,00696B,699573,,,
2026-08-22,TWT96U,twse,00406A,28111070,,,
2026-08-22,TWT96U,tpex,00697B,127010,,,
2026-08-22,TWT96U,twse,00407A,21529975,,,
2026-08-22,TWT96U,tpex,00719B,903666,,,
2026-08-22,TWT96U,twse,00408A,2078038,,,
2026-08-22,TWT96U,tpex,00720B,1996654,,,
2026-08-22,TWT96U,twse,00410A,5830090,,,
2026-08-22,TWT96U,tpex,00722B,995384,,,
2026-08-22,TWT96U,twse,0050,48483014,,,
2026-08-22,TWT96U,tpex,00723B,54271,,,
2026-08-22,TWT96U,twse,0051,24291,,,
2026-08-22,TWT96U,tpex,00724B,1150969,,,
2026-08-22,TWT96U,twse,0052,8215499,,,
2026-08-22,TWT96U,tpex,00725B,1308583,,,
2026-08-22,TWT96U,twse,0053,18390,,,
2026-08-22,TWT96U,tpex,00726B,86055,,,
2026-08-22,TWT96U,twse,0055,114485,,,
2026-08-22,TWT96U,tpex,00727B,45427,,,
2026-08-22,TWT96U,twse,0056,17821702,,,
2026-08-22,TWT96U,tpex,00734B,31017,,,
2026-08-22,TWT96U,twse,0057,8590,,,
2026-08-22,TWT96U,tpex,00740B,506827,,,
2026-08-22,TWT96U,twse,0061,71075,,,
2026-08-22,TWT96U,tpex,00741B,45950,,,
2026-08-22,TWT96U,twse,006203,7684,,,
2026-08-22,TWT96U,tpex,00746B,164032,,,
2026-08-22,TWT96U,twse,006204,6968,,,
2026-08-22,TWT96U,tpex,00749B,33396,,,
2026-08-22,TWT96U,twse,006205,168098,,,
2026-08-22,TWT96U,tpex,00750B,34356,,,
2026-08-22,TWT96U,twse,006206,20034,,,
2026-08-22,TWT96U,tpex,00751B,1516160,,,
2026-08-22,TWT96U,twse,006207,88179,,,
2026-08-22,TWT96U,tpex,00754B,41027,,,
2026-08-22,TWT96U,twse,006208,1241784,,,
2026-08-22,TWT96U,tpex,00755B,38736,,,
2026-08-22,TWT96U,twse,00631L,85248114,,,
2026-08-22,TWT96U,tpex,00756B,565385,,,
2026-08-22,TWT96U,twse,00632R,60567807,,,
2026-08-22,TWT96U,tpex,00758B,31018,,,
2026-08-22,TWT96U,twse,00633L,962489,,,
2026-08-22,TWT96U,tpex,00759B,30643,,,
2026-08-22,TWT96U,twse,00634R,307029,,,
2026-08-22,TWT96U,tpex,00760B,33389,,,
2026-08-22,TWT96U,twse,00635U,996539,,,
2026-08-22,TWT96U,tpex,00761B,107911,,,
2026-08-22,TWT96U,twse,00636,199359,,,
2026-08-22,TWT96U,tpex,00764B,1807085,,,
2026-08-22,TWT96U,twse,00637L,7147724,,,
2026-08-22,TWT96U,tpex,00768B,212769,,,
2026-08-22,TWT96U,twse,00638R,95568,,,
2026-08-22,TWT96U,tpex,00772B,704047,,,
2026-08-22,TWT96U,twse,00639,270940,,,
2026-08-22,TWT96U,tpex,00773B,269986,,,
2026-08-22,TWT96U,twse,00640L,46695,,,
2026-08-22,TWT96U,tpex,00777B,35274,,,
2026-08-22,TWT96U,twse,00641R,502742,,,
2026-08-22,TWT96U,tpex,00778B,32825,,,
2026-08-22,TWT96U,twse,00642U,1271518,,,
2026-08-22,TWT96U,tpex,00779B,117609,,,
2026-08-22,TWT96U,twse,00643,844736,,,
2026-08-22,TWT96U,tpex,00780B,430415,,,
2026-08-22,TWT96U,twse,00645,46912,,,
2026-08-22,TWT96U,tpex,00781B,58935,,,
2026-08-22,TWT96U,twse,00646,934570,,,
2026-08-22,TWT96U,tpex,00782B,62625,,,
2026-08-22,TWT96U,twse,00647L,13978,,,
2026-08-22,TWT96U,tpex,00785B,935371,,,
2026-08-22,TWT96U,twse,00648R,509152,,,
2026-08-22,TWT96U,tpex,00786B,19075,,,
2026-08-22,TWT96U,twse,00650L,1212879,,,
2026-08-22,TWT96U,tpex,00787B,9892,,,
2026-08-22,TWT96U,twse,00651R,113875,,,
2026-08-22,TWT96U,tpex,00788B,14575,,,
2026-08-22,TWT96U,twse,00652,87210,,,
2026-08-22,TWT96U,tpex,00789B,40042,,,
2026-08-22,TWT96U,twse,00653L,0,,,
2026-08-22,TWT96U,tpex,00791B,34951,,,
2026-08-22,TWT96U,twse,00654R,19457,,,
2026-08-22,TWT96U,tpex,00792B,51805,,,
2026-08-22,TWT96U,twse,00655L,456475,,,
2026-08-22,TWT96U,tpex,00793B,7265,,,
2026-08-22,TWT96U,twse,00656R,168488,,,
2026-08-22,TWT96U,tpex,00795B,1674777,,,
2026-08-22,TWT96U,twse,00657,45961,,,
2026-08-22,TWT96U,tpex,00799B,82945,,,
2026-08-22,TWT96U,twse,00660,6356,,,
2026-08-22,TWT96U,tpex,00834B,34365,,,
2026-08-22,TWT96U,twse,00661,41811,,,
2026-08-22,TWT96U,tpex,00836B,14519,,,
2026-08-22,TWT96U,twse,00662,1167367,,,
2026-08-22,TWT96U,tpex,00840B,30643,,,
2026-08-22,TWT96U,twse,00663L,3113927,,,
2026-08-22,TWT96U,tpex,00841B,33029,,,
2026-08-22,TWT96U,twse,00664R,10604419,,,
2026-08-22,TWT96U,tpex,00842B,99389,,,
2026-08-22,TWT96U,twse,00665L,5801254,,,
2026-08-22,TWT96U,tpex,00844B,33412,,,
2026-08-22,TWT96U,twse,00666R,63372,,,
2026-08-22,TWT96U,tpex,00845B,38002,,,
2026-08-22,TWT96U,twse,00668,37284,,,
2026-08-22,TWT96U,tpex,00846B,35511,,,
2026-08-22,TWT96U,twse,00669R,322523,,,
2026-08-22,TWT96U,tpex,00847B,82305,,,
2026-08-22,TWT96U,twse,00670L,225690,,,
2026-08-22,TWT96U,tpex,00848B,78794,,,
2026-08-22,TWT96U,twse,00671R,1768744,,,
2026-08-22,TWT96U,tpex,00849B,81540,,,
2026-08-22,TWT96U,twse,00673R,5948017,,,
2026-08-22,TWT96U,tpex,00853B,315279,,,
2026-08-22,TWT96U,twse,00674R,65830,,,
2026-08-22,TWT96U,tpex,00856B,6255,,,
2026-08-22,TWT96U,twse,00675L,708281,,,
2026-08-22,TWT96U,tpex,00857B,410542,,,
2026-08-22,TWT96U,twse,00676R,3271710,,,
2026-08-22,TWT96U,tpex,00858,129775,,,
2026-08-22,TWT96U,twse,00678,122173,,,
2026-08-22,TWT96U,tpex,00859B,778404,,,
2026-08-22,TWT96U,twse,00680L,3759071,,,
2026-08-22,TWT96U,tpex,00860B,33591,,,
2026-08-22,TWT96U,twse,00681R,44498,,,
2026-08-22,TWT96U,tpex,00862B,94399,,,
2026-08-22,TWT96U,twse,00682U,1169,,,
2026-08-22,TWT96U,tpex,00863B,100940,,,
2026-08-22,TWT96U,twse,00683L,26317,,,
2026-08-22,TWT96U,tpex,00864B,392374,,,
2026-08-22,TWT96U,twse,00684R,6440,,,
2026-08-22,TWT96U,tpex,00867B,23671,,,
2026-08-22,TWT96U,twse,00685L,105326688,,,
2026-08-22,TWT96U,tpex,00870B,4736,,,
2026-08-22,TWT96U,twse,00686R,4307616,,,
2026-08-22,TWT96U,tpex,00877,1434485,,,
2026-08-22,TWT96U,twse,00688L,1377668,,,
2026-08-22,TWT96U,tpex,00884B,72371,,,
2026-08-22,TWT96U,twse,00689R,58489,,,
2026-08-22,TWT96U,tpex,00886,7596,,,
2026-08-22,TWT96U,twse,00690,165664,,,
2026-08-22,TWT96U,tpex,00887,2649809,,,
2026-08-22,TWT96U,twse,00692,420803,,,
2026-08-22,TWT96U,tpex,00888,5340022,,,
2026-08-22,TWT96U,twse,00693U,251648,,,
2026-08-22,TWT96U,tpex,00890B,34031,,,
2026-08-22,TWT96U,twse,00700,130704,,,
2026-08-22,TWT96U,tpex,00928,523758,,,
2026-08-22,TWT96U,twse,00701,214765,,,
2026-08-22,TWT96U,tpex,00931B,700701,,,
2026-08-22,TWT96U,twse,00702,26175,,,
2026-08-22,TWT96U,tpex,00933B,3282731,,,
2026-08-22,TWT96U,twse,00703,10415,,,
2026-08-22,TWT96U,tpex,00937B,16714762,,,
2026-08-22,TWT96U,twse,00706L,475873,,,
2026-08-22,TWT96U,tpex,00942B,378501,,,
2026-08-22,TWT96U,twse,00707R,550,,,
2026-08-22,TWT96U,tpex,00948B,1597556,,,
2026-08-22,TWT96U,twse,00708L,1221537,,,
2026-08-22,TWT96U,tpex,00950B,1213684,,,
2026-08-22,TWT96U,twse,00709,30909,,,
2026-08-22,TWT96U,tpex,00955,1680723,,,
2026-08-22,TWT96U,twse,00710B,85673,,,
2026-08-22,TWT96U,tpex,00957B,157709,,,
2026-08-22,TWT96U,twse,00711B,36550,,,
2026-08-22,TWT96U,tpex,00958B,178062,,,
2026-08-22,TWT96U,twse,00712,6756894,,,
2026-08-22,TWT96U,tpex,00959B,416564,,,
2026-08-22,TWT96U,twse,00713,1653980,,,
2026-08-22,TWT96U,tpex,00966B,283582,,,
2026-08-22,TWT96U,twse,00714,74790,,,
2026-08-22,TWT96U,tpex,00967B,170261,,,
2026-08-22,TWT96U,twse,00715L,3078842,,,
2026-08-22,TWT96U,tpex,00968B,1030527,,,
2026-08-22,TWT96U,twse,00717,59384,,,
2026-08-22,TWT96U,tpex,00969B,265491,,,
2026-08-22,TWT96U,twse,00728,88644,,,
2026-08-22,TWT96U,tpex,00970B,418879,,,
2026-08-22,TWT96U,twse,00730,49192,,,
2026-08-22,TWT96U,tpex,009806,19329,,,
2026-08-22,TWT96U,twse,00731,200090,,,
2026-08-22,TWT96U,tpex,009807,29246,,,
2026-08-22,TWT96U,twse,00733,339324,,,
2026-08-22,TWT96U,tpex,00980B,119948,,,
2026-08-22,TWT96U,twse,00735,1159356,,,
2026-08-22,TWT96U,tpex,00980D,259703,,,
2026-08-22,TWT96U,twse,00736,36517,,,
2026-08-22,TWT96U,tpex,00980T,274839,,,
2026-08-22,TWT96U,twse,00737,48996,,,
2026-08-22,TWT96U,tpex,009814,290973,,,
2026-08-22,TWT96U,twse,00738U,1051455,,,
2026-08-22,TWT96U,tpex,009815,1037400,,,
2026-08-22,TWT96U,twse,00739,21107,,,
2026-08-22,TWT96U,tpex,00981B,4464785,,,
2026-08-22,TWT96U,twse,00752,763518,,,
2026-08-22,TWT96U,tpex,00981D,1373618,,,
2026-08-22,TWT96U,twse,00753L,3979187,,,
2026-08-22,TWT96U,tpex,009822,174801,,,
2026-08-22,TWT96U,twse,00757,594530,,,
2026-08-22,TWT96U,tpex,009823,1230647,,,
2026-08-22,TWT96U,twse,00762,75870,,,
2026-08-22,TWT96U,tpex,009825,928023,,,
2026-08-22,TWT96U,twse,00763U,185601,,,
2026-08-22,TWT96U,tpex,00982B,31081,,,
2026-08-22,TWT96U,twse,00770,61131,,,
2026-08-22,TWT96U,tpex,00983B,88187,,,
2026-08-22,TWT96U,twse,00771,7824,,,
2026-08-22,TWT96U,tpex,00984B,360587,,,
2026-08-22,TWT96U,twse,00775B,30232,,,
2026-08-22,TWT96U,tpex,00985D,389418,,,
2026-08-22,TWT96U,twse,00783,40438,,,
2026-08-22,TWT96U,tpex,00986B,41293,,,
2026-08-22,TWT96U,twse,00830,2561882,,,
2026-08-22,TWT96U,tpex,00986D,386390,,,
2026-08-22,TWT96U,twse,00850,260325,,,
2026-08-22,TWT96U,tpex,00987B,253134,,,
2026-08-22,TWT96U,twse,00851,3328,,,
2026-08-22,TWT96U,tpex,00988B,1281794,,,
2026-08-22,TWT96U,twse,00852L,20642,,,
2026-08-22,TWT96U,tpex,00989B,1239973,,,
2026-08-22,TWT96U,twse,00861,56927,,,
2026-08-22,TWT96U,tpex,00990B,760140,,,
2026-08-22,TWT96U,twse,00865B,1011570,,,
2026-08-22,TWT96U,tpex,00998A,841106,,,
2026-08-22,TWT96U,twse,00875,60769,,,
2026-08-22,TWT96U,tpex,1240,4584,,,
2026-08-22,TWT96U,twse,00876,123713,,,
2026-08-22,TWT96U,tpex,1259,9364,,,
2026-08-22,TWT96U,twse,00878,15488622,,,
2026-08-22,TWT96U,tpex,1264,9175,,,
2026-08-22,TWT96U,twse,00881,9610613,,,
2026-08-22,TWT96U,tpex,1268,13534,,,
2026-08-22,TWT96U,twse,00882,2329190,,,
2026-08-22,TWT96U,tpex,1294,7272,,,
2026-08-22,TWT96U,twse,00885,927742,,,
2026-08-22,TWT96U,tpex,1295,15286,,,
2026-08-22,TWT96U,twse,00891,6400721,,,
2026-08-22,TWT96U,tpex,1336,206356,,,
2026-08-22,TWT96U,twse,00892,1722513,,,
2026-08-22,TWT96U,tpex,1565,30832,,,
2026-08-22,TWT96U,twse,00893,260190,,,
2026-08-22,TWT96U,tpex,1569,132404,,,
2026-08-22,TWT96U,twse,00894,509185,,,
2026-08-22,TWT96U,tpex,1570,22219,,,
2026-08-22,TWT96U,twse,00895,159555,,,
2026-08-22,TWT96U,tpex,1580,31433,,,
2026-08-22,TWT96U,twse,00896,889914,,,
2026-08-22,TWT96U,tpex,1584,224673,,,
2026-08-22,TWT96U,twse,00897,278128,,,
2026-08-22,TWT96U,tpex,1586,240072,,,
2026-08-22,TWT96U,twse,00898,396899,,,
2026-08-22,TWT96U,tpex,1591,96051,,,
2026-08-22,TWT96U,twse,00899,19629,,,
2026-08-22,TWT96U,tpex,1593,10770,,,
2026-08-22,TWT96U,twse,00900,1508064,,,
2026-08-22,TWT96U,tpex,1595,132317,,,
2026-08-22,TWT96U,twse,00901,154911,,,
2026-08-22,TWT96U,tpex,1599,13704,,,
2026-08-22,TWT96U,twse,00902,281970,,,
2026-08-22,TWT96U,tpex,1742,25856,,,
2026-08-22,TWT96U,twse,00903,101011,,,
2026-08-22,TWT96U,tpex,1777,10736,,,
2026-08-22,TWT96U,twse,00904,407662,,,
2026-08-22,TWT96U,tpex,1781,7010,,,
2026-08-22,TWT96U,twse,00905,643598,,,
2026-08-22,TWT96U,tpex,1784,41454,,,
2026-08-22,TWT96U,twse,00907,328428,,,
2026-08-22,TWT96U,tpex,1785,2763480,,,
2026-08-22,TWT96U,twse,00908,46759,,,
2026-08-22,TWT96U,tpex,1788,7154,,,
2026-08-22,TWT96U,twse,00909,281241,,,
2026-08-22,TWT96U,tpex,1796,6191,,,
2026-08-22,TWT96U,twse,00910,318455,,,
2026-08-22,TWT96U,tpex,1813,5048,,,
2026-08-22,TWT96U,twse,00911,208456,,,
2026-08-22,TWT96U,tpex,1815,7921281,,,
2026-08-22,TWT96U,twse,00912,183168,,,
2026-08-22,TWT96U,tpex,2061,802258,,,
2026-08-22,TWT96U,twse,00913,623076,,,
2026-08-22,TWT96U,tpex,2063,7023,,,
2026-08-22,TWT96U,twse,00915,919679,,,
2026-08-22,TWT96U,tpex,2064,34453,,,
2026-08-22,TWT96U,twse,00916,332122,,,
2026-08-22,TWT96U,tpex,2065,21272,,,
2026-08-22,TWT96U,twse,00917,184815,,,
2026-08-22,TWT96U,tpex,2066,31812,,,
2026-08-22,TWT96U,twse,00918,5933032,,,
2026-08-22,TWT96U,tpex,2070,88316,,,
2026-08-22,TWT96U,twse,00919,19151371,,,
2026-08-22,TWT96U,tpex,2221,180071,,,
2026-08-22,TWT96U,twse,00920,86645,,,
2026-08-22,TWT96U,tpex,2230,49967,,,
2026-08-22,TWT96U,twse,00921,55004,,,
2026-08-22,TWT96U,tpex,2235,3265,,,
2026-08-22,TWT96U,twse,00922,3130167,,,
2026-08-22,TWT96U,tpex,2596,14384,,,
2026-08-22,TWT96U,twse,00923,2709646,,,
2026-08-22,TWT96U,tpex,2640,11652,,,
2026-08-22,TWT96U,twse,00924,578867,,,
2026-08-22,TWT96U,tpex,2641,598729,,,
2026-08-22,TWT96U,twse,00926,293626,,,
2026-08-22,TWT96U,tpex,2643,15202,,,
2026-08-22,TWT96U,twse,00927,8134731,,,
2026-08-22,TWT96U,tpex,2718,15245,,,
2026-08-22,TWT96U,twse,00929,11326453,,,
2026-08-22,TWT96U,tpex,2719,19000,,,
2026-08-22,TWT96U,twse,00930,181706,,,
2026-08-22,TWT96U,tpex,2729,9793,,,
2026-08-22,TWT96U,twse,00932,115430,,,
2026-08-22,TWT96U,tpex,2732,8337,,,
2026-08-22,TWT96U,twse,00934,778527,,,
2026-08-22,TWT96U,tpex,2734,26161,,,
2026-08-22,TWT96U,twse,00935,4334940,,,
2026-08-22,TWT96U,tpex,2736,21264,,,
2026-08-22,TWT96U,twse,00936,344285,,,
2026-08-22,TWT96U,tpex,2743,28859,,,
2026-08-22,TWT96U,twse,00938,489725,,,
2026-08-22,TWT96U,tpex,2745,48942,,,
2026-08-22,TWT96U,twse,00939,1109099,,,
2026-08-22,TWT96U,tpex,2751,2593,,,
2026-08-22,TWT96U,twse,00940,4782270,,,
2026-08-22,TWT96U,tpex,2754,12351,,,
2026-08-22,TWT96U,twse,00941,898849,,,
2026-08-22,TWT96U,tpex,2755,16086,,,
2026-08-22,TWT96U,twse,00943,82638,,,
2026-08-22,TWT96U,tpex,2756,7993,,,
2026-08-22,TWT96U,twse,00944,114978,,,
2026-08-22,TWT96U,tpex,2916,23950,,,
2026-08-22,TWT96U,twse,00945B,1684710,,,
2026-08-22,TWT96U,tpex,2926,4794,,,
2026-08-22,TWT96U,twse,00946,801217,,,
2026-08-22,TWT96U,tpex,3066,209171,,,
2026-08-22,TWT96U,twse,00947,2547303,,,
2026-08-22,TWT96U,tpex,3071,71514,,,
2026-08-22,TWT96U,twse,00949,178477,,,
2026-08-22,TWT96U,tpex,3073,21082,,,
2026-08-22,TWT96U,twse,00951,990683,,,
2026-08-22,TWT96U,tpex,3078,225517,,,
2026-08-22,TWT96U,twse,00952,737822,,,
2026-08-22,TWT96U,tpex,3081,916800,,,
2026-08-22,TWT96U,twse,00953B,10135473,,,
2026-08-22,TWT96U,tpex,3083,28871,,,
2026-08-22,TWT96U,twse,00954,802298,,,
2026-08-22,TWT96U,tpex,3086,66915,,,
2026-08-22,TWT96U,twse,00956,130691,,,
2026-08-22,TWT96U,tpex,3088,652978,,,
2026-08-22,TWT96U,twse,00960,234324,,,
2026-08-22,TWT96U,tpex,3093,197706,,,
2026-08-22,TWT96U,twse,00961,6813134,,,
2026-08-22,TWT96U,tpex,3095,2553,,,
2026-08-22,TWT96U,twse,00962,233204,,,
2026-08-22,TWT96U,tpex,3105,6375859,,,
2026-08-22,TWT96U,twse,00963,491144,,,
2026-08-22,TWT96U,tpex,3114,238083,,,
2026-08-22,TWT96U,twse,00964,606177,,,
2026-08-22,TWT96U,tpex,3118,4109,,,
2026-08-22,TWT96U,twse,00965,631192,,,
2026-08-22,TWT96U,tpex,3128,39514,,,
2026-08-22,TWT96U,twse,00971,99249,,,
2026-08-22,TWT96U,tpex,3131,152574,,,
2026-08-22,TWT96U,twse,00972,53968,,,
2026-08-22,TWT96U,tpex,3141,243168,,,
2026-08-22,TWT96U,twse,009800,352328,,,
2026-08-22,TWT96U,tpex,3147,232380,,,
2026-08-22,TWT96U,twse,009801,313861,,,
2026-08-22,TWT96U,tpex,3152,56307,,,
2026-08-22,TWT96U,twse,009802,1200167,,,
2026-08-22,TWT96U,tpex,3162,235028,,,
2026-08-22,TWT96U,twse,009803,693660,,,
2026-08-22,TWT96U,tpex,3163,1184954,,,
2026-08-22,TWT96U,twse,009804,638318,,,
2026-08-22,TWT96U,tpex,3169,47123,,,
2026-08-22,TWT96U,twse,009805,1606421,,,
2026-08-22,TWT96U,tpex,3171,6327,,,
2026-08-22,TWT96U,twse,009808,110114,,,
2026-08-22,TWT96U,tpex,3176,148809,,,
2026-08-22,TWT96U,twse,009809,232860,,,
2026-08-22,TWT96U,tpex,3178,48488,,,
2026-08-22,TWT96U,twse,00980A,4736417,,,
2026-08-22,TWT96U,tpex,3188,59940,,,
2026-08-22,TWT96U,twse,009810,54150,,,
2026-08-22,TWT96U,tpex,3205,19672,,,
2026-08-22,TWT96U,twse,009811,511263,,,
2026-08-22,TWT96U,tpex,3206,17264,,,
2026-08-22,TWT96U,twse,009812,142605,,,
2026-08-22,TWT96U,tpex,3207,82924,,,
2026-08-22,TWT96U,twse,009813,577215,,,
2026-08-22,TWT96U,tpex,3211,429402,,,
2026-08-22,TWT96U,twse,009816,51102710,,,
2026-08-22,TWT96U,tpex,3213,144799,,,
2026-08-22,TWT96U,twse,009817,444303,,,
2026-08-22,TWT96U,tpex,3217,203947,,,
2026-08-22,TWT96U,twse,009818,96798,,,
2026-08-22,TWT96U,tpex,3218,82536,,,
2026-08-22,TWT96U,twse,009819,1934493,,,
2026-08-22,TWT96U,tpex,3219,80925,,,
2026-08-22,TWT96U,twse,00981A,80402089,,,
2026-08-22,TWT96U,tpex,3221,1065442,,,
2026-08-22,TWT96U,twse,00981T,1348375,,,
2026-08-22,TWT96U,tpex,3224,13364,,,
2026-08-22,TWT96U,twse,009820,3240515,,,
2026-08-22,TWT96U,tpex,3226,6985,,,
2026-08-22,TWT96U,twse,009821,3211327,,,
2026-08-22,TWT96U,tpex,3227,463733,,,
2026-08-22,TWT96U,twse,009824,2906305,,,
2026-08-22,TWT96U,tpex,3230,359841,,,
2026-08-22,TWT96U,twse,009826,9244530,,,
2026-08-22,TWT96U,tpex,3232,12008,,,
2026-08-22,TWT96U,twse,009829,28987000,,,
2026-08-22,TWT96U,tpex,3236,1196876,,,
2026-08-22,TWT96U,twse,00982A,9699722,,,
2026-08-22,TWT96U,tpex,3252,15016,,,
2026-08-22,TWT96U,twse,00982D,300836,,,
2026-08-22,TWT96U,tpex,3260,1848560,,,
2026-08-22,TWT96U,twse,00982T,23672,,,
2026-08-22,TWT96U,tpex,3264,2059879,,,
2026-08-22,TWT96U,twse,00983A,324433,,,
2026-08-22,TWT96U,tpex,3265,454678,,,
2026-08-22,TWT96U,twse,00983D,261888,,,
2026-08-22,TWT96U,tpex,3268,33943,,,
2026-08-22,TWT96U,twse,00984A,2570584,,,
2026-08-22,TWT96U,tpex,3272,23676,,,
2026-08-22,TWT96U,twse,00984D,6119218,,,
2026-08-22,TWT96U,tpex,3276,127075,,,
2026-08-22,TWT96U,twse,00985A,1304533,,,
2026-08-22,TWT96U,tpex,3284,125861,,,
2026-08-22,TWT96U,twse,00985B,1722771,,,
2026-08-22,TWT96U,tpex,3285,15658,,,
2026-08-22,TWT96U,twse,00986A,133626,,,
2026-08-22,TWT96U,tpex,3287,100568,,,
2026-08-22,TWT96U,twse,00987A,888019,,,
2026-08-22,TWT96U,tpex,3289,261591,,,
2026-08-22,TWT96U,twse,00988A,17971450,,,
2026-08-22,TWT96U,tpex,3290,247921,,,
2026-08-22,TWT96U,twse,00989A,322702,,,
2026-08-22,TWT96U,tpex,3293,529949,,,
2026-08-22,TWT96U,twse,00990A,7965329,,,
2026-08-22,TWT96U,tpex,3294,145440,,,
2026-08-22,TWT96U,twse,00991A,51724919,,,
2026-08-22,TWT96U,tpex,3297,47567,,,
2026-08-22,TWT96U,twse,00991B,251048,,,
2026-08-22,TWT96U,tpex,3303,274530,,,
2026-08-22,TWT96U,twse,00992A,14645110,,,
2026-08-22,TWT96U,tpex,3306,43749,,,
2026-08-22,TWT96U,twse,00993A,2534854,,,
2026-08-22,TWT96U,tpex,3310,4685,,,
2026-08-22,TWT96U,twse,00994A,1524009,,,
2026-08-22,TWT96U,tpex,3313,31647,,,
2026-08-22,TWT96U,twse,00995A,1931843,,,
2026-08-22,TWT96U,tpex,3317,434761,,,
2026-08-22,TWT96U,twse,00996A,2255823,,,
2026-08-22,TWT96U,tpex,3322,145162,,,
2026-08-22,TWT96U,twse,00997A,3799599,,,
2026-08-22,TWT96U,tpex,3323,166741,,,
2026-08-22,TWT96U,twse,00999A,4732207,,,
2026-08-22,TWT96U,tpex,3324,770248,,,
2026-08-22,TWT96U,twse,1101,8208085,,,
2026-08-22,TWT96U,tpex,3332,3021,,,
2026-08-22,TWT96U,twse,1102,4464090,,,
2026-08-22,TWT96U,tpex,3339,408024,,,
2026-08-22,TWT96U,twse,1103,132666,,,
2026-08-22,TWT96U,tpex,3354,46435,,,
2026-08-22,TWT96U,twse,1104,211998,,,
2026-08-22,TWT96U,tpex,3357,735587,,,
2026-08-22,TWT96U,twse,1108,126494,,,
2026-08-22,TWT96U,tpex,3360,716097,,,
2026-08-22,TWT96U,twse,1109,54645,,,
2026-08-22,TWT96U,tpex,3362,2169017,,,
2026-08-22,TWT96U,twse,1110,84278,,,
2026-08-22,TWT96U,tpex,3363,996345,,,
2026-08-22,TWT96U,twse,1201,121794,,,
2026-08-22,TWT96U,tpex,3373,62828,,,
2026-08-22,TWT96U,twse,1203,11692,,,
2026-08-22,TWT96U,tpex,3374,5131018,,,
2026-08-22,TWT96U,twse,1210,778530,,,
2026-08-22,TWT96U,tpex,3379,64416,,,
2026-08-22,TWT96U,twse,1215,293384,,,
2026-08-22,TWT96U,tpex,3388,531648,,,
2026-08-22,TWT96U,twse,1216,5916989,,,
2026-08-22,TWT96U,tpex,3390,82680,,,
2026-08-22,TWT96U,twse,1217,147079,,,
2026-08-22,TWT96U,tpex,3402,230812,,,
2026-08-22,TWT96U,twse,1218,508950,,,
2026-08-22,TWT96U,tpex,3430,214618,,,
2026-08-22,TWT96U,twse,1219,223118,,,
2026-08-22,TWT96U,tpex,3434,39211,,,
2026-08-22,TWT96U,twse,1220,30123,,,
2026-08-22,TWT96U,tpex,3438,51380,,,
2026-08-22,TWT96U,twse,1227,368818,,,
2026-08-22,TWT96U,tpex,3441,2569992,,,
2026-08-22,TWT96U,twse,1229,781628,,,
2026-08-22,TWT96U,tpex,3444,67101,,,
2026-08-22,TWT96U,twse,1231,150699,,,
2026-08-22,TWT96U,tpex,3455,520817,,,
2026-08-22,TWT96U,twse,1232,142338,,,
2026-08-22,TWT96U,tpex,3465,13591,,,
2026-08-22,TWT96U,twse,1233,7720,,,
2026-08-22,TWT96U,tpex,3466,71528,,,
2026-08-22,TWT96U,twse,1234,44905,,,
2026-08-22,TWT96U,tpex,3467,22673,,,
2026-08-22,TWT96U,twse,1235,6618,,,
2026-08-22,TWT96U,tpex,3479,614601,,,
2026-08-22,TWT96U,twse,1236,32242,,,
2026-08-22,TWT96U,tpex,3483,102643,,,
2026-08-22,TWT96U,twse,1256,25628,,,
2026-08-22,TWT96U,tpex,3484,115490,,,
2026-08-22,TWT96U,twse,1301,14949033,,,
2026-08-22,TWT96U,tpex,3485,56845,,,
2026-08-22,TWT96U,twse,1303,30266596,,,
2026-08-22,TWT96U,tpex,3489,136599,,,
2026-08-22,TWT96U,twse,1304,1356198,,,
2026-08-22,TWT96U,tpex,3490,927567,,,
2026-08-22,TWT96U,twse,1305,658674,,,
2026-08-22,TWT96U,tpex,3491,589856,,,
2026-08-22,TWT96U,twse,1307,214290,,,
2026-08-22,TWT96U,tpex,3492,24527,,,
2026-08-22,TWT96U,twse,1308,674502,,,
2026-08-22,TWT96U,tpex,3498,778815,,,
2026-08-22,TWT96U,twse,1309,987220,,,
2026-08-22,TWT96U,tpex,3511,102222,,,
2026-08-22,TWT96U,twse,1310,1717527,,,
2026-08-22,TWT96U,tpex,3512,22584,,,
2026-08-22,TWT96U,twse,1312,3294823,,,
2026-08-22,TWT96U,tpex,3516,24364,,,
2026-08-22,TWT96U,twse,1313,1318664,,,
2026-08-22,TWT96U,tpex,3520,182573,,,
2026-08-22,TWT96U,twse,1314,10777254,,,
2026-08-22,TWT96U,tpex,3521,15804,,,
2026-08-22,TWT96U,twse,1315,14892,,,
2026-08-22,TWT96U,tpex,3526,110561,,,
2026-08-22,TWT96U,twse,1316,627034,,,
2026-08-22,TWT96U,tpex,3527,31292,,,
2026-08-22,TWT96U,twse,1319,876434,,,
2026-08-22,TWT96U,tpex,3529,286714,,,
2026-08-22,TWT96U,twse,1321,38483,,,
2026-08-22,TWT96U,tpex,3531,1534,,,
2026-08-22,TWT96U,twse,1323,21831,,,
2026-08-22,TWT96U,tpex,3537,266310,,,
2026-08-22,TWT96U,twse,1324,14573,,,
2026-08-22,TWT96U,tpex,3540,146977,,,
2026-08-22,TWT96U,twse,1325,177744,,,
2026-08-22,TWT96U,tpex,3541,8400,,,
2026-08-22,TWT96U,twse,1326,15450134,,,
2026-08-22,TWT96U,tpex,3546,49034,,,
2026-08-22,TWT96U,twse,1337,109129,,,
2026-08-22,TWT96U,tpex,3548,63687,,,
2026-08-22,TWT96U,twse,1338,33618,,,
2026-08-22,TWT96U,tpex,3551,251862,,,
2026-08-22,TWT96U,twse,1339,33387,,,
2026-08-22,TWT96U,tpex,3552,38906,,,
2026-08-22,TWT96U,twse,1340,59222,,,
2026-08-22,TWT96U,tpex,3555,26930,,,
2026-08-22,TWT96U,twse,1342,130750,,,
2026-08-22,TWT96U,tpex,3556,154896,,,
2026-08-22,TWT96U,twse,1402,6455396,,,
2026-08-22,TWT96U,tpex,3558,38619,,,
2026-08-22,TWT96U,twse,1409,4460782,,,
2026-08-22,TWT96U,tpex,3564,58532,,,
2026-08-22,TWT96U,twse,1410,29917,,,
2026-08-22,TWT96U,tpex,3567,24572,,,
2026-08-22,TWT96U,twse,1414,96814,,,
2026-08-22,TWT96U,tpex,3570,9161,,,
2026-08-22,TWT96U,twse,1416,164292,,,
2026-08-22,TWT96U,tpex,3577,495168,,,
2026-08-22,TWT96U,twse,1417,48285,,,
2026-08-22,TWT96U,tpex,3580,120029,,,
2026-08-22,TWT96U,twse,1418,5379,,,
2026-08-22,TWT96U,tpex,3581,156312,,,
2026-08-22,TWT96U,twse,1419,42114,,,
2026-08-22,TWT96U,tpex,3587,197094,,,
2026-08-22,TWT96U,twse,1423,24342,,,
2026-08-22,TWT96U,tpex,3594,623613,,,
2026-08-22,TWT96U,twse,1432,43918,,,
2026-08-22,TWT96U,tpex,3597,9469,,,
2026-08-22,TWT96U,twse,1434,1898691,,,
2026-08-22,TWT96U,tpex,3609,54443,,,
2026-08-22,TWT96U,twse,1436,176124,,,
2026-08-22,TWT96U,tpex,3611,13093,,,
2026-08-22,TWT96U,twse,1437,165996,,,
2026-08-22,TWT96U,tpex,3615,278778,,,
2026-08-22,TWT96U,twse,1438,14810,,,
2026-08-22,TWT96U,tpex,3623,16717,,,
2026-08-22,TWT96U,twse,1439,18373,,,
2026-08-22,TWT96U,tpex,3624,1402401,,,
2026-08-22,TWT96U,twse,1440,622250,,,
2026-08-22,TWT96U,tpex,3628,34023,,,
2026-08-22,TWT96U,twse,1442,115882,,,
2026-08-22,TWT96U,tpex,3630,265956,,,
2026-08-22,TWT96U,twse,1443,4626,,,
2026-08-22,TWT96U,tpex,3631,38421,,,
2026-08-22,TWT96U,twse,1444,637742,,,
2026-08-22,TWT96U,tpex,3646,6681,,,
2026-08-22,TWT96U,twse,1445,23246,,,
2026-08-22,TWT96U,tpex,3663,189257,,,
2026-08-22,TWT96U,twse,1446,67153,,,
2026-08-22,TWT96U,tpex,3666,13456,,,
2026-08-22,TWT96U,twse,1449,122390,,,
2026-08-22,TWT96U,tpex,3675,277356,,,
2026-08-22,TWT96U,twse,1451,37641,,,
2026-08-22,TWT96U,tpex,3680,485982,,,
2026-08-22,TWT96U,twse,1452,26303,,,
2026-08-22,TWT96U,tpex,3684,8662,,,
2026-08-22,TWT96U,twse,1453,16547,,,
2026-08-22,TWT96U,tpex,3687,33315,,,
2026-08-22,TWT96U,twse,1454,8140,,,
2026-08-22,TWT96U,tpex,3689,342649,,,
2026-08-22,TWT96U,twse,1455,370149,,,
2026-08-22,TWT96U,tpex,3691,209441,,,
2026-08-22,TWT96U,twse,1456,20265,,,
2026-08-22,TWT96U,tpex,3693,252074,,,
2026-08-22,TWT96U,twse,1457,32828,,,
2026-08-22,TWT96U,tpex,3707,2213728,,,
2026-08-22,TWT96U,twse,1459,59751,,,
2026-08-22,TWT96U,tpex,3709,354428,,,
2026-08-22,TWT96U,twse,1463,21564,,,
2026-08-22,TWT96U,tpex,4102,10743,,,
2026-08-22,TWT96U,twse,1464,107540,,,
2026-08-22,TWT96U,tpex,4105,277469,,,
2026-08-22,TWT96U,twse,1465,40479,,,
2026-08-22,TWT96U,tpex,4107,17724,,,
2026-08-22,TWT96U,twse,1466,335763,,,
2026-08-22,TWT96U,tpex,4109,50348,,,
2026-08-22,TWT96U,twse,1467,236484,,,
2026-08-22,TWT96U,tpex,4111,24913,,,
2026-08-22,TWT96U,twse,1470,3716,,,
2026-08-22,TWT96U,tpex,4113,53343,,,
2026-08-22,TWT96U,twse,1472,13935,,,
2026-08-22,TWT96U,tpex,4114,438217,,,
2026-08-22,TWT96U,twse,1473,19185,,,
2026-08-22,TWT96U,tpex,4116,13363,,,
2026-08-22,TWT96U,twse,1474,22161,,,
2026-08-22,TWT96U,tpex,4120,21400,,,
2026-08-22,TWT96U,twse,1475,9251,,,
2026-08-22,TWT96U,tpex,4121,21143,,,
2026-08-22,TWT96U,twse,1476,525213,,,
2026-08-22,TWT96U,tpex,4123,726441,,,
2026-08-22,TWT96U,twse,1477,616619,,,
2026-08-22,TWT96U,tpex,4126,14789,,,
2026-08-22,TWT96U,twse,1503,510254,,,
2026-08-22,TWT96U,tpex,4127,153495,,,
2026-08-22,TWT96U,twse,1504,2998404,,,
2026-08-22,TWT96U,tpex,4128,470922,,,
2026-08-22,TWT96U,twse,1513,1108822,,,
2026-08-22,TWT96U,tpex,4129,39260,,,
2026-08-22,TWT96U,twse,1514,768087,,,
2026-08-22,TWT96U,tpex,4138,6119,,,
2026-08-22,TWT96U,twse,1515,836113,,,
2026-08-22,TWT96U,tpex,4147,385519,,,
2026-08-22,TWT96U,twse,1517,445497,,,
2026-08-22,TWT96U,tpex,4153,4323,,,
2026-08-22,TWT96U,twse,1519,458555,,,
2026-08-22,TWT96U,tpex,4157,233007,,,
2026-08-22,TWT96U,twse,1521,6491,,,
2026-08-22,TWT96U,tpex,4160,6775,,,
2026-08-22,TWT96U,twse,1522,171923,,,
2026-08-22,TWT96U,tpex,4161,9761,,,
2026-08-22,TWT96U,twse,1524,129626,,,
2026-08-22,TWT96U,tpex,4162,199574,,,
2026-08-22,TWT96U,twse,1525,5400,,,
2026-08-22,TWT96U,tpex,4163,43688,,,
2026-08-22,TWT96U,twse,1526,458843,,,
2026-08-22,TWT96U,tpex,4166,54761,,,
2026-08-22,TWT96U,twse,1527,63671,,,
2026-08-22,TWT96U,tpex,4167,376960,,,
2026-08-22,TWT96U,twse,1528,307903,,,
2026-08-22,TWT96U,tpex,4171,93634,,,
2026-08-22,TWT96U,twse,1529,155394,,,
2026-08-22,TWT96U,tpex,4173,25088,,,
2026-08-22,TWT96U,twse,1530,19430,,,
2026-08-22,TWT96U,tpex,4174,97067,,,
2026-08-22,TWT96U,twse,1531,41549,,,
2026-08-22,TWT96U,tpex,4175,5430,,,
2026-08-22,TWT96U,twse,1532,152917,,,
2026-08-22,TWT96U,tpex,4205,11514,,,
2026-08-22,TWT96U,twse,1533,42072,,,
2026-08-22,TWT96U,tpex,4207,45924,,,
2026-08-22,TWT96U,twse,1535,25237,,,
2026-08-22,TWT96U,tpex,4303,171246,,,
2026-08-22,TWT96U,twse,1536,711898,,,
2026-08-22,TWT96U,tpex,4305,1032,,,
2026-08-22,TWT96U,twse,1537,41628,,,
2026-08-22,TWT96U,tpex,4401,11160,,,
2026-08-22,TWT96U,twse,1539,35826,,,
2026-08-22,TWT96U,tpex,4406,10289,,,
2026-08-22,TWT96U,twse,1540,95385,,,
2026-08-22,TWT96U,tpex,4413,12237,,,
2026-08-22,TWT96U,twse,1541,6760,,,
2026-08-22,TWT96U,tpex,4416,179315,,,
2026-08-22,TWT96U,twse,1558,44654,,,
2026-08-22,TWT96U,tpex,4417,34472,,,
2026-08-22,TWT96U,twse,1560,483151,,,
2026-08-22,TWT96U,tpex,4420,7569,,,
2026-08-22,TWT96U,twse,1568,169738,,,
2026-08-22,TWT96U,tpex,4430,18217,,,
2026-08-22,TWT96U,twse,1582,237273,,,
2026-08-22,TWT96U,tpex,4432,8877,,,
2026-08-22,TWT96U,twse,1583,9735,,,
2026-08-22,TWT96U,tpex,4433,11657,,,
2026-08-22,TWT96U,twse,1587,68006,,,
2026-08-22,TWT96U,tpex,4442,133178,,,
2026-08-22,TWT96U,twse,1590,295667,,,
2026-08-22,TWT96U,tpex,4502,7856,,,
2026-08-22,TWT96U,twse,1597,468201,,,
2026-08-22,TWT96U,tpex,4503,110137,,,
2026-08-22,TWT96U,twse,1598,124220,,,
2026-08-22,TWT96U,tpex,4506,27027,,,
2026-08-22,TWT96U,twse,1603,93222,,,
2026-08-22,TWT96U,tpex,4510,405746,,,
2026-08-22,TWT96U,twse,1604,102941,,,
2026-08-22,TWT96U,tpex,4513,599679,,,
2026-08-22,TWT96U,twse,1605,8633340,,,
2026-08-22,TWT96U,tpex,4523,28231,,,
2026-08-22,TWT96U,twse,1608,1543586,,,
2026-08-22,TWT96U,tpex,4527,7111,,,
2026-08-22,TWT96U,twse,1609,1257897,,,
2026-08-22,TWT96U,tpex,4528,7699,,,
2026-08-22,TWT96U,twse,1611,152337,,,
2026-08-22,TWT96U,tpex,4530,1963,,,
2026-08-22,TWT96U,twse,1612,342159,,,
2026-08-22,TWT96U,tpex,4533,265617,,,
2026-08-22,TWT96U,twse,1614,18939,,,
2026-08-22,TWT96U,tpex,4535,3491,,,
2026-08-22,TWT96U,twse,1615,57183,,,
2026-08-22,TWT96U,tpex,4538,5199,,,
2026-08-22,TWT96U,twse,1616,134741,,,
2026-08-22,TWT96U,tpex,4541,3029924,,,
2026-08-22,TWT96U,twse,1617,305631,,,
2026-08-22,TWT96U,tpex,4542,215311,,,
2026-08-22,TWT96U,twse,1618,240193,,,
2026-08-22,TWT96U,tpex,4543,31851,,,
2026-08-22,TWT96U,twse,1623,46377,,,
2026-08-22,TWT96U,tpex,4549,34384,,,
2026-08-22,TWT96U,twse,1626,20676,,,
2026-08-22,TWT96U,tpex,4550,4883,,,
2026-08-22,TWT96U,twse,1702,80871,,,
2026-08-22,TWT96U,tpex,4554,14490,,,
2026-08-22,TWT96U,twse,1707,124524,,,
2026-08-22,TWT96U,tpex,4556,132341,,,
2026-08-22,TWT96U,twse,1708,1159533,,,
2026-08-22,TWT96U,tpex,4558,10269,,,
2026-08-22,TWT96U,twse,1709,2300851,,,
2026-08-22,TWT96U,tpex,4561,148048,,,
2026-08-22,TWT96U,twse,1710,2521102,,,
2026-08-22,TWT96U,tpex,4563,29348,,,
2026-08-22,TWT96U,twse,1711,1588129,,,
2026-08-22,TWT96U,tpex,4568,3236,,,
2026-08-22,TWT96U,twse,1712,289039,,,
2026-08-22,TWT96U,tpex,4577,175909,,,
2026-08-22,TWT96U,twse,1713,66355,,,
2026-08-22,TWT96U,tpex,4580,14269,,,
2026-08-22,TWT96U,twse,1714,6252654,,,
2026-08-22,TWT96U,tpex,4702,22852,,,
2026-08-22,TWT96U,twse,1717,3931161,,,
2026-08-22,TWT96U,tpex,4706,4031,,,
2026-08-22,TWT96U,twse,1718,9962221,,,
2026-08-22,TWT96U,tpex,4707,1277036,,,
2026-08-22,TWT96U,twse,1720,112289,,,
2026-08-22,TWT96U,tpex,4711,25542,,,
2026-08-22,TWT96U,twse,1722,726362,,,
2026-08-22,TWT96U,tpex,4714,359310,,,
2026-08-22,TWT96U,twse,1723,254488,,,
2026-08-22,TWT96U,tpex,4716,366276,,,
2026-08-22,TWT96U,twse,1725,20403,,,
2026-08-22,TWT96U,tpex,4721,152020,,,
2026-08-22,TWT96U,twse,1726,14159,,,
2026-08-22,TWT96U,tpex,4728,4197,,,
2026-08-22,TWT96U,twse,1727,1079102,,,
2026-08-22,TWT96U,tpex,4729,58259,,,
2026-08-22,TWT96U,twse,1730,11266,,,
2026-08-22,TWT96U,tpex,4735,31620,,,
2026-08-22,TWT96U,twse,1731,94578,,,
2026-08-22,TWT96U,tpex,4741,63052,,,
2026-08-22,TWT96U,twse,1732,114058,,,
2026-08-22,TWT96U,tpex,4743,621943,,,
2026-08-22,TWT96U,twse,1733,68349,,,
2026-08-22,TWT96U,tpex,4744,28721,,,
2026-08-22,TWT96U,twse,1734,108407,,,
2026-08-22,TWT96U,tpex,4745,33360,,,
2026-08-22,TWT96U,twse,1735,47961,,,
2026-08-22,TWT96U,tpex,4749,242655,,,
2026-08-22,TWT96U,twse,1736,274766,,,
2026-08-22,TWT96U,tpex,4754,11960,,,
2026-08-22,TWT96U,twse,1737,55982,,,
2026-08-22,TWT96U,tpex,4760,171734,,,
2026-08-22,TWT96U,twse,1752,14177,,,
2026-08-22,TWT96U,tpex,4767,7719,,,
2026-08-22,TWT96U,twse,1760,47259,,,
2026-08-22,TWT96U,tpex,4768,134861,,,
2026-08-22,TWT96U,twse,1762,67949,,,
2026-08-22,TWT96U,tpex,4772,194557,,,
2026-08-22,TWT96U,twse,1773,192382,,,
2026-08-22,TWT96U,tpex,4903,508518,,,
2026-08-22,TWT96U,twse,1776,28100,,,
2026-08-22,TWT96U,tpex,4905,14234,,,
2026-08-22,TWT96U,twse,1783,26262,,,
2026-08-22,TWT96U,tpex,4907,45117,,,
2026-08-22,TWT96U,twse,1786,50707,,,
2026-08-22,TWT96U,tpex,4908,505343,,,
2026-08-22,TWT96U,twse,1789,197049,,,
2026-08-22,TWT96U,tpex,4909,109074,,,
2026-08-22,TWT96U,twse,1795,481535,,,
2026-08-22,TWT96U,tpex,4911,15800,,,
2026-08-22,TWT96U,twse,1802,9182517,,,
2026-08-22,TWT96U,tpex,4923,136252,,,
2026-08-22,TWT96U,twse,1805,28089,,,
2026-08-22,TWT96U,tpex,4924,27415,,,
2026-08-22,TWT96U,twse,1806,79138,,,
2026-08-22,TWT96U,tpex,4931,1441544,,,
2026-08-22,TWT96U,twse,1808,493072,,,
2026-08-22,TWT96U,tpex,4933,37551,,,
2026-08-22,TWT96U,twse,1809,654836,,,
2026-08-22,TWT96U,tpex,4939,5389086,,,
2026-08-22,TWT96U,twse,1810,5588120,,,
2026-08-22,TWT96U,tpex,4946,9889,,,
2026-08-22,TWT96U,twse,1817,19187,,,
2026-08-22,TWT96U,tpex,4951,75003,,,
2026-08-22,TWT96U,twse,1903,45744,,,
2026-08-22,TWT96U,tpex,4953,87323,,,
2026-08-22,TWT96U,twse,1904,778659,,,
2026-08-22,TWT96U,tpex,4966,292992,,,
2026-08-22,TWT96U,twse,1905,707351,,,
2026-08-22,TWT96U,tpex,4971,513602,,,
2026-08-22,TWT96U,twse,1906,32878,,,
2026-08-22,TWT96U,tpex,4972,5703,,,
2026-08-22,TWT96U,twse,1907,577624,,,
2026-08-22,TWT96U,tpex,4973,629974,,,
2026-08-22,TWT96U,twse,1909,1229356,,,
2026-08-22,TWT96U,tpex,4974,34589,,,
2026-08-22,TWT96U,twse,2002,13065303,,,
2026-08-22,TWT96U,tpex,4979,2998098,,,
2026-08-22,TWT96U,twse,2006,1113670,,,
2026-08-22,TWT96U,tpex,4991,1323812,,,
2026-08-22,TWT96U,twse,2008,8961,,,
2026-08-22,TWT96U,tpex,4995,24939,,,
2026-08-22,TWT96U,twse,2009,569284,,,
2026-08-22,TWT96U,tpex,5009,843466,,,
2026-08-22,TWT96U,twse,2010,397028,,,
2026-08-22,TWT96U,tpex,5011,120928,,,
2026-08-22,TWT96U,twse,2012,17752,,,
2026-08-22,TWT96U,tpex,5013,6451,,,
2026-08-22,TWT96U,twse,2013,32847,,,
2026-08-22,TWT96U,tpex,5014,141234,,,
2026-08-22,TWT96U,twse,2014,1019026,,,
2026-08-22,TWT96U,tpex,5015,6299,,,
2026-08-22,TWT96U,twse,2015,100227,,,
2026-08-22,TWT96U,tpex,5016,3576,,,
2026-08-22,TWT96U,twse,2017,132943,,,
2026-08-22,TWT96U,tpex,5201,10924,,,
2026-08-22,TWT96U,twse,2020,91525,,,
2026-08-22,TWT96U,tpex,5202,68062,,,
2026-08-22,TWT96U,twse,2022,164905,,,
2026-08-22,TWT96U,tpex,5206,48182,,,
2026-08-22,TWT96U,twse,2023,412309,,,
2026-08-22,TWT96U,tpex,5209,11674,,,
2026-08-22,TWT96U,twse,2024,3800,,,
2026-08-22,TWT96U,tpex,5210,98549,,,
2026-08-22,TWT96U,twse,2025,145064,,,
2026-08-22,TWT96U,tpex,5211,14455,,,
2026-08-22,TWT96U,twse,2027,6495762,,,
2026-08-22,TWT96U,tpex,5212,1883,,,
2026-08-22,TWT96U,twse,2028,33626,,,
2026-08-22,TWT96U,tpex,5213,74486,,,
2026-08-22,TWT96U,twse,2029,94908,,,
2026-08-22,TWT96U,tpex,5220,12507,,,
2026-08-22,TWT96U,twse,2030,622637,,,
2026-08-22,TWT96U,tpex,5223,7091,,,
2026-08-22,TWT96U,twse,2031,530173,,,
2026-08-22,TWT96U,tpex,5227,299344,,,
2026-08-22,TWT96U,twse,2032,152580,,,
2026-08-22,TWT96U,tpex,5228,146683,,,
2026-08-22,TWT96U,twse,2033,298373,,,
2026-08-22,TWT96U,tpex,5230,64853,,,
2026-08-22,TWT96U,twse,2034,453573,,,
2026-08-22,TWT96U,tpex,5245,18015,,,
2026-08-22,TWT96U,twse,2038,105303,,,
2026-08-22,TWT96U,tpex,5251,40484,,,
2026-08-22,TWT96U,twse,2049,1558447,,,
2026-08-22,TWT96U,tpex,5263,55739,,,
2026-08-22,TWT96U,twse,2059,187092,,,
2026-08-22,TWT96U,tpex,5272,38921,,,
2026-08-22,TWT96U,twse,2062,57934,,,
2026-08-22,TWT96U,tpex,5274,90940,,,
2026-08-22,TWT96U,twse,2069,120079,,,
2026-08-22,TWT96U,tpex,5278,38083,,,
2026-08-22,TWT96U,twse,2072,132320,,,
2026-08-22,TWT96U,tpex,5287,18739,,,
2026-08-22,TWT96U,twse,2101,746595,,,
2026-08-22,TWT96U,tpex,5289,815172,,,
2026-08-22,TWT96U,twse,2102,74080,,,
2026-08-22,TWT96U,tpex,5291,206035,,,
2026-08-22,TWT96U,twse,2103,2627760,,,
2026-08-22,TWT96U,tpex,5299,199802,,,
2026-08-22,TWT96U,twse,2104,1112269,,,
2026-08-22,TWT96U,tpex,5309,629744,,,
2026-08-22,TWT96U,twse,2105,2953987,,,
2026-08-22,TWT96U,tpex,5310,3731,,,
2026-08-22,TWT96U,twse,2106,401340,,,
2026-08-22,TWT96U,tpex,5312,41754,,,
2026-08-22,TWT96U,twse,2107,83269,,,
2026-08-22,TWT96U,tpex,5314,1352768,,,
2026-08-22,TWT96U,twse,2108,312497,,,
2026-08-22,TWT96U,tpex,5315,79620,,,
2026-08-22,TWT96U,twse,2109,30675,,,
2026-08-22,TWT96U,tpex,5321,167080,,,
2026-08-22,TWT96U,twse,2114,13281,,,
2026-08-22,TWT96U,tpex,5328,6702814,,,
2026-08-22,TWT96U,twse,2115,27901,,,
2026-08-22,TWT96U,tpex,5340,719686,,,
2026-08-22,TWT96U,twse,2201,800490,,,
2026-08-22,TWT96U,tpex,5347,7541250,,,
2026-08-22,TWT96U,twse,2204,477047,,,
2026-08-22,TWT96U,tpex,5351,7739840,,,
2026-08-22,TWT96U,twse,2206,409261,,,
2026-08-22,TWT96U,tpex,5353,18693,,,
2026-08-22,TWT96U,twse,2207,140297,,,
2026-08-22,TWT96U,tpex,5356,29160,,,
2026-08-22,TWT96U,twse,2211,291760,,,
2026-08-22,TWT96U,tpex,5364,17416,,,
2026-08-22,TWT96U,twse,2228,39689,,,
2026-08-22,TWT96U,tpex,5381,148132,,,
2026-08-22,TWT96U,twse,2231,246870,,,
2026-08-22,TWT96U,tpex,5386,379947,,,
2026-08-22,TWT96U,twse,2233,302775,,,
2026-08-22,TWT96U,tpex,5392,748387,,,
2026-08-22,TWT96U,twse,2236,192690,,,
2026-08-22,TWT96U,tpex,5398,18540,,,
2026-08-22,TWT96U,twse,2239,28159,,,
2026-08-22,TWT96U,tpex,5403,20816,,,
2026-08-22,TWT96U,twse,2241,256636,,,
2026-08-22,TWT96U,tpex,5410,183811,,,
2026-08-22,TWT96U,twse,2243,157279,,,
2026-08-22,TWT96U,tpex,5425,3873858,,,
2026-08-22,TWT96U,twse,2247,18066,,,
2026-08-22,TWT96U,tpex,5426,318092,,,
2026-08-22,TWT96U,twse,2248,66918,,,
2026-08-22,TWT96U,tpex,5432,35194,,,
2026-08-22,TWT96U,twse,2250,35170,,,
2026-08-22,TWT96U,tpex,5438,26268,,,
2026-08-22,TWT96U,twse,2254,1881,,,
2026-08-22,TWT96U,tpex,5439,734974,,,
2026-08-22,TWT96U,twse,2301,8848449,,,
2026-08-22,TWT96U,tpex,5443,587557,,,
2026-08-22,TWT96U,twse,2302,1540227,,,
2026-08-22,TWT96U,tpex,5450,211741,,,
2026-08-22,TWT96U,twse,2303,49214098,,,
2026-08-22,TWT96U,tpex,5452,195832,,,
2026-08-22,TWT96U,twse,2305,1928552,,,
2026-08-22,TWT96U,tpex,5455,3906,,,
2026-08-22,TWT96U,twse,2308,3998737,,,
2026-08-22,TWT96U,tpex,5457,148370,,,
2026-08-22,TWT96U,twse,2312,5135638,,,
2026-08-22,TWT96U,tpex,5460,48717,,,
2026-08-22,TWT96U,twse,2313,9990821,,,
2026-08-22,TWT96U,tpex,5464,232654,,,
2026-08-22,TWT96U,twse,2316,837196,,,
2026-08-22,TWT96U,tpex,5465,29834,,,
2026-08-22,TWT96U,twse,2317,15748238,,,
2026-08-22,TWT96U,tpex,5474,61584,,,
2026-08-22,TWT96U,twse,2323,2295883,,,
2026-08-22,TWT96U,tpex,5478,22290,,,
2026-08-22,TWT96U,twse,2324,24594235,,,
2026-08-22,TWT96U,tpex,5481,42899,,,
2026-08-22,TWT96U,twse,2327,16377628,,,
2026-08-22,TWT96U,tpex,5483,10475778,,,
2026-08-22,TWT96U,twse,2328,851957,,,
2026-08-22,TWT96U,tpex,5487,24898,,,
2026-08-22,TWT96U,twse,2329,1128174,,,
2026-08-22,TWT96U,tpex,5488,595583,,,
2026-08-22,TWT96U,twse,2330,10374007,,,
2026-08-22,TWT96U,tpex,5489,47795,,,
2026-08-22,TWT96U,twse,2331,693132,,,
2026-08-22,TWT96U,tpex,5490,496473,,,
2026-08-22,TWT96U,twse,2332,14749670,,,
2026-08-22,TWT96U,tpex,5493,27046,,,
2026-08-22,TWT96U,twse,2337,23669768,,,
2026-08-22,TWT96U,tpex,5498,659929,,,
2026-08-22,TWT96U,twse,2338,581713,,,
2026-08-22,TWT96U,tpex,5508,122908,,,
2026-08-22,TWT96U,twse,2340,1113836,,,
2026-08-22,TWT96U,tpex,5511,101436,,,
2026-08-22,TWT96U,twse,2342,990566,,,
2026-08-22,TWT96U,tpex,5512,208827,,,
2026-08-22,TWT96U,twse,2344,42501998,,,
2026-08-22,TWT96U,tpex,5514,17240,,,
2026-08-22,TWT96U,twse,2345,878880,,,
2026-08-22,TWT96U,tpex,5520,826,,,
2026-08-22,TWT96U,twse,2347,1748229,,,
2026-08-22,TWT96U,tpex,5523,8121,,,
2026-08-22,TWT96U,twse,2348,185923,,,
2026-08-22,TWT96U,tpex,5529,18389,,,
2026-08-22,TWT96U,twse,2351,1154977,,,
2026-08-22,TWT96U,tpex,5530,106489,,,
2026-08-22,TWT96U,twse,2352,2470042,,,
2026-08-22,TWT96U,tpex,5536,352384,,,
2026-08-22,TWT96U,twse,2353,7601075,,,
2026-08-22,TWT96U,tpex,5547,7029,,,
2026-08-22,TWT96U,twse,2354,3268864,,,
2026-08-22,TWT96U,tpex,5548,12039,,,
2026-08-22,TWT96U,twse,2355,1098770,,,
2026-08-22,TWT96U,tpex,5601,3233,,,
2026-08-22,TWT96U,twse,2356,10579272,,,
2026-08-22,TWT96U,tpex,5603,33626,,,
2026-08-22,TWT96U,twse,2357,1429333,,,
2026-08-22,TWT96U,tpex,5604,5436,,,
2026-08-22,TWT96U,twse,2359,3190318,,,
2026-08-22,TWT96U,tpex,5609,54500,,,
2026-08-22,TWT96U,twse,2360,937916,,,
2026-08-22,TWT96U,tpex,5704,9459,,,
2026-08-22,TWT96U,twse,2362,596102,,,
2026-08-22,TWT96U,tpex,5864,1089308,,,
2026-08-22,TWT96U,twse,2363,1936927,,,
2026-08-22,TWT96U,tpex,5902,6695,,,
2026-08-22,TWT96U,twse,2364,121618,,,
2026-08-22,TWT96U,tpex,5903,9001,,,
2026-08-22,TWT96U,twse,2365,729028,,,
2026-08-22,TWT96U,tpex,5904,2503267,,,
2026-08-22,TWT96U,twse,2367,2562483,,,
2026-08-22,TWT96U,tpex,5905,162576,,,
2026-08-22,TWT96U,twse,2368,2581167,,,
2026-08-22,TWT96U,tpex,6015,547764,,,
2026-08-22,TWT96U,twse,2369,3175055,,,
2026-08-22,TWT96U,tpex,6016,1573033,,,
2026-08-22,TWT96U,twse,2371,2657871,,,
2026-08-22,TWT96U,tpex,6020,14876,,,
2026-08-22,TWT96U,twse,2373,12263,,,
2026-08-22,TWT96U,tpex,6021,42733,,,
2026-08-22,TWT96U,twse,2374,950044,,,
2026-08-22,TWT96U,tpex,6023,333855,,,
2026-08-22,TWT96U,twse,2375,1927161,,,
2026-08-22,TWT96U,tpex,6026,379324,,,
2026-08-22,TWT96U,twse,2376,2581329,,,
2026-08-22,TWT96U,tpex,6101,123048,,,
2026-08-22,TWT96U,twse,2377,5399437,,,
2026-08-22,TWT96U,tpex,6103,1511,,,
2026-08-22,TWT96U,twse,2379,1248764,,,
2026-08-22,TWT96U,tpex,6104,238508,,,
2026-08-22,TWT96U,twse,2382,7511872,,,
2026-08-22,TWT96U,tpex,6111,55649,,,
2026-08-22,TWT96U,twse,2383,722777,,,
2026-08-22,TWT96U,tpex,6113,68625,,,
2026-08-22,TWT96U,twse,2385,1144732,,,
2026-08-22,TWT96U,tpex,6114,11280,,,
2026-08-22,TWT96U,twse,2387,136101,,,
2026-08-22,TWT96U,tpex,6118,54135,,,
2026-08-22,TWT96U,twse,2388,1981259,,,
2026-08-22,TWT96U,tpex,6121,318576,,,
2026-08-22,TWT96U,twse,2390,177926,,,
2026-08-22,TWT96U,tpex,6122,109908,,,
2026-08-22,TWT96U,twse,2392,988264,,,
2026-08-22,TWT96U,tpex,6123,15145,,,
2026-08-22,TWT96U,twse,2393,949446,,,
2026-08-22,TWT96U,tpex,6124,6360,,,
2026-08-22,TWT96U,twse,2395,1392933,,,
2026-08-22,TWT96U,tpex,6125,387129,,,
2026-08-22,TWT96U,twse,2397,221898,,,
2026-08-22,TWT96U,tpex,6126,175983,,,
2026-08-22,TWT96U,twse,2399,1628040,,,
2026-08-22,TWT96U,tpex,6127,1217539,,,
2026-08-22,TWT96U,twse,2401,1352983,,,
2026-08-22,TWT96U,tpex,6130,107994,,,
2026-08-22,TWT96U,twse,2402,532639,,,
2026-08-22,TWT96U,tpex,6134,97503,,,
2026-08-22,TWT96U,twse,2404,602440,,,
2026-08-22,TWT96U,tpex,6138,386255,,,
2026-08-22,TWT96U,twse,2405,475006,,,
2026-08-22,TWT96U,tpex,6143,180653,,,
2026-08-22,TWT96U,twse,2406,2542493,,,
2026-08-22,TWT96U,tpex,6146,93992,,,
2026-08-22,TWT96U,twse,2408,26991177,,,
2026-08-22,TWT96U,tpex,6147,8387689,,,
2026-08-22,TWT96U,twse,2409,1281897,,,
2026-08-22,TWT96U,tpex,6148,95445,,,
2026-08-22,TWT96U,twse,2412,4647384,,,
2026-08-22,TWT96U,tpex,6150,57825,,,
2026-08-22,TWT96U,twse,2413,303620,,,
2026-08-22,TWT96U,tpex,6151,53940,,,
2026-08-22,TWT96U,twse,2414,186153,,,
2026-08-22,TWT96U,tpex,6154,11191,,,
2026-08-22,TWT96U,twse,2415,98234,,,
2026-08-22,TWT96U,tpex,6156,448511,,,
2026-08-22,TWT96U,twse,2417,394435,,,
2026-08-22,TWT96U,tpex,6158,15775,,,
2026-08-22,TWT96U,twse,2419,179242,,,
2026-08-22,TWT96U,tpex,6161,87961,,,
2026-08-22,TWT96U,twse,2420,184604,,,
2026-08-22,TWT96U,tpex,6163,463854,,,
2026-08-22,TWT96U,twse,2421,726812,,,
2026-08-22,TWT96U,tpex,6167,97567,,,
2026-08-22,TWT96U,twse,2423,76899,,,
2026-08-22,TWT96U,tpex,6169,4488,,,
2026-08-22,TWT96U,twse,2425,1842324,,,
2026-08-22,TWT96U,tpex,6170,58281,,,
2026-08-22,TWT96U,twse,2426,4269561,,,
2026-08-22,TWT96U,tpex,6171,4336,,,
2026-08-22,TWT96U,twse,2427,304371,,,
2026-08-22,TWT96U,tpex,6173,2954416,,,
2026-08-22,TWT96U,twse,2428,442292,,,
2026-08-22,TWT96U,tpex,6174,474589,,,
2026-08-22,TWT96U,twse,2430,37561,,,
2026-08-22,TWT96U,tpex,6175,828757,,,
2026-08-22,TWT96U,twse,2431,71337,,,
2026-08-22,TWT96U,tpex,6179,479689,,,
2026-08-22,TWT96U,twse,2432,11703,,,
2026-08-22,TWT96U,tpex,6180,142899,,,
2026-08-22,TWT96U,twse,2433,11313,,,
2026-08-22,TWT96U,tpex,6182,19468836,,,
2026-08-22,TWT96U,twse,2434,213721,,,
2026-08-22,TWT96U,tpex,6185,73359,,,
2026-08-22,TWT96U,twse,2436,1206338,,,
2026-08-22,TWT96U,tpex,6186,265906,,,
2026-08-22,TWT96U,twse,2439,449847,,,
2026-08-22,TWT96U,tpex,6187,999018,,,
2026-08-22,TWT96U,twse,2440,126258,,,
2026-08-22,TWT96U,tpex,6188,271422,,,
2026-08-22,TWT96U,twse,2441,2128680,,,
2026-08-22,TWT96U,tpex,6190,497377,,,
2026-08-22,TWT96U,twse,2442,412612,,,
2026-08-22,TWT96U,tpex,6194,43080,,,
2026-08-22,TWT96U,twse,2449,6547046,,,
2026-08-22,TWT96U,tpex,6195,11769,,,
2026-08-22,TWT96U,twse,2450,40190,,,
2026-08-22,TWT96U,tpex,6199,180594,,,
2026-08-22,TWT96U,twse,2451,2365755,,,
2026-08-22,TWT96U,tpex,6203,35450,,,
2026-08-22,TWT96U,twse,2453,83679,,,
2026-08-22,TWT96U,tpex,6204,75486,,,
2026-08-22,TWT96U,twse,2454,2884022,,,
2026-08-22,TWT96U,tpex,6207,1907649,,,
2026-08-22,TWT96U,twse,2455,2996330,,,
2026-08-22,TWT96U,tpex,6208,132805,,,
2026-08-22,TWT96U,twse,2457,545582,,,
2026-08-22,TWT96U,tpex,6210,4668,,,
2026-08-22,TWT96U,twse,2458,1013108,,,
2026-08-22,TWT96U,tpex,6212,622,,,
2026-08-22,TWT96U,twse,2459,41700,,,
2026-08-22,TWT96U,tpex,6217,657007,,,
2026-08-22,TWT96U,twse,2461,281691,,,
2026-08-22,TWT96U,tpex,6218,213444,,,
2026-08-22,TWT96U,twse,2462,66510,,,
2026-08-22,TWT96U,tpex,6219,60015,,,
2026-08-22,TWT96U,twse,2464,3550231,,,
2026-08-22,TWT96U,tpex,6220,112873,,,
2026-08-22,TWT96U,twse,2465,1052424,,,
2026-08-22,TWT96U,tpex,6221,38826,,,
2026-08-22,TWT96U,twse,2467,502290,,,
2026-08-22,TWT96U,tpex,6222,2830,,,
2026-08-22,TWT96U,twse,2468,136198,,,
2026-08-22,TWT96U,tpex,6223,258669,,,
2026-08-22,TWT96U,twse,2471,54256,,,
2026-08-22,TWT96U,tpex,6227,135361,,,
2026-08-22,TWT96U,twse,2472,1288446,,,
2026-08-22,TWT96U,tpex,6229,24403,,,
2026-08-22,TWT96U,twse,2474,1020037,,,
2026-08-22,TWT96U,tpex,6231,87619,,,
2026-08-22,TWT96U,twse,2476,645321,,,
2026-08-22,TWT96U,tpex,6233,77141,,,
2026-08-22,TWT96U,twse,2477,42353,,,
2026-08-22,TWT96U,tpex,6234,197722,,,
2026-08-22,TWT96U,twse,2478,2270700,,,
2026-08-22,TWT96U,tpex,6237,86015,,,
2026-08-22,TWT96U,twse,2480,108101,,,
2026-08-22,TWT96U,tpex,6240,10056,,,
2026-08-22,TWT96U,twse,2481,6626235,,,
2026-08-22,TWT96U,tpex,6244,938600,,,
2026-08-22,TWT96U,twse,2482,147637,,,
2026-08-22,TWT96U,tpex,6245,248541,,,
2026-08-22,TWT96U,twse,2483,580648,,,
2026-08-22,TWT96U,tpex,6246,20579,,,
2026-08-22,TWT96U,twse,2484,6650820,,,
2026-08-22,TWT96U,tpex,6248,25341,,,
2026-08-22,TWT96U,twse,2485,1528137,,,
2026-08-22,TWT96U,tpex,6259,344384,,,
2026-08-22,TWT96U,twse,2486,2743365,,,
2026-08-22,TWT96U,tpex,6261,165530,,,
2026-08-22,TWT96U,twse,2488,63923,,,
2026-08-22,TWT96U,tpex,6263,47186,,,
2026-08-22,TWT96U,twse,2489,3441985,,,
2026-08-22,TWT96U,tpex,6265,1586088,,,
2026-08-22,TWT96U,twse,2491,179676,,,
2026-08-22,TWT96U,tpex,6266,53534,,,
2026-08-22,TWT96U,twse,2492,6236068,,,
2026-08-22,TWT96U,tpex,6270,148604,,,
2026-08-22,TWT96U,twse,2493,1134996,,,
2026-08-22,TWT96U,tpex,6274,1755889,,,
2026-08-22,TWT96U,twse,2495,759302,,,
2026-08-22,TWT96U,tpex,6275,83394,,,
2026-08-22,TWT96U,twse,2496,8530,,,
2026-08-22,TWT96U,tpex,6279,217263,,,
2026-08-22,TWT96U,twse,2497,196881,,,
2026-08-22,TWT96U,tpex,6284,461841,,,
2026-08-22,TWT96U,twse,2498,275684,,,
2026-08-22,TWT96U,tpex,6290,888316,,,
2026-08-22,TWT96U,twse,2501,844138,,,
2026-08-22,TWT96U,tpex,6291,180297,,,
2026-08-22,TWT96U,twse,2504,715349,,,
2026-08-22,TWT96U,tpex,6292,86090,,,
2026-08-22,TWT96U,twse,2505,86188,,,
2026-08-22,TWT96U,tpex,6294,8549,,,
2026-08-22,TWT96U,twse,2506,103626,,,
2026-08-22,TWT96U,tpex,6411,150171,,,
2026-08-22,TWT96U,twse,2509,38995,,,
2026-08-22,TWT96U,tpex,6417,31921,,,
2026-08-22,TWT96U,twse,2511,490194,,,
2026-08-22,TWT96U,tpex,6418,28503,,,
2026-08-22,TWT96U,twse,2514,45169,,,
2026-08-22,TWT96U,tpex,6419,106938,,,
2026-08-22,TWT96U,twse,2515,2395797,,,
2026-08-22,TWT96U,tpex,6423,27822,,,
2026-08-22,TWT96U,twse,2520,513592,,,
2026-08-22,TWT96U,tpex,6425,96441,,,
2026-08-22,TWT96U,twse,2524,30519,,,
2026-08-22,TWT96U,tpex,6432,520917,,,
2026-08-22,TWT96U,twse,2527,489275,,,
2026-08-22,TWT96U,tpex,6435,262608,,,
2026-08-22,TWT96U,twse,2528,129520,,,
2026-08-22,TWT96U,tpex,6441,34094,,,
2026-08-22,TWT96U,twse,2530,248230,,,
2026-08-22,TWT96U,tpex,6462,178326,,,
2026-08-22,TWT96U,twse,2534,133930,,,
2026-08-22,TWT96U,tpex,6465,81169,,,
2026-08-22,TWT96U,twse,2535,106559,,,
2026-08-22,TWT96U,tpex,6469,149742,,,
2026-08-22,TWT96U,twse,2536,404732,,,
2026-08-22,TWT96U,tpex,6470,12188,,,
2026-08-22,TWT96U,twse,2537,334514,,,
2026-08-22,TWT96U,tpex,6474,18152,,,
2026-08-22,TWT96U,twse,2538,120739,,,
2026-08-22,TWT96U,tpex,6482,6711,,,
2026-08-22,TWT96U,twse,2539,460075,,,
2026-08-22,TWT96U,tpex,6485,125024,,,
2026-08-22,TWT96U,twse,2540,607181,,,
2026-08-22,TWT96U,tpex,6486,31114,,,
2026-08-22,TWT96U,twse,2542,2729988,,,
2026-08-22,TWT96U,tpex,6488,3364462,,,
2026-08-22,TWT96U,twse,2543,373148,,,
2026-08-22,TWT96U,tpex,6494,57298,,,
2026-08-22,TWT96U,twse,2545,101550,,,
2026-08-22,TWT96U,tpex,6496,2652,,,
2026-08-22,TWT96U,twse,2546,104310,,,
2026-08-22,TWT96U,tpex,6498,41156,,,
2026-08-22,TWT96U,twse,2547,864916,,,
2026-08-22,TWT96U,tpex,6499,95079,,,
2026-08-22,TWT96U,twse,2548,506829,,,
2026-08-22,TWT96U,tpex,6506,30295,,,
2026-08-22,TWT96U,twse,2597,78737,,,
2026-08-22,TWT96U,tpex,6508,22611,,,
2026-08-22,TWT96U,twse,2603,3917868,,,
2026-08-22,TWT96U,tpex,6509,389409,,,
2026-08-22,TWT96U,twse,2605,3108799,,,
2026-08-22,TWT96U,tpex,6510,137200,,,
2026-08-22,TWT96U,twse,2606,1343635,,,
2026-08-22,TWT96U,tpex,6516,19015,,,
2026-08-22,TWT96U,twse,2607,156714,,,
2026-08-22,TWT96U,tpex,6517,480294,,,
2026-08-22,TWT96U,twse,2608,82866,,,
2026-08-22,TWT96U,tpex,6523,8653,,,
2026-08-22,TWT96U,twse,2609,11028426,,,
2026-08-22,TWT96U,tpex,6527,7699,,,
2026-08-22,TWT96U,twse,2610,12681804,,,
2026-08-22,TWT96U,tpex,6530,276316,,,
2026-08-22,TWT96U,twse,2611,241272,,,
2026-08-22,TWT96U,tpex,6532,120125,,,
2026-08-22,TWT96U,twse,2612,155208,,,
2026-08-22,TWT96U,tpex,6538,745216,,,
2026-08-22,TWT96U,twse,2613,151354,,,
2026-08-22,TWT96U,tpex,6542,2377,,,
2026-08-22,TWT96U,twse,2614,186756,,,
2026-08-22,TWT96U,tpex,6546,102634,,,
2026-08-22,TWT96U,twse,2615,6118724,,,
2026-08-22,TWT96U,tpex,6547,878938,,,
2026-08-22,TWT96U,twse,2616,51961,,,
2026-08-22,TWT96U,tpex,6548,1363747,,,
2026-08-22,TWT96U,twse,2617,352056,,,
2026-08-22,TWT96U,tpex,6560,14630,,,
2026-08-22,TWT96U,twse,2618,12866553,,,
2026-08-22,TWT96U,tpex,6561,15817,,,
2026-08-22,TWT96U,twse,2630,2507526,,,
2026-08-22,TWT96U,tpex,6568,37090,,,
2026-08-22,TWT96U,twse,2633,1686386,,,
2026-08-22,TWT96U,tpex,6569,19060,,,
2026-08-22,TWT96U,twse,2634,17869133,,,
2026-08-22,TWT96U,tpex,6570,69294,,,
2026-08-22,TWT96U,twse,2636,167920,,,
2026-08-22,TWT96U,tpex,6577,81981,,,
2026-08-22,TWT96U,twse,2637,1084952,,,
2026-08-22,TWT96U,tpex,6578,36933,,,
2026-08-22,TWT96U,twse,2642,16004,,,
2026-08-22,TWT96U,tpex,6584,206770,,,
2026-08-22,TWT96U,twse,2645,1531896,,,
2026-08-22,TWT96U,tpex,6588,758642,,,
2026-08-22,TWT96U,twse,2646,1703621,,,
2026-08-22,TWT96U,tpex,6593,13481,,,
2026-08-22,TWT96U,twse,2701,24153,,,
2026-08-22,TWT96U,tpex,6596,41222,,,
2026-08-22,TWT96U,twse,2702,14376,,,
2026-08-22,TWT96U,tpex,6603,621579,,,
2026-08-22,TWT96U,twse,2704,36807,,,
2026-08-22,TWT96U,tpex,6609,123750,,,
2026-08-22,TWT96U,twse,2705,75324,,,
2026-08-22,TWT96U,tpex,6612,10917,,,
2026-08-22,TWT96U,twse,2706,42960,,,
2026-08-22,TWT96U,tpex,6613,139054,,,
2026-08-22,TWT96U,twse,2707,55444,,,
2026-08-22,TWT96U,tpex,6615,3560,,,
2026-08-22,TWT96U,twse,2712,3083,,,
2026-08-22,TWT96U,tpex,6616,6204,,,
2026-08-22,TWT96U,twse,2722,18267,,,
2026-08-22,TWT96U,tpex,6617,183528,,,
2026-08-22,TWT96U,twse,2723,106033,,,
2026-08-22,TWT96U,tpex,6620,254084,,,
2026-08-22,TWT96U,twse,2727,202120,,,
2026-08-22,TWT96U,tpex,6624,12891,,,
2026-08-22,TWT96U,twse,2731,134114,,,
2026-08-22,TWT96U,tpex,6629,7072,,,
2026-08-22,TWT96U,twse,2739,35783,,,
2026-08-22,TWT96U,tpex,6637,16876,,,
2026-08-22,TWT96U,twse,2748,36311,,,
2026-08-22,TWT96U,tpex,6640,72664,,,
2026-08-22,TWT96U,twse,2753,70886,,,
2026-08-22,TWT96U,tpex,6642,121929,,,
2026-08-22,TWT96U,twse,2762,28653,,,
2026-08-22,TWT96U,tpex,6643,154159,,,
2026-08-22,TWT96U,twse,2801,8718678,,,
2026-08-22,TWT96U,tpex,6649,30790,,,
2026-08-22,TWT96U,twse,2812,5836077,,,
2026-08-22,TWT96U,tpex,6651,67884,,,
2026-08-22,TWT96U,twse,2816,100735,,,
2026-08-22,TWT96U,tpex,6654,13375,,,
2026-08-22,TWT96U,twse,2820,670404,,,
2026-08-22,TWT96U,tpex,6664,116088,,,
2026-08-22,TWT96U,twse,2832,62861,,,
2026-08-22,TWT96U,tpex,6667,61149,,,
2026-08-22,TWT96U,twse,2834,11939983,,,
2026-08-22,TWT96U,tpex,6679,90113,,,
2026-08-22,TWT96U,twse,2836,1266203,,,
2026-08-22,TWT96U,tpex,6680,3363,,,
2026-08-22,TWT96U,twse,2838,906363,,,
2026-08-22,TWT96U,tpex,6683,190883,,,
2026-08-22,TWT96U,twse,2845,3016872,,,
2026-08-22,TWT96U,tpex,6684,54616,,,
2026-08-22,TWT96U,twse,2849,86314,,,
2026-08-22,TWT96U,tpex,6690,14372,,,
2026-08-22,TWT96U,twse,2850,115822,,,
2026-08-22,TWT96U,tpex,6692,5799,,,
2026-08-22,TWT96U,twse,2851,867892,,,
2026-08-22,TWT96U,tpex,6693,286399,,,
2026-08-22,TWT96U,twse,2852,138609,,,
2026-08-22,TWT96U,tpex,6697,6351,,,
2026-08-22,TWT96U,twse,2855,1342288,,,
2026-08-22,TWT96U,tpex,6703,17643,,,
2026-08-22,TWT96U,twse,2880,8911351,,,
2026-08-22,TWT96U,tpex,6708,4693,,,
2026-08-22,TWT96U,twse,2881,6343830,,,
2026-08-22,TWT96U,tpex,6712,145893,,,
2026-08-22,TWT96U,twse,2882,6301147,,,
2026-08-22,TWT96U,tpex,6716,148971,,,
2026-08-22,TWT96U,twse,2883,13858527,,,
2026-08-22,TWT96U,tpex,6720,9945,,,
2026-08-22,TWT96U,twse,2884,13694950,,,
2026-08-22,TWT96U,tpex,6725,40409,,,
2026-08-22,TWT96U,twse,2885,9338654,,,
2026-08-22,TWT96U,tpex,6727,264596,,,
2026-08-22,TWT96U,twse,2886,10695390,,,
2026-08-22,TWT96U,tpex,6728,7026,,,
2026-08-22,TWT96U,twse,2887,19643629,,,
2026-08-22,TWT96U,tpex,6730,8000,,,
2026-08-22,TWT96U,twse,2887I,1141636,,,
2026-08-22,TWT96U,tpex,6732,138488,,,
2026-08-22,TWT96U,twse,2889,1982371,,,
2026-08-22,TWT96U,tpex,6735,44424,,,
2026-08-22,TWT96U,twse,2890,10202191,,,
2026-08-22,TWT96U,tpex,6739,72347,,,
2026-08-22,TWT96U,twse,2891,13412998,,,
2026-08-22,TWT96U,tpex,6741,99430,,,
2026-08-22,TWT96U,twse,2892,12634328,,,
2026-08-22,TWT96U,tpex,6751,2832,,,
2026-08-22,TWT96U,twse,2897,1458827,,,
2026-08-22,TWT96U,tpex,6752,6398,,,
2026-08-22,TWT96U,twse,2901,4088,,,
2026-08-22,TWT96U,tpex,6761,145281,,,
2026-08-22,TWT96U,twse,2903,739019,,,
2026-08-22,TWT96U,tpex,6763,77879,,,
2026-08-22,TWT96U,twse,2904,11858,,,
2026-08-22,TWT96U,tpex,6785,21443,,,
2026-08-22,TWT96U,twse,2905,436857,,,
2026-08-22,TWT96U,tpex,6788,111215,,,
2026-08-22,TWT96U,twse,2906,81920,,,
2026-08-22,TWT96U,tpex,6791,9691,,,
2026-08-22,TWT96U,twse,2908,59698,,,
2026-08-22,TWT96U,tpex,6803,21097,,,
2026-08-22,TWT96U,twse,2910,36884,,,
2026-08-22,TWT96U,tpex,6804,66995,,,
2026-08-22,TWT96U,twse,2911,46725,,,
2026-08-22,TWT96U,tpex,6811,85573,,,
2026-08-22,TWT96U,twse,2912,1080048,,,
2026-08-22,TWT96U,tpex,6821,59795,,,
2026-08-22,TWT96U,twse,2913,686921,,,
2026-08-22,TWT96U,tpex,6823,31824,,,
2026-08-22,TWT96U,twse,2915,1159469,,,
2026-08-22,TWT96U,tpex,6829,455610,,,
2026-08-22,TWT96U,twse,2929,62612,,,
2026-08-22,TWT96U,tpex,6840,83833,,,
2026-08-22,TWT96U,twse,2939,9864,,,
2026-08-22,TWT96U,tpex,6841,92187,,,
2026-08-22,TWT96U,twse,3002,59816,,,
2026-08-22,TWT96U,tpex,6843,3847,,,
2026-08-22,TWT96U,twse,3003,308422,,,
2026-08-22,TWT96U,tpex,6846,4547,,,
2026-08-22,TWT96U,twse,3004,213608,,,
2026-08-22,TWT96U,tpex,6859,17391,,,
2026-08-22,TWT96U,twse,3005,1358274,,,
2026-08-22,TWT96U,tpex,6865,4251,,,
2026-08-22,TWT96U,twse,3006,3203050,,,
2026-08-22,TWT96U,tpex,6870,26957,,,
2026-08-22,TWT96U,twse,3008,763782,,,
2026-08-22,TWT96U,tpex,6874,8942,,,
2026-08-22,TWT96U,twse,3010,287938,,,
2026-08-22,TWT96U,tpex,6877,25558,,,
2026-08-22,TWT96U,twse,3011,187524,,,
2026-08-22,TWT96U,tpex,6894,14046,,,
2026-08-22,TWT96U,twse,3013,405910,,,
2026-08-22,TWT96U,tpex,6895,17812,,,
2026-08-22,TWT96U,twse,3014,426663,,,
2026-08-22,TWT96U,tpex,6899,7983,,,
2026-08-22,TWT96U,twse,3015,227345,,,
2026-08-22,TWT96U,tpex,6903,176960,,,
2026-08-22,TWT96U,twse,3016,2240480,,,
2026-08-22,TWT96U,tpex,6904,592,,,
2026-08-22,TWT96U,twse,3017,1366312,,,
2026-08-22,TWT96U,tpex,6907,659217,,,
2026-08-22,TWT96U,twse,3019,956987,,,
2026-08-22,TWT96U,tpex,6910,5988,,,
2026-08-22,TWT96U,twse,3021,76641,,,
2026-08-22,TWT96U,tpex,6913,119280,,,
2026-08-22,TWT96U,twse,3022,1066635,,,
2026-08-22,TWT96U,tpex,6922,81884,,,
2026-08-22,TWT96U,twse,3023,439397,,,
2026-08-22,TWT96U,tpex,6925,10323,,,
2026-08-22,TWT96U,twse,3024,682255,,,
2026-08-22,TWT96U,tpex,6953,11926,,,
2026-08-22,TWT96U,twse,3025,75864,,,
2026-08-22,TWT96U,tpex,6961,7937,,,
2026-08-22,TWT96U,twse,3026,2176898,,,
2026-08-22,TWT96U,tpex,6967,41683,,,
2026-08-22,TWT96U,twse,3027,76253,,,
2026-08-22,TWT96U,tpex,6968,17480,,,
2026-08-22,TWT96U,twse,3028,562896,,,
2026-08-22,TWT96U,tpex,6971,10594,,,
2026-08-22,TWT96U,twse,3029,393610,,,
2026-08-22,TWT96U,tpex,6982,10424,,,
2026-08-22,TWT96U,twse,3030,460092,,,
2026-08-22,TWT96U,tpex,6983,11225,,,
2026-08-22,TWT96U,twse,3031,254984,,,
2026-08-22,TWT96U,tpex,6996,26238,,,
2026-08-22,TWT96U,twse,3032,202593,,,
2026-08-22,TWT96U,tpex,7402,430008,,,
2026-08-22,TWT96U,twse,3033,3422692,,,
2026-08-22,TWT96U,tpex,7547,5897,,,
2026-08-22,TWT96U,twse,3034,1418266,,,
2026-08-22,TWT96U,tpex,7556,14512,,,
2026-08-22,TWT96U,twse,3035,1554867,,,
2026-08-22,TWT96U,tpex,7584,11229,,,
2026-08-22,TWT96U,twse,3036,3306487,,,
2026-08-22,TWT96U,tpex,7642,13799,,,
2026-08-22,TWT96U,twse,3037,7627218,,,
2026-08-22,TWT96U,tpex,7703,37740,,,
2026-08-22,TWT96U,twse,3038,61780,,,
2026-08-22,TWT96U,tpex,7704,23515,,,
2026-08-22,TWT96U,twse,3040,61983,,,
2026-08-22,TWT96U,tpex,7709,22339,,,
2026-08-22,TWT96U,twse,3041,335548,,,
2026-08-22,TWT96U,tpex,7712,106563,,,
2026-08-22,TWT96U,twse,3042,4961478,,,
2026-08-22,TWT96U,tpex,7713,3923,,,
2026-08-22,TWT96U,twse,3043,31671,,,
2026-08-22,TWT96U,tpex,7714,201895,,,
2026-08-22,TWT96U,twse,3044,1193643,,,
2026-08-22,TWT96U,tpex,7715,46447,,,
2026-08-22,TWT96U,twse,3045,4184540,,,
2026-08-22,TWT96U,tpex,7717,62553,,,
2026-08-22,TWT96U,twse,3046,161652,,,
2026-08-22,TWT96U,tpex,7718,8084,,,
2026-08-22,TWT96U,twse,3047,252045,,,
2026-08-22,TWT96U,tpex,7723,33813,,,
2026-08-22,TWT96U,twse,3048,1254649,,,
2026-08-22,TWT96U,tpex,7728,7538,,,
2026-08-22,TWT96U,twse,3049,895083,,,
2026-08-22,TWT96U,tpex,7734,85561,,,
2026-08-22,TWT96U,twse,3050,186684,,,
2026-08-22,TWT96U,tpex,7738,5621,,,
2026-08-22,TWT96U,twse,3051,177116,,,
2026-08-22,TWT96U,tpex,7744,25531,,,
2026-08-22,TWT96U,twse,3052,106958,,,
2026-08-22,TWT96U,tpex,7751,92952,,,
2026-08-22,TWT96U,twse,3054,31238,,,
2026-08-22,TWT96U,tpex,7753,6651,,,
2026-08-22,TWT96U,twse,3055,528950,,,
2026-08-22,TWT96U,tpex,7757,4695,,,
2026-08-22,TWT96U,twse,3056,281054,,,
2026-08-22,TWT96U,tpex,7767,23498,,,
2026-08-22,TWT96U,twse,3059,653372,,,
2026-08-22,TWT96U,tpex,7772,25254,,,
2026-08-22,TWT96U,twse,3060,547017,,,
2026-08-22,TWT96U,tpex,7777,719548,,,
2026-08-22,TWT96U,twse,3062,524931,,,
2026-08-22,TWT96U,tpex,7782,3954,,,
2026-08-22,TWT96U,twse,3090,3088715,,,
2026-08-22,TWT96U,tpex,7792,121098,,,
2026-08-22,TWT96U,twse,3092,81280,,,
2026-08-22,TWT96U,tpex,7805,30192,,,
2026-08-22,TWT96U,twse,3094,784085,,,
2026-08-22,TWT96U,tpex,7810,15725,,,
2026-08-22,TWT96U,twse,3130,33461,,,
2026-08-22,TWT96U,tpex,7820,5721,,,
2026-08-22,TWT96U,twse,3135,609907,,,
2026-08-22,TWT96U,tpex,7828,90435,,,
2026-08-22,TWT96U,twse,3138,102052,,,
2026-08-22,TWT96U,tpex,8027,731770,,,
2026-08-22,TWT96U,twse,3149,2993746,,,
2026-08-22,TWT96U,tpex,8032,23863,,,
2026-08-22,TWT96U,twse,3150,13311,,,
2026-08-22,TWT96U,tpex,8034,32391,,,
2026-08-22,TWT96U,twse,3164,9812,,,
2026-08-22,TWT96U,tpex,8040,186943,,,
2026-08-22,TWT96U,twse,3167,877396,,,
2026-08-22,TWT96U,tpex,8042,1585247,,,
2026-08-22,TWT96U,twse,3168,8019,,,
2026-08-22,TWT96U,tpex,8043,1934212,,,
2026-08-22,TWT96U,twse,3189,4049232,,,
2026-08-22,TWT96U,tpex,8044,117507,,,
2026-08-22,TWT96U,twse,3209,563736,,,
2026-08-22,TWT96U,tpex,8048,57035,,,
2026-08-22,TWT96U,twse,3229,307417,,,
2026-08-22,TWT96U,tpex,8049,50003,,,
2026-08-22,TWT96U,twse,3231,24670269,,,
2026-08-22,TWT96U,tpex,8050,1424373,,,
2026-08-22,TWT96U,twse,3257,109801,,,
2026-08-22,TWT96U,tpex,8054,354414,,,
2026-08-22,TWT96U,twse,3266,15346,,,
2026-08-22,TWT96U,tpex,8064,1080002,,,
2026-08-22,TWT96U,twse,3296,24981,,,
2026-08-22,TWT96U,tpex,8066,5273,,,
2026-08-22,TWT96U,twse,3305,580796,,,
2026-08-22,TWT96U,tpex,8068,88418,,,
2026-08-22,TWT96U,twse,3308,18932,,,
2026-08-22,TWT96U,tpex,8069,2874262,,,
2026-08-22,TWT96U,twse,3311,76903,,,
2026-08-22,TWT96U,tpex,8071,379048,,,
2026-08-22,TWT96U,twse,3312,430836,,,
2026-08-22,TWT96U,tpex,8074,215775,,,
2026-08-22,TWT96U,twse,3338,147474,,,
2026-08-22,TWT96U,tpex,8076,221468,,,
2026-08-22,TWT96U,twse,3346,149844,,,
2026-08-22,TWT96U,tpex,8083,29741,,,
2026-08-22,TWT96U,twse,3356,182190,,,
2026-08-22,TWT96U,tpex,8084,113513,,,
2026-08-22,TWT96U,twse,3376,768404,,,
2026-08-22,TWT96U,tpex,8086,996868,,,
2026-08-22,TWT96U,twse,3380,507790,,,
2026-08-22,TWT96U,tpex,8087,8087,,,
2026-08-22,TWT96U,twse,3406,783441,,,
2026-08-22,TWT96U,tpex,8088,340568,,,
2026-08-22,TWT96U,twse,3413,836546,,,
2026-08-22,TWT96U,tpex,8089,48754,,,
2026-08-22,TWT96U,twse,3416,182391,,,
2026-08-22,TWT96U,tpex,8091,238359,,,
2026-08-22,TWT96U,twse,3437,156494,,,
2026-08-22,TWT96U,tpex,8092,14851,,,
2026-08-22,TWT96U,twse,3443,668854,,,
2026-08-22,TWT96U,tpex,8096,1618049,,,
2026-08-22,TWT96U,twse,3447,62091,,,
2026-08-22,TWT96U,tpex,8097,30827,,,
2026-08-22,TWT96U,twse,3450,2851895,,,
2026-08-22,TWT96U,tpex,8099,39646,,,
2026-08-22,TWT96U,twse,3481,135733,,,
2026-08-22,TWT96U,tpex,8102,8526,,,
2026-08-22,TWT96U,twse,3501,61423,,,
2026-08-22,TWT96U,tpex,8107,16824,,,
2026-08-22,TWT96U,twse,3504,808461,,,
2026-08-22,TWT96U,tpex,8109,137641,,,
2026-08-22,TWT96U,twse,3515,201059,,,
2026-08-22,TWT96U,tpex,8111,2700648,,,
2026-08-22,TWT96U,twse,3518,139669,,,
2026-08-22,TWT96U,tpex,8121,351762,,,
2026-08-22,TWT96U,twse,3528,110819,,,
2026-08-22,TWT96U,tpex,8147,68227,,,
2026-08-22,TWT96U,twse,3530,49225,,,
2026-08-22,TWT96U,tpex,8155,275029,,,
2026-08-22,TWT96U,twse,3532,2612725,,,
2026-08-22,TWT96U,tpex,8171,29467,,,
2026-08-22,TWT96U,twse,3533,418023,,,
2026-08-22,TWT96U,tpex,8182,488452,,,
2026-08-22,TWT96U,twse,3535,293612,,,
2026-08-22,TWT96U,tpex,8183,119827,,,
2026-08-22,TWT96U,twse,3543,580030,,,
2026-08-22,TWT96U,tpex,8227,190326,,,
2026-08-22,TWT96U,twse,3545,288485,,,
2026-08-22,TWT96U,tpex,8234,280921,,,
2026-08-22,TWT96U,twse,3550,641058,,,
2026-08-22,TWT96U,tpex,8240,76775,,,
2026-08-22,TWT96U,twse,3557,18187,,,
2026-08-22,TWT96U,tpex,8255,196196,,,
2026-08-22,TWT96U,twse,3563,175630,,,
2026-08-22,TWT96U,tpex,8279,4859,,,
2026-08-22,TWT96U,twse,3583,315117,,,
2026-08-22,TWT96U,tpex,8284,14371,,,
2026-08-22,TWT96U,twse,3588,100096,,,
2026-08-22,TWT96U,tpex,8289,264761,,,
2026-08-22,TWT96U,twse,3591,285567,,,
2026-08-22,TWT96U,tpex,8299,1607084,,,
2026-08-22,TWT96U,twse,3592,167958,,,
2026-08-22,TWT96U,tpex,8342,2748,,,
2026-08-22,TWT96U,twse,3596,338067,,,
2026-08-22,TWT96U,tpex,8349,22433,,,
2026-08-22,TWT96U,twse,3605,2900347,,,
2026-08-22,TWT96U,tpex,8354,44101,,,
2026-08-22,TWT96U,twse,3607,89458,,,
2026-08-22,TWT96U,tpex,8358,5399629,,,
2026-08-22,TWT96U,twse,3617,222582,,,
2026-08-22,TWT96U,tpex,8383,1361141,,,
2026-08-22,TWT96U,twse,3622,92452,,,
2026-08-22,TWT96U,tpex,8390,136370,,,
2026-08-22,TWT96U,twse,3645,470198,,,
2026-08-22,TWT96U,tpex,8401,9146,,,
2026-08-22,TWT96U,twse,3652,331654,,,
2026-08-22,TWT96U,tpex,8403,37533,,,
2026-08-22,TWT96U,twse,3653,497642,,,
2026-08-22,TWT96U,tpex,8410,10391,,,
2026-08-22,TWT96U,twse,3661,723936,,,
2026-08-22,TWT96U,tpex,8415,234650,,,
2026-08-22,TWT96U,twse,3665,1019382,,,
2026-08-22,TWT96U,tpex,8421,285120,,,
2026-08-22,TWT96U,twse,3669,226111,,,
2026-08-22,TWT96U,tpex,8423,4502,,,
2026-08-22,TWT96U,twse,3673,1617925,,,
2026-08-22,TWT96U,tpex,8424,4508,,,
2026-08-22,TWT96U,twse,3679,15924,,,
2026-08-22,TWT96U,tpex,8426,13675,,,
2026-08-22,TWT96U,twse,3694,580104,,,
2026-08-22,TWT96U,tpex,8431,98259,,,
2026-08-22,TWT96U,twse,3701,321850,,,
2026-08-22,TWT96U,tpex,8432,9217,,,
2026-08-22,TWT96U,twse,3702,3834249,,,
2026-08-22,TWT96U,tpex,8433,7652,,,
2026-08-22,TWT96U,twse,3703,484876,,,
2026-08-22,TWT96U,tpex,8435,6892,,,
2026-08-22,TWT96U,twse,3704,1356167,,,
2026-08-22,TWT96U,tpex,8436,229639,,,
2026-08-22,TWT96U,twse,3705,65474,,,
2026-08-22,TWT96U,tpex,8437,10809,,,
2026-08-22,TWT96U,twse,3706,3720045,,,
2026-08-22,TWT96U,tpex,8440,25145,,,
2026-08-22,TWT96U,twse,3708,159585,,,
2026-08-22,TWT96U,tpex,8446,17471,,,
2026-08-22,TWT96U,twse,3711,6698817,,,
2026-08-22,TWT96U,tpex,8472,5167,,,
2026-08-22,TWT96U,twse,3712,328921,,,
2026-08-22,TWT96U,tpex,8489,17320,,,
2026-08-22,TWT96U,twse,3714,2226044,,,
2026-08-22,TWT96U,tpex,8905,5263,,,
2026-08-22,TWT96U,twse,3715,1795384,,,
2026-08-22,TWT96U,tpex,8906,8196,,,
2026-08-22,TWT96U,twse,3716,123760,,,
2026-08-22,TWT96U,tpex,8908,12855,,,
2026-08-22,TWT96U,twse,3717,862927,,,
2026-08-22,TWT96U,tpex,8916,42006,,,
2026-08-22,TWT96U,twse,4104,56019,,,
2026-08-22,TWT96U,tpex,8917,2039,,,
2026-08-22,TWT96U,twse,4106,78244,,,
2026-08-22,TWT96U,tpex,8923,2820,,,
2026-08-22,TWT96U,twse,4119,74789,,,
2026-08-22,TWT96U,tpex,8924,27370,,,
2026-08-22,TWT96U,twse,4133,138819,,,
2026-08-22,TWT96U,tpex,8927,69764,,,
2026-08-22,TWT96U,twse,4137,52403,,,
2026-08-22,TWT96U,tpex,8928,9780,,,
2026-08-22,TWT96U,twse,4142,388908,,,
2026-08-22,TWT96U,tpex,8929,7200,,,
2026-08-22,TWT96U,twse,4148,13903,,,
2026-08-22,TWT96U,tpex,8930,18834,,,
2026-08-22,TWT96U,twse,4155,88075,,,
2026-08-22,TWT96U,tpex,8931,12836,,,
2026-08-22,TWT96U,twse,4164,156466,,,
2026-08-22,TWT96U,tpex,8932,1237983,,,
2026-08-22,TWT96U,twse,4190,7611,,,
2026-08-22,TWT96U,tpex,8936,372942,,,
2026-08-22,TWT96U,twse,4306,361178,,,
2026-08-22,TWT96U,tpex,8938,36923,,,
2026-08-22,TWT96U,twse,4414,54656,,,
2026-08-22,TWT96U,tpex,8941,3497,,,
2026-08-22,TWT96U,twse,4426,34948,,,
2026-08-22,TWT96U,tpex,8942,84997,,,
2026-08-22,TWT96U,twse,4438,21168,,,
2026-08-22,TWT96U,tpex,9949,17720,,,
2026-08-22,TWT96U,twse,4439,17534,,,
2026-08-22,TWT96U,tpex,9951,13542,,,
2026-08-22,TWT96U,twse,4440,41280,,,
2026-08-22,TWT96U,tpex,9960,10260,,,
2026-08-22,TWT96U,twse,4441,38830,,,
2026-08-22,TWT96U,tpex,9962,17334,,,
2026-08-22,TWT96U,twse,4526,495267,,,
2026-08-22,TWT96U,tpex,_,,,,
2026-08-22,TWT96U,twse,4532,316264,,,
2026-08-22,TWT96U,tpex,_,,,,
2026-08-22,TWT96U,twse,4536,103177,,,
2026-08-22,TWT96U,tpex,_,,,,
2026-08-22,TWT96U,twse,4540,867322,,,
2026-08-22,TWT96U,tpex,_,,,,
2026-08-22,TWT96U,twse,4545,30354,,,
2026-08-22,TWT96U,tpex,_,,,,
2026-08-22,TWT96U,twse,4551,380044,,,
2026-08-22,TWT96U,tpex,_,,,,
2026-08-22,TWT96U,twse,4552,38991,,,
2026-08-22,TWT96U,tpex,_,,,,
2026-08-22,TWT96U,twse,4555,94679,,,
2026-08-22,TWT96U,tpex,_,,,,
2026-08-22,TWT96U,twse,4557,40290,,,
2026-08-22,TWT96U,tpex,_,,,,
2026-08-22,TWT96U,twse,4560,84329,,,
2026-08-22,TWT96U,tpex,_,,,,
2026-08-22,TWT96U,twse,4562,96283,,,
2026-08-22,TWT96U,tpex,_,,,,
2026-08-22,TWT96U,twse,4564,1009887,,,
2026-08-22,TWT96U,tpex,_,,,,
2026-08-22,TWT96U,twse,4566,1054865,,,
2026-08-22,TWT96U,tpex,_,,,,
2026-08-22,TWT96U,twse,4569,19484,,,
2026-08-22,TWT96U,tpex,_,,,,
2026-08-22,TWT96U,twse,4571,84175,,,
2026-08-22,TWT96U,tpex,_,,,,
2026-08-22,TWT96U,twse,4572,10116,,,
2026-08-22,TWT96U,tpex,_,,,,
2026-08-22,TWT96U,twse,4576,601263,,,
2026-08-22,TWT96U,tpex,_,,,,
2026-08-22,TWT96U,twse,4581,5125,,,
2026-08-22,TWT96U,tpex,_,,,,
2026-08-22,TWT96U,twse,4583,54815,,,
2026-08-22,TWT96U,tpex,_,,,,
2026-08-22,TWT96U,twse,4585,96966,,,
2026-08-22,TWT96U,tpex,_,,,,
2026-08-22,TWT96U,twse,4588,19094,,,
2026-08-22,TWT96U,tpex,_,,,,
2026-08-22,TWT96U,twse,4590,133278,,,
2026-08-22,TWT96U,tpex,_,,,,
2026-08-22,TWT96U,twse,4720,230711,,,
2026-08-22,TWT96U,tpex,_,,,,
2026-08-22,TWT96U,twse,4722,391438,,,
2026-08-22,TWT96U,tpex,_,,,,
2026-08-22,TWT96U,twse,4736,89804,,,
2026-08-22,TWT96U,tpex,_,,,,
2026-08-22,TWT96U,twse,4737,41597,,,
2026-08-22,TWT96U,tpex,_,,,,
2026-08-22,TWT96U,twse,4739,541465,,,
2026-08-22,TWT96U,tpex,_,,,,
2026-08-22,TWT96U,twse,4746,175261,,,
2026-08-22,TWT96U,tpex,_,,,,
2026-08-22,TWT96U,twse,4755,116437,,,
2026-08-22,TWT96U,tpex,_,,,,
2026-08-22,TWT96U,twse,4763,2740989,,,
2026-08-22,TWT96U,tpex,_,,,,
2026-08-22,TWT96U,twse,4764,818744,,,
2026-08-22,TWT96U,tpex,_,,,,
2026-08-22,TWT96U,twse,4766,91283,,,
2026-08-22,TWT96U,tpex,_,,,,
2026-08-22,TWT96U,twse,4770,109885,,,
2026-08-22,TWT96U,tpex,_,,,,
2026-08-22,TWT96U,twse,4771,63431,,,
2026-08-22,TWT96U,tpex,_,,,,
2026-08-22,TWT96U,twse,4807,82070,,,
2026-08-22,TWT96U,tpex,_,,,,
2026-08-22,TWT96U,twse,4904,3231042,,,
2026-08-22,TWT96U,tpex,_,,,,
2026-08-22,TWT96U,twse,4906,1364682,,,
2026-08-22,TWT96U,tpex,_,,,,
2026-08-22,TWT96U,twse,4912,94000,,,
2026-08-22,TWT96U,tpex,_,,,,
2026-08-22,TWT96U,twse,4915,930742,,,
2026-08-22,TWT96U,tpex,_,,,,
2026-08-22,TWT96U,twse,4916,1658715,,,
2026-08-22,TWT96U,tpex,_,,,,
2026-08-22,TWT96U,twse,4919,1863908,,,
2026-08-22,TWT96U,tpex,_,,,,
2026-08-22,TWT96U,twse,4927,968479,,,
2026-08-22,TWT96U,tpex,_,,,,
2026-08-22,TWT96U,twse,4930,23310,,,
2026-08-22,TWT96U,tpex,_,,,,
2026-08-22,TWT96U,twse,4935,28519,,,
2026-08-22,TWT96U,tpex,_,,,,
2026-08-22,TWT96U,twse,4938,4308988,,,
2026-08-22,TWT96U,tpex,_,,,,
2026-08-22,TWT96U,twse,4942,41448,,,
2026-08-22,TWT96U,tpex,_,,,,
2026-08-22,TWT96U,twse,4949,245410,,,
2026-08-22,TWT96U,tpex,_,,,,
2026-08-22,TWT96U,twse,4952,167003,,,
2026-08-22,TWT96U,tpex,_,,,,
2026-08-22,TWT96U,twse,4956,460177,,,
2026-08-22,TWT96U,tpex,_,,,,
2026-08-22,TWT96U,twse,4958,12267109,,,
2026-08-22,TWT96U,tpex,_,,,,
2026-08-22,TWT96U,twse,4960,885956,,,
2026-08-22,TWT96U,tpex,_,,,,
2026-08-22,TWT96U,twse,4961,191495,,,
2026-08-22,TWT96U,tpex,_,,,,
2026-08-22,TWT96U,twse,4967,1315269,,,
2026-08-22,TWT96U,tpex,_,,,,
2026-08-22,TWT96U,twse,4968,187713,,,
2026-08-22,TWT96U,tpex,_,,,,
2026-08-22,TWT96U,twse,4976,1269784,,,
2026-08-22,TWT96U,tpex,_,,,,
2026-08-22,TWT96U,twse,4977,928812,,,
2026-08-22,TWT96U,tpex,_,,,,
2026-08-22,TWT96U,twse,4989,2253528,,,
2026-08-22,TWT96U,tpex,_,,,,
2026-08-22,TWT96U,twse,4994,6943,,,
2026-08-22,TWT96U,tpex,_,,,,
2026-08-22,TWT96U,twse,4999,19863,,,
2026-08-22,TWT96U,tpex,_,,,,
2026-08-22,TWT96U,twse,5007,16158,,,
2026-08-22,TWT96U,tpex,_,,,,
2026-08-22,TWT96U,twse,5203,56550,,,
2026-08-22,TWT96U,tpex,_,,,,
2026-08-22,TWT96U,twse,5215,25474,,,
2026-08-22,TWT96U,tpex,_,,,,
2026-08-22,TWT96U,twse,5222,111900,,,
2026-08-22,TWT96U,tpex,_,,,,
2026-08-22,TWT96U,twse,5225,105229,,,
2026-08-22,TWT96U,tpex,_,,,,
2026-08-22,TWT96U,twse,5234,91174,,,
2026-08-22,TWT96U,tpex,_,,,,
2026-08-22,TWT96U,twse,5236,46163,,,
2026-08-22,TWT96U,tpex,_,,,,
2026-08-22,TWT96U,twse,5243,391330,,,
2026-08-22,TWT96U,tpex,_,,,,
2026-08-22,TWT96U,twse,5244,50449,,,
2026-08-22,TWT96U,tpex,_,,,,
2026-08-22,TWT96U,twse,5258,160377,,,
2026-08-22,TWT96U,tpex,_,,,,
2026-08-22,TWT96U,twse,5269,236260,,,
2026-08-22,TWT96U,tpex,_,,,,
2026-08-22,TWT96U,twse,5283,27881,,,
2026-08-22,TWT96U,tpex,_,,,,
2026-08-22,TWT96U,twse,5284,157917,,,
2026-08-22,TWT96U,tpex,_,,,,
2026-08-22,TWT96U,twse,5285,332126,,,
2026-08-22,TWT96U,tpex,_,,,,
2026-08-22,TWT96U,twse,5288,55905,,,
2026-08-22,TWT96U,tpex,_,,,,
2026-08-22,TWT96U,twse,5292,60411,,,
2026-08-22,TWT96U,tpex,_,,,,
2026-08-22,TWT96U,twse,5306,88618,,,
2026-08-22,TWT96U,tpex,_,,,,
2026-08-22,TWT96U,twse,5388,1701976,,,
2026-08-22,TWT96U,tpex,_,,,,
2026-08-22,TWT96U,twse,5434,439443,,,
2026-08-22,TWT96U,tpex,_,,,,
2026-08-22,TWT96U,twse,5469,622625,,,
2026-08-22,TWT96U,tpex,_,,,,
2026-08-22,TWT96U,twse,5471,1004590,,,
2026-08-22,TWT96U,tpex,_,,,,
2026-08-22,TWT96U,twse,5515,234853,,,
2026-08-22,TWT96U,tpex,_,,,,
2026-08-22,TWT96U,twse,5519,117190,,,
2026-08-22,TWT96U,tpex,_,,,,
2026-08-22,TWT96U,twse,5521,839293,,,
2026-08-22,TWT96U,tpex,_,,,,
2026-08-22,TWT96U,twse,5522,302751,,,
2026-08-22,TWT96U,tpex,_,,,,
2026-08-22,TWT96U,twse,5525,46800,,,
2026-08-22,TWT96U,tpex,_,,,,
2026-08-22,TWT96U,twse,5531,154450,,,
2026-08-22,TWT96U,tpex,_,,,,
2026-08-22,TWT96U,twse,5533,49461,,,
2026-08-22,TWT96U,tpex,_,,,,
2026-08-22,TWT96U,twse,5534,200818,,,
2026-08-22,TWT96U,tpex,_,,,,
2026-08-22,TWT96U,twse,5538,43860,,,
2026-08-22,TWT96U,tpex,_,,,,
2026-08-22,TWT96U,twse,5546,10115,,,
2026-08-22,TWT96U,tpex,_,,,,
2026-08-22,TWT96U,twse,5607,215758,,,
2026-08-22,TWT96U,tpex,_,,,,
2026-08-22,TWT96U,twse,5608,1777335,,,
2026-08-22,TWT96U,tpex,_,,,,
2026-08-22,TWT96U,twse,5706,53543,,,
2026-08-22,TWT96U,tpex,_,,,,
2026-08-22,TWT96U,twse,5871,2486614,,,
2026-08-22,TWT96U,tpex,_,,,,
2026-08-22,TWT96U,twse,5876,3776180,,,
2026-08-22,TWT96U,tpex,_,,,,
2026-08-22,TWT96U,twse,5880,7832875,,,
2026-08-22,TWT96U,tpex,_,,,,
2026-08-22,TWT96U,twse,5906,673,,,
2026-08-22,TWT96U,tpex,_,,,,
2026-08-22,TWT96U,twse,5907,79241,,,
2026-08-22,TWT96U,tpex,_,,,,
2026-08-22,TWT96U,twse,6005,2681894,,,
2026-08-22,TWT96U,tpex,_,,,,
2026-08-22,TWT96U,twse,6024,155159,,,
2026-08-22,TWT96U,tpex,_,,,,
2026-08-22,TWT96U,twse,6108,572742,,,
2026-08-22,TWT96U,tpex,_,,,,
2026-08-22,TWT96U,twse,6112,164079,,,
2026-08-22,TWT96U,tpex,_,,,,
2026-08-22,TWT96U,twse,6115,57241,,,
2026-08-22,TWT96U,tpex,_,,,,
2026-08-22,TWT96U,twse,6116,10495677,,,
2026-08-22,TWT96U,tpex,_,,,,
2026-08-22,TWT96U,twse,6117,71370,,,
2026-08-22,TWT96U,tpex,_,,,,
2026-08-22,TWT96U,twse,6120,825383,,,
2026-08-22,TWT96U,tpex,_,,,,
2026-08-22,TWT96U,twse,6128,22871,,,
2026-08-22,TWT96U,tpex,_,,,,
2026-08-22,TWT96U,twse,6133,224352,,,
2026-08-22,TWT96U,tpex,_,,,,
2026-08-22,TWT96U,twse,6136,49653,,,
2026-08-22,TWT96U,tpex,_,,,,
2026-08-22,TWT96U,twse,6139,1203592,,,
2026-08-22,TWT96U,tpex,_,,,,
2026-08-22,TWT96U,twse,6153,1135760,,,
2026-08-22,TWT96U,tpex,_,,,,
2026-08-22,TWT96U,twse,6155,800341,,,
2026-08-22,TWT96U,tpex,_,,,,
2026-08-22,TWT96U,twse,6164,222172,,,
2026-08-22,TWT96U,tpex,_,,,,
2026-08-22,TWT96U,twse,6165,246411,,,
2026-08-22,TWT96U,tpex,_,,,,
2026-08-22,TWT96U,twse,6166,1272775,,,
2026-08-22,TWT96U,tpex,_,,,,
2026-08-22,TWT96U,twse,6168,584417,,,
2026-08-22,TWT96U,tpex,_,,,,
2026-08-22,TWT96U,twse,6176,1649236,,,
2026-08-22,TWT96U,tpex,_,,,,
2026-08-22,TWT96U,twse,6177,569129,,,
2026-08-22,TWT96U,tpex,_,,,,
2026-08-22,TWT96U,twse,6183,11448,,,
2026-08-22,TWT96U,tpex,_,,,,
2026-08-22,TWT96U,twse,6184,16217,,,
2026-08-22,TWT96U,tpex,_,,,,
2026-08-22,TWT96U,twse,6189,151865,,,
2026-08-22,TWT96U,tpex,_,,,,
2026-08-22,TWT96U,twse,6191,1051147,,,
2026-08-22,TWT96U,tpex,_,,,,
2026-08-22,TWT96U,twse,6192,61181,,,
2026-08-22,TWT96U,tpex,_,,,,
2026-08-22,TWT96U,twse,6196,473627,,,
2026-08-22,TWT96U,tpex,_,,,,
2026-08-22,TWT96U,twse,6197,602334,,,
2026-08-22,TWT96U,tpex,_,,,,
2026-08-22,TWT96U,twse,6201,12137,,,
2026-08-22,TWT96U,tpex,_,,,,
2026-08-22,TWT96U,twse,6202,1263839,,,
2026-08-22,TWT96U,tpex,_,,,,
2026-08-22,TWT96U,twse,6205,156511,,,
2026-08-22,TWT96U,tpex,_,,,,
2026-08-22,TWT96U,twse,6206,908690,,,
2026-08-22,TWT96U,tpex,_,,,,
2026-08-22,TWT96U,twse,6209,1636881,,,
2026-08-22,TWT96U,tpex,_,,,,
2026-08-22,TWT96U,twse,6213,5425731,,,
2026-08-22,TWT96U,tpex,_,,,,
2026-08-22,TWT96U,twse,6214,991977,,,
2026-08-22,TWT96U,tpex,_,,,,
2026-08-22,TWT96U,twse,6215,365097,,,
2026-08-22,TWT96U,tpex,_,,,,
2026-08-22,TWT96U,twse,6216,43129,,,
2026-08-22,TWT96U,tpex,_,,,,
2026-08-22,TWT96U,twse,6224,208061,,,
2026-08-22,TWT96U,tpex,_,,,,
2026-08-22,TWT96U,twse,6226,4411435,,,
2026-08-22,TWT96U,tpex,_,,,,
2026-08-22,TWT96U,twse,6230,20383,,,
2026-08-22,TWT96U,tpex,_,,,,
2026-08-22,TWT96U,twse,6235,185544,,,
2026-08-22,TWT96U,tpex,_,,,,
2026-08-22,TWT96U,twse,6239,5696579,,,
2026-08-22,TWT96U,tpex,_,,,,
2026-08-22,TWT96U,twse,6243,1345611,,,
2026-08-22,TWT96U,tpex,_,,,,
2026-08-22,TWT96U,twse,6257,1726889,,,
2026-08-22,TWT96U,tpex,_,,,,
2026-08-22,TWT96U,twse,6269,1419116,,,
2026-08-22,TWT96U,tpex,_,,,,
2026-08-22,TWT96U,twse,6271,1874154,,,
2026-08-22,TWT96U,tpex,_,,,,
2026-08-22,TWT96U,twse,6272,64652,,,
2026-08-22,TWT96U,tpex,_,,,,
2026-08-22,TWT96U,twse,6277,261453,,,
2026-08-22,TWT96U,tpex,_,,,,
2026-08-22,TWT96U,twse,6278,1649372,,,
2026-08-22,TWT96U,tpex,_,,,,
2026-08-22,TWT96U,twse,6281,16335,,,
2026-08-22,TWT96U,tpex,_,,,,
2026-08-22,TWT96U,twse,6282,3969286,,,
2026-08-22,TWT96U,tpex,_,,,,
2026-08-22,TWT96U,twse,6283,41505,,,
2026-08-22,TWT96U,tpex,_,,,,
2026-08-22,TWT96U,twse,6285,2250731,,,
2026-08-22,TWT96U,tpex,_,,,,
2026-08-22,TWT96U,twse,6405,213346,,,
2026-08-22,TWT96U,tpex,_,,,,
2026-08-22,TWT96U,twse,6409,193318,,,
2026-08-22,TWT96U,tpex,_,,,,
2026-08-22,TWT96U,twse,6412,314662,,,
2026-08-22,TWT96U,tpex,_,,,,
2026-08-22,TWT96U,twse,6414,1100793,,,
2026-08-22,TWT96U,tpex,_,,,,
2026-08-22,TWT96U,twse,6415,1292796,,,
2026-08-22,TWT96U,tpex,_,,,,
2026-08-22,TWT96U,twse,6416,297060,,,
2026-08-22,TWT96U,tpex,_,,,,
2026-08-22,TWT96U,twse,6426,376077,,,
2026-08-22,TWT96U,tpex,_,,,,
2026-08-22,TWT96U,twse,6438,112122,,,
2026-08-22,TWT96U,tpex,_,,,,
2026-08-22,TWT96U,twse,6442,777379,,,
2026-08-22,TWT96U,tpex,_,,,,
2026-08-22,TWT96U,twse,6443,1614930,,,
2026-08-22,TWT96U,tpex,_,,,,
2026-08-22,TWT96U,twse,6446,1036620,,,
2026-08-22,TWT96U,tpex,_,,,,
2026-08-22,TWT96U,twse,6449,384097,,,
2026-08-22,TWT96U,tpex,_,,,,
2026-08-22,TWT96U,twse,6451,1111273,,,
2026-08-22,TWT96U,tpex,_,,,,
2026-08-22,TWT96U,twse,6456,1121270,,,
2026-08-22,TWT96U,tpex,_,,,,
2026-08-22,TWT96U,twse,6464,45951,,,
2026-08-22,TWT96U,tpex,_,,,,
2026-08-22,TWT96U,twse,6472,283901,,,
2026-08-22,TWT96U,tpex,_,,,,
2026-08-22,TWT96U,twse,6477,1609306,,,
2026-08-22,TWT96U,tpex,_,,,,
2026-08-22,TWT96U,twse,6491,159588,,,
2026-08-22,TWT96U,tpex,_,,,,
2026-08-22,TWT96U,twse,6504,21319,,,
2026-08-22,TWT96U,tpex,_,,,,
2026-08-22,TWT96U,twse,6505,14589513,,,
2026-08-22,TWT96U,tpex,_,,,,
2026-08-22,TWT96U,twse,6515,121798,,,
2026-08-22,TWT96U,tpex,_,,,,
2026-08-22,TWT96U,twse,6525,911475,,,
2026-08-22,TWT96U,tpex,_,,,,
2026-08-22,TWT96U,twse,6526,161281,,,
2026-08-22,TWT96U,tpex,_,,,,
2026-08-22,TWT96U,twse,6531,934213,,,
2026-08-22,TWT96U,tpex,_,,,,
2026-08-22,TWT96U,twse,6533,516456,,,
2026-08-22,TWT96U,tpex,_,,,,
2026-08-22,TWT96U,twse,6534,33250,,,
2026-08-22,TWT96U,tpex,_,,,,
2026-08-22,TWT96U,twse,6541,103410,,,
2026-08-22,TWT96U,tpex,_,,,,
2026-08-22,TWT96U,twse,6552,43779,,,
2026-08-22,TWT96U,tpex,_,,,,
2026-08-22,TWT96U,twse,6558,83788,,,
2026-08-22,TWT96U,tpex,_,,,,
2026-08-22,TWT96U,twse,6579,315046,,,
2026-08-22,TWT96U,tpex,_,,,,
2026-08-22,TWT96U,twse,6581,7316,,,
2026-08-22,TWT96U,tpex,_,,,,
2026-08-22,TWT96U,twse,6582,15593,,,
2026-08-22,TWT96U,tpex,_,,,,
2026-08-22,TWT96U,twse,6585,114451,,,
2026-08-22,TWT96U,tpex,_,,,,
2026-08-22,TWT96U,twse,6589,229024,,,
2026-08-22,TWT96U,tpex,_,,,,
2026-08-22,TWT96U,twse,6591,49026,,,
2026-08-22,TWT96U,tpex,_,,,,
2026-08-22,TWT96U,twse,6592,157411,,,
2026-08-22,TWT96U,tpex,_,,,,
2026-08-22,TWT96U,twse,6605,141114,,,
2026-08-22,TWT96U,tpex,_,,,,
2026-08-22,TWT96U,twse,6606,48290,,,
2026-08-22,TWT96U,tpex,_,,,,
2026-08-22,TWT96U,twse,6614,17619,,,
2026-08-22,TWT96U,tpex,_,,,,
2026-08-22,TWT96U,twse,6625,41419,,,
2026-08-22,TWT96U,tpex,_,,,,
2026-08-22,TWT96U,twse,6641,16105,,,
2026-08-22,TWT96U,tpex,_,,,,
2026-08-22,TWT96U,twse,6655,2306,,,
2026-08-22,TWT96U,tpex,_,,,,
2026-08-22,TWT96U,twse,6657,40061,,,
2026-08-22,TWT96U,tpex,_,,,,
2026-08-22,TWT96U,twse,6658,135069,,,
2026-08-22,TWT96U,tpex,_,,,,
2026-08-22,TWT96U,twse,6666,12953,,,
2026-08-22,TWT96U,tpex,_,,,,
2026-08-22,TWT96U,twse,6668,230759,,,
2026-08-22,TWT96U,tpex,_,,,,
2026-08-22,TWT96U,twse,6669,534218,,,
2026-08-22,TWT96U,tpex,_,,,,
2026-08-22,TWT96U,twse,6670,95599,,,
2026-08-22,TWT96U,tpex,_,,,,
2026-08-22,TWT96U,twse,6671,15677,,,
2026-08-22,TWT96U,tpex,_,,,,
2026-08-22,TWT96U,twse,6672,1222914,,,
2026-08-22,TWT96U,tpex,_,,,,
2026-08-22,TWT96U,twse,6674,11567,,,
2026-08-22,TWT96U,tpex,_,,,,
2026-08-22,TWT96U,twse,6689,38802,,,
2026-08-22,TWT96U,tpex,_,,,,
2026-08-22,TWT96U,twse,6691,223446,,,
2026-08-22,TWT96U,tpex,_,,,,
2026-08-22,TWT96U,twse,6695,253993,,,
2026-08-22,TWT96U,tpex,_,,,,
2026-08-22,TWT96U,twse,6698,66354,,,
2026-08-22,TWT96U,tpex,_,,,,
2026-08-22,TWT96U,twse,6706,515021,,,
2026-08-22,TWT96U,tpex,_,,,,
2026-08-22,TWT96U,twse,6715,277771,,,
2026-08-22,TWT96U,tpex,_,,,,
2026-08-22,TWT96U,twse,6719,457409,,,
2026-08-22,TWT96U,tpex,_,,,,
2026-08-22,TWT96U,twse,6722,11060,,,
2026-08-22,TWT96U,tpex,_,,,,
2026-08-22,TWT96U,twse,6742,161376,,,
2026-08-22,TWT96U,tpex,_,,,,
2026-08-22,TWT96U,twse,6743,89239,,,
2026-08-22,TWT96U,tpex,_,,,,
2026-08-22,TWT96U,twse,6753,986615,,,
2026-08-22,TWT96U,tpex,_,,,,
2026-08-22,TWT96U,twse,6754,4483,,,
2026-08-22,TWT96U,tpex,_,,,,
2026-08-22,TWT96U,twse,6756,48424,,,
2026-08-22,TWT96U,tpex,_,,,,
2026-08-22,TWT96U,twse,6757,453363,,,
2026-08-22,TWT96U,tpex,_,,,,
2026-08-22,TWT96U,twse,6768,170006,,,
2026-08-22,TWT96U,tpex,_,,,,
2026-08-22,TWT96U,twse,6770,65621160,,,
2026-08-22,TWT96U,tpex,_,,,,
2026-08-22,TWT96U,twse,6771,11169,,,
2026-08-22,TWT96U,tpex,_,,,,
2026-08-22,TWT96U,twse,6776,52999,,,
2026-08-22,TWT96U,tpex,_,,,,
2026-08-22,TWT96U,twse,6781,245347,,,
2026-08-22,TWT96U,tpex,_,,,,
2026-08-22,TWT96U,twse,6782,93691,,,
2026-08-22,TWT96U,tpex,_,,,,
2026-08-22,TWT96U,twse,6789,534037,,,
2026-08-22,TWT96U,tpex,_,,,,
2026-08-22,TWT96U,twse,6790,56070,,,
2026-08-22,TWT96U,tpex,_,,,,
2026-08-22,TWT96U,twse,6792,18704,,,
2026-08-22,TWT96U,tpex,_,,,,
2026-08-22,TWT96U,twse,6794,12756,,,
2026-08-22,TWT96U,tpex,_,,,,
2026-08-22,TWT96U,twse,6796,16792,,,
2026-08-22,TWT96U,tpex,_,,,,
2026-08-22,TWT96U,twse,6799,122519,,,
2026-08-22,TWT96U,tpex,_,,,,
2026-08-22,TWT96U,twse,6805,471181,,,
2026-08-22,TWT96U,tpex,_,,,,
2026-08-22,TWT96U,twse,6807,2908,,,
2026-08-22,TWT96U,tpex,_,,,,
2026-08-22,TWT96U,twse,6830,556720,,,
2026-08-22,TWT96U,tpex,_,,,,
2026-08-22,TWT96U,twse,6831,276307,,,
2026-08-22,TWT96U,tpex,_,,,,
2026-08-22,TWT96U,twse,6834,1453951,,,
2026-08-22,TWT96U,tpex,_,,,,
2026-08-22,TWT96U,twse,6835,15764,,,
2026-08-22,TWT96U,tpex,_,,,,
2026-08-22,TWT96U,twse,6854,92920,,,
2026-08-22,TWT96U,tpex,_,,,,
2026-08-22,TWT96U,twse,6861,142889,,,
2026-08-22,TWT96U,tpex,_,,,,
2026-08-22,TWT96U,twse,6862,82603,,,
2026-08-22,TWT96U,tpex,_,,,,
2026-08-22,TWT96U,twse,6863,118637,,,
2026-08-22,TWT96U,tpex,_,,,,
2026-08-22,TWT96U,twse,6869,171200,,,
2026-08-22,TWT96U,tpex,_,,,,
2026-08-22,TWT96U,twse,6873,143267,,,
2026-08-22,TWT96U,tpex,_,,,,
2026-08-22,TWT96U,twse,6885,69099,,,
2026-08-22,TWT96U,tpex,_,,,,
2026-08-22,TWT96U,twse,6887,25987,,,
2026-08-22,TWT96U,tpex,_,,,,
2026-08-22,TWT96U,twse,6890,102219,,,
2026-08-22,TWT96U,tpex,_,,,,
2026-08-22,TWT96U,twse,6901,879927,,,
2026-08-22,TWT96U,tpex,_,,,,
2026-08-22,TWT96U,twse,6902,31571,,,
2026-08-22,TWT96U,tpex,_,,,,
2026-08-22,TWT96U,twse,6906,20409,,,
2026-08-22,TWT96U,tpex,_,,,,
2026-08-22,TWT96U,twse,6909,107104,,,
2026-08-22,TWT96U,tpex,_,,,,
2026-08-22,TWT96U,twse,6914,24466,,,
2026-08-22,TWT96U,tpex,_,,,,
2026-08-22,TWT96U,twse,6916,13742,,,
2026-08-22,TWT96U,tpex,_,,,,
2026-08-22,TWT96U,twse,6918,9925,,,
2026-08-22,TWT96U,tpex,_,,,,
2026-08-22,TWT96U,twse,6919,1703678,,,
2026-08-22,TWT96U,tpex,_,,,,
2026-08-22,TWT96U,twse,6923,32063,,,
2026-08-22,TWT96U,tpex,_,,,,
2026-08-22,TWT96U,twse,6928,107623,,,
2026-08-22,TWT96U,tpex,_,,,,
2026-08-22,TWT96U,twse,6931,26806,,,
2026-08-22,TWT96U,tpex,_,,,,
2026-08-22,TWT96U,twse,6933,176799,,,
2026-08-22,TWT96U,tpex,_,,,,
2026-08-22,TWT96U,twse,6934,10403,,,
2026-08-22,TWT96U,tpex,_,,,,
2026-08-22,TWT96U,twse,6936,10735,,,
2026-08-22,TWT96U,tpex,_,,,,
2026-08-22,TWT96U,twse,6937,150975,,,
2026-08-22,TWT96U,tpex,_,,,,
2026-08-22,TWT96U,twse,6944,177047,,,
2026-08-22,TWT96U,tpex,_,,,,
2026-08-22,TWT96U,twse,6951,9850,,,
2026-08-22,TWT96U,tpex,_,,,,
2026-08-22,TWT96U,twse,6952,8400,,,
2026-08-22,TWT96U,tpex,_,,,,
2026-08-22,TWT96U,twse,6957,59013,,,
2026-08-22,TWT96U,tpex,_,,,,
2026-08-22,TWT96U,twse,6958,20370,,,
2026-08-22,TWT96U,tpex,_,,,,
2026-08-22,TWT96U,twse,6962,641721,,,
2026-08-22,TWT96U,tpex,_,,,,
2026-08-22,TWT96U,twse,6965,9988,,,
2026-08-22,TWT96U,tpex,_,,,,
2026-08-22,TWT96U,twse,6994,148018,,,
2026-08-22,TWT96U,tpex,_,,,,
2026-08-22,TWT96U,twse,7610,173400,,,
2026-08-22,TWT96U,tpex,_,,,,
2026-08-22,TWT96U,twse,7631,26316,,,
2026-08-22,TWT96U,tpex,_,,,,
2026-08-22,TWT96U,twse,7705,11609,,,
2026-08-22,TWT96U,tpex,_,,,,
2026-08-22,TWT96U,twse,7711,203557,,,
2026-08-22,TWT96U,tpex,_,,,,
2026-08-22,TWT96U,twse,7721,31288,,,
2026-08-22,TWT96U,tpex,_,,,,
2026-08-22,TWT96U,twse,7722,34539,,,
2026-08-22,TWT96U,tpex,_,,,,
2026-08-22,TWT96U,twse,7730,26871,,,
2026-08-22,TWT96U,tpex,_,,,,
2026-08-22,TWT96U,twse,7732,10521,,,
2026-08-22,TWT96U,tpex,_,,,,
2026-08-22,TWT96U,twse,7736,11331,,,
2026-08-22,TWT96U,tpex,_,,,,
2026-08-22,TWT96U,twse,7740,75233,,,
2026-08-22,TWT96U,tpex,_,,,,
2026-08-22,TWT96U,twse,7749,44515,,,
2026-08-22,TWT96U,tpex,_,,,,
2026-08-22,TWT96U,twse,7750,103565,,,
2026-08-22,TWT96U,tpex,_,,,,
2026-08-22,TWT96U,twse,7765,14433,,,
2026-08-22,TWT96U,tpex,_,,,,
2026-08-22,TWT96U,twse,7769,203300,,,
2026-08-22,TWT96U,tpex,_,,,,
2026-08-22,TWT96U,twse,7780,275613,,,
2026-08-22,TWT96U,tpex,_,,,,
2026-08-22,TWT96U,twse,7786,60961,,,
2026-08-22,TWT96U,tpex,_,,,,
2026-08-22,TWT96U,twse,7788,561273,,,
2026-08-22,TWT96U,tpex,_,,,,
2026-08-22,TWT96U,twse,7791,18365,,,
2026-08-22,TWT96U,tpex,_,,,,
2026-08-22,TWT96U,twse,7795,338363,,,
2026-08-22,TWT96U,tpex,_,,,,
2026-08-22,TWT96U,twse,7799,160097,,,
2026-08-22,TWT96U,tpex,_,,,,
2026-08-22,TWT96U,twse,7822,57104,,,
2026-08-22,TWT96U,tpex,_,,,,
2026-08-22,TWT96U,twse,7823,8158,,,
2026-08-22,TWT96U,tpex,_,,,,
2026-08-22,TWT96U,twse,8011,203807,,,
2026-08-22,TWT96U,tpex,_,,,,
2026-08-22,TWT96U,twse,8016,431675,,,
2026-08-22,TWT96U,tpex,_,,,,
2026-08-22,TWT96U,twse,8021,1337718,,,
2026-08-22,TWT96U,tpex,_,,,,
2026-08-22,TWT96U,twse,8028,1369010,,,
2026-08-22,TWT96U,tpex,_,,,,
2026-08-22,TWT96U,twse,8033,2398924,,,
2026-08-22,TWT96U,tpex,_,,,,
2026-08-22,TWT96U,twse,8039,9776735,,,
2026-08-22,TWT96U,tpex,_,,,,
2026-08-22,TWT96U,twse,8045,84788,,,
2026-08-22,TWT96U,tpex,_,,,,
2026-08-22,TWT96U,twse,8046,4217899,,,
2026-08-22,TWT96U,tpex,_,,,,
2026-08-22,TWT96U,twse,8070,1284554,,,
2026-08-22,TWT96U,tpex,_,,,,
2026-08-22,TWT96U,twse,8072,47358,,,
2026-08-22,TWT96U,tpex,_,,,,
2026-08-22,TWT96U,twse,8081,344678,,,
2026-08-22,TWT96U,tpex,_,,,,
2026-08-22,TWT96U,twse,8103,406345,,,
2026-08-22,TWT96U,tpex,_,,,,
2026-08-22,TWT96U,twse,8104,160379,,,
2026-08-22,TWT96U,tpex,_,,,,
2026-08-22,TWT96U,twse,8110,1803555,,,
2026-08-22,TWT96U,tpex,_,,,,
2026-08-22,TWT96U,twse,8112,5420628,,,
2026-08-22,TWT96U,tpex,_,,,,
2026-08-22,TWT96U,twse,8114,370935,,,
2026-08-22,TWT96U,tpex,_,,,,
2026-08-22,TWT96U,twse,8131,1770318,,,
2026-08-22,TWT96U,tpex,_,,,,
2026-08-22,TWT96U,twse,8150,16094169,,,
2026-08-22,TWT96U,tpex,_,,,,
2026-08-22,TWT96U,twse,8162,78236,,,
2026-08-22,TWT96U,tpex,_,,,,
2026-08-22,TWT96U,twse,8163,325679,,,
2026-08-22,TWT96U,tpex,_,,,,
2026-08-22,TWT96U,twse,8210,424642,,,
2026-08-22,TWT96U,tpex,_,,,,
2026-08-22,TWT96U,twse,8213,188110,,,
2026-08-22,TWT96U,tpex,_,,,,
2026-08-22,TWT96U,twse,8215,216877,,,
2026-08-22,TWT96U,tpex,_,,,,
2026-08-22,TWT96U,twse,8222,492403,,,
2026-08-22,TWT96U,tpex,_,,,,
2026-08-22,TWT96U,twse,8249,84158,,,
2026-08-22,TWT96U,tpex,_,,,,
2026-08-22,TWT96U,twse,8261,1958568,,,
2026-08-22,TWT96U,tpex,_,,,,
2026-08-22,TWT96U,twse,8271,2104243,,,
2026-08-22,TWT96U,tpex,_,,,,
2026-08-22,TWT96U,twse,8341,59950,,,
2026-08-22,TWT96U,tpex,_,,,,
2026-08-22,TWT96U,twse,8367,8152,,,
2026-08-22,TWT96U,tpex,_,,,,
2026-08-22,TWT96U,twse,8374,155872,,,
2026-08-22,TWT96U,tpex,_,,,,
2026-08-22,TWT96U,twse,8404,78602,,,
2026-08-22,TWT96U,tpex,_,,,,
2026-08-22,TWT96U,twse,8411,36316,,,
2026-08-22,TWT96U,tpex,_,,,,
2026-08-22,TWT96U,twse,8422,1952536,,,
2026-08-22,TWT96U,tpex,_,,,,
2026-08-22,TWT96U,twse,8429,58781,,,
2026-08-22,TWT96U,tpex,_,,,,
2026-08-22,TWT96U,twse,8438,161552,,,
2026-08-22,TWT96U,tpex,_,,,,
2026-08-22,TWT96U,twse,8442,22814,,,
2026-08-22,TWT96U,tpex,_,,,,
2026-08-22,TWT96U,twse,8443,22212,,,
2026-08-22,TWT96U,tpex,_,,,,
2026-08-22,TWT96U,twse,8454,256312,,,
2026-08-22,TWT96U,tpex,_,,,,
2026-08-22,TWT96U,twse,8462,67967,,,
2026-08-22,TWT96U,tpex,_,,,,
2026-08-22,TWT96U,twse,8463,20403,,,
2026-08-22,TWT96U,tpex,_,,,,
2026-08-22,TWT96U,twse,8464,172394,,,
2026-08-22,TWT96U,tpex,_,,,,
2026-08-22,TWT96U,twse,8466,12527,,,
2026-08-22,TWT96U,tpex,_,,,,
2026-08-22,TWT96U,twse,8467,6634,,,
2026-08-22,TWT96U,tpex,_,,,,
2026-08-22,TWT96U,twse,8473,206970,,,
2026-08-22,TWT96U,tpex,_,,,,
2026-08-22,TWT96U,twse,8476,230529,,,
2026-08-22,TWT96U,tpex,_,,,,
2026-08-22,TWT96U,twse,8478,50203,,,
2026-08-22,TWT96U,tpex,_,,,,
2026-08-22,TWT96U,twse,8481,8121,,,
2026-08-22,TWT96U,tpex,_,,,,
2026-08-22,TWT96U,twse,8482,1976,,,
2026-08-22,TWT96U,tpex,_,,,,
2026-08-22,TWT96U,twse,8487,8859,,,
2026-08-22,TWT96U,tpex,_,,,,
2026-08-22,TWT96U,twse,8488,19745,,,
2026-08-22,TWT96U,tpex,_,,,,
2026-08-22,TWT96U,twse,8499,15083,,,
2026-08-22,TWT96U,tpex,_,,,,
2026-08-22,TWT96U,twse,8926,1521597,,,
2026-08-22,TWT96U,tpex,_,,,,
2026-08-22,TWT96U,twse,8940,16464,,,
2026-08-22,TWT96U,tpex,_,,,,
2026-08-22,TWT96U,twse,8996,840053,,,
2026-08-22,TWT96U,tpex,_,,,,
2026-08-22,TWT96U,twse,9103,490207,,,
2026-08-22,TWT96U,tpex,_,,,,
2026-08-22,TWT96U,twse,9105,6551493,,,
2026-08-22,TWT96U,tpex,_,,,,
2026-08-22,TWT96U,twse,911868,88569,,,
2026-08-22,TWT96U,tpex,_,,,,
2026-08-22,TWT96U,twse,912000,164978,,,
2026-08-22,TWT96U,tpex,_,,,,
2026-08-22,TWT96U,twse,9136,146956,,,
2026-08-22,TWT96U,tpex,_,,,,
2026-08-22,TWT96U,twse,9802,226514,,,
2026-08-22,TWT96U,tpex,_,,,,
2026-08-22,TWT96U,twse,9902,37280,,,
2026-08-22,TWT96U,tpex,_,,,,
2026-08-22,TWT96U,twse,9904,6390095,,,
2026-08-22,TWT96U,tpex,_,,,,
2026-08-22,TWT96U,twse,9905,53206,,,
2026-08-22,TWT96U,tpex,_,,,,
2026-08-22,TWT96U,twse,9906,20773,,,
2026-08-22,TWT96U,tpex,_,,,,
2026-08-22,TWT96U,twse,9907,1053341,,,
2026-08-22,TWT96U,tpex,_,,,,
2026-08-22,TWT96U,twse,9908,62898,,,
2026-08-22,TWT96U,tpex,_,,,,
2026-08-22,TWT96U,twse,9910,466445,,,
2026-08-22,TWT96U,tpex,_,,,,
2026-08-22,TWT96U,twse,9911,90899,,,
2026-08-22,TWT96U,tpex,_,,,,
2026-08-22,TWT96U,twse,9914,1590874,,,
2026-08-22,TWT96U,tpex,_,,,,
2026-08-22,TWT96U,twse,9917,157044,,,
2026-08-22,TWT96U,tpex,_,,,,
2026-08-22,TWT96U,twse,9918,10946,,,
2026-08-22,TWT96U,tpex,_,,,,
2026-08-22,TWT96U,twse,9919,218907,,,
2026-08-22,TWT96U,tpex,_,,,,
2026-08-22,TWT96U,twse,9921,1333890,,,
2026-08-22,TWT96U,tpex,_,,,,
2026-08-22,TWT96U,twse,9924,66370,,,
2026-08-22,TWT96U,tpex,_,,,,
2026-08-22,TWT96U,twse,9925,185721,,,
2026-08-22,TWT96U,tpex,_,,,,
2026-08-22,TWT96U,twse,9926,7615,,,
2026-08-22,TWT96U,tpex,_,,,,
2026-08-22,TWT96U,twse,9927,31379,,,
2026-08-22,TWT96U,tpex,_,,,,
2026-08-22,TWT96U,twse,9928,14658,,,
2026-08-22,TWT96U,tpex,_,,,,
2026-08-22,TWT96U,twse,9930,45148,,,
2026-08-22,TWT96U,tpex,_,,,,
2026-08-22,TWT96U,twse,9931,15545,,,
2026-08-22,TWT96U,tpex,_,,,,
2026-08-22,TWT96U,twse,9933,797517,,,
2026-08-22,TWT96U,tpex,_,,,,
2026-08-22,TWT96U,twse,9934,512508,,,
2026-08-22,TWT96U,tpex,_,,,,
2026-08-22,TWT96U,twse,9935,113952,,,
2026-08-22,TWT96U,tpex,_,,,,
2026-08-22,TWT96U,twse,9937,13031,,,
2026-08-22,TWT96U,tpex,_,,,,
2026-08-22,TWT96U,twse,9938,507621,,,
2026-08-22,TWT96U,tpex,_,,,,
2026-08-22,TWT96U,twse,9939,569277,,,
2026-08-22,TWT96U,tpex,_,,,,
2026-08-22,TWT96U,twse,9940,157796,,,
2026-08-22,TWT96U,tpex,_,,,,
2026-08-22,TWT96U,twse,9941,311508,,,
2026-08-22,TWT96U,tpex,_,,,,
2026-08-22,TWT96U,twse,9942,43407,,,
2026-08-22,TWT96U,tpex,_,,,,
2026-08-22,TWT96U,twse,9943,30517,,,
2026-08-22,TWT96U,tpex,_,,,,
2026-08-22,TWT96U,twse,9944,13776,,,
2026-08-22,TWT96U,tpex,_,,,,
2026-08-22,TWT96U,twse,9945,2373867,,,
2026-08-22,TWT96U,tpex,_,,,,
2026-08-22,TWT96U,twse,9946,104121,,,
2026-08-22,TWT96U,tpex,_,,,,
2026-08-22,TWT96U,twse,9955,88972,,,
2026-08-22,TWT96U,tpex,_,,,,
2026-08-22,TWT96U,twse,9958,567094,,,
2026-08-22,TWT96U,tpex,_,,,,
