date,cb_id,cb_name,transaction_type,close,change,open,max,min,no_of_transactions,unit,trading_value,avg_price,next_ref_price,next_max_limit,next_min_limit
2015-12-31,36111,鼎翰一,等價,101.55,1.35,100.5,102.4,100.5,608,3692,374120400,101.25,101.55,111.7,91.4
2016-01-04,36111,鼎翰一,等價,101.7,0.15,101.6,103.0,101.0,133,932,95041300,101.81,101.7,111.85,91.55
2016-01-05,36111,鼎翰一,等價,101.4,-0.3,101.7,101.8,101.1,41,375,38124250,101.66,101.4,111.5,91.3
2016-01-06,36111,鼎翰一,等價,101.1,-0.3,101.5,101.5,101.0,39,495,50127000,101.26,101.1,111.2,91.0
2016-01-07,36111,鼎翰一,等價,100.2,-0.9,101.0,101.0,99.9,50,569,56966700,100.11,100.2,110.2,90.2
2016-01-08,36111,鼎翰一,等價,100.2,0.0,100.1,100.3,100.0,35,320,32048950,100.15,100.2,110.2,90.2
2016-01-11,36111,鼎翰一,等價,99.8,-0.4,100.2,100.2,99.8,11,45,4496200,99.91,99.8,109.75,89.85
2016-01-12,36111,鼎翰一,等價,99.0,-0.8,99.55,99.55,99.0,7,36,3565350,99.03,99.0,108.9,89.1
2016-01-13,36111,鼎翰一,等價,99.0,0.0,98.9,99.1,98.55,21,86,8500100,98.83,99.0,108.9,89.1
2016-01-14,36111,鼎翰一,等價,0.0,0.0,0.0,0.0,0.0,0,0,0,98.83,99.0,108.9,89.1
2016-01-15,36111,鼎翰一,等價,99.2,0.2,100.0,100.0,99.2,3,11,1099200,99.92,99.2,109.1,89.3
2016-01-18,36111,鼎翰一,等價,99.2,0.0,99.2,99.2,99.2,2,6,595200,99.2,99.2,109.1,89.3
2016-01-19,36111,鼎翰一,等價,100.0,0.8,99.9,100.0,99.9,6,20,1999900,99.99,100.0,110.0,90.0
2016-01-20,36111,鼎翰一,等價,0.0,0.0,0.0,0.0,0.0,0,0,0,99.99,100.0,110.0,90.0
2016-01-21,36111,鼎翰一,等價,100.0,0.0,99.9,100.0,99.8,9,43,4299100,99.97,100.0,110.0,90.0
2016-01-22,36111,鼎翰一,等價,99.8,-0.2,99.8,99.8,99.8,2,5,499000,99.8,99.8,109.75,89.85
2016-01-25,36111,鼎翰一,等價,100.0,0.2,100.0,100.0,100.0,9,60,6000000,100.0,100.0,110.0,90.0
2016-01-26,36111,鼎翰一,等價,100.0,0.0,100.0,100.0,100.0,3,12,1200000,100.0,100.0,110.0,90.0
2016-01-27,36111,鼎翰一,等價,100.0,0.0,100.0,100.0,100.0,9,40,4000000,100.0,100.0,110.0,90.0
2016-01-28,36111,鼎翰一,等價,100.0,0.0,100.0,100.0,100.0,5,26,2600000,100.0,100.0,110.0,90.0
2016-01-29,36111,鼎翰一,等價,101.0,1.0,100.2,101.0,100.2,19,98,9864350,100.65,101.0,111.1,90.9
2016-02-01,36111,鼎翰一,等價,101.1,0.1,100.5,101.1,100.25,8,22,2216450,100.74,101.1,111.2,91.0
2016-02-02,36111,鼎翰一,等價,101.0,-0.1,100.9,101.0,100.9,2,6,605700,100.95,101.0,111.1,90.9
2016-02-03,36111,鼎翰一,等價,0.0,0.0,0.0,0.0,0.0,0,0,0,100.95,100.95,111.0,90.9
2016-02-04,36111,鼎翰一,等價,0.0,0.0,0.0,0.0,0.0,0,0,0,100.95,100.95,111.0,90.9
2016-02-05,36111,鼎翰一,等價,0.0,0.0,0.0,0.0,0.0,0,0,0,100.95,100.95,111.0,90.9
2016-02-15,36111,鼎翰一,等價,100.0,-0.95,100.0,100.0,100.0,1,1,100000,100.0,100.0,110.0,90.0
2016-02-16,36111,鼎翰一,等價,99.9,-0.1,100.0,100.0,99.8,26,92,9197200,99.96,99.9,109.85,89.95
2016-02-17,36111,鼎翰一,等價,100.0,0.1,99.9,100.0,99.9,27,292,29175800,99.91,100.0,110.0,90.0
2016-02-18,36111,鼎翰一,等價,100.2,0.2,100.0,100.2,100.0,14,261,26144650,100.17,100.2,110.2,90.2
2016-02-19,36111,鼎翰一,等價,100.4,0.2,100.2,100.4,100.2,3,23,2305200,100.22,100.4,110.4,90.4
2016-02-22,36111,鼎翰一,等價,101.0,0.6,101.0,101.5,100.9,31,237,23949100,101.05,101.0,111.1,90.9
2016-02-23,36111,鼎翰一,等價,101.25,0.25,101.2,101.35,101.0,47,364,36847350,101.22,101.25,111.35,91.15
2016-02-24,36111,鼎翰一,等價,102.0,0.75,101.2,102.3,101.2,30,149,15186500,101.92,102.0,112.2,91.8
2016-02-25,36111,鼎翰一,等價,101.7,-0.3,102.1,102.1,101.7,12,66,6724700,101.88,101.7,111.85,91.55
2016-02-26,36111,鼎翰一,等價,101.5,-0.2,102.0,102.1,101.5,28,138,14045850,101.78,101.5,111.65,91.35
2016-03-01,36111,鼎翰一,等價,102.5,1.0,102.0,102.5,102.0,35,114,11665800,102.33,102.5,112.75,92.25
2016-03-02,36111,鼎翰一,等價,102.5,0.0,102.6,102.6,102.25,27,79,8089550,102.39,102.5,112.75,92.25
2016-03-03,36111,鼎翰一,等價,102.0,-0.5,102.4,102.4,102.0,9,14,1429900,102.13,102.0,112.2,91.8
2016-03-04,36111,鼎翰一,等價,0.0,0.0,0.0,0.0,0.0,0,0,0,102.13,102.0,112.2,91.8
2016-03-07,36111,鼎翰一,等價,100.1,-1.9,101.8,101.8,100.0,23,156,15777400,101.13,100.1,110.1,90.1
2016-03-08,36111,鼎翰一,等價,100.4,0.3,100.4,100.5,100.1,13,64,6420000,100.31,100.4,110.4,90.4
2016-03-09,36111,鼎翰一,等價,100.2,-0.2,100.2,100.2,100.2,1,1,100200,100.2,100.2,110.2,90.2
2016-03-10,36111,鼎翰一,等價,100.45,0.25,100.6,100.6,100.2,24,417,41882350,100.43,100.45,110.45,90.45
2016-03-11,36111,鼎翰一,等價,100.8,0.35,100.45,100.8,100.0,35,207,20742850,100.2,100.8,110.85,90.75
2016-03-14,36111,鼎翰一,等價,101.1,0.3,101.0,101.1,101.0,6,45,4546000,101.02,101.1,111.2,91.0
2016-03-15,36111,鼎翰一,等價,101.0,-0.1,101.1,101.1,101.0,8,34,3435000,101.02,101.0,111.1,90.9
2016-03-16,36111,鼎翰一,等價,101.7,0.7,101.5,102.5,101.4,42,383,39042850,101.93,101.7,111.85,91.55
2016-03-17,36111,鼎翰一,等價,101.5,-0.2,101.8,101.9,101.5,12,79,8038250,101.75,101.5,111.65,91.35
2016-03-18,36111,鼎翰一,等價,101.4,-0.1,101.5,101.75,101.3,11,66,6699300,101.5,101.4,111.5,91.3
2016-03-21,36111,鼎翰一,等價,101.3,-0.1,101.4,101.4,101.3,3,310,31404000,101.3,101.3,111.4,91.2
2016-03-22,36111,鼎翰一,等價,101.0,-0.3,101.1,101.1,100.0,16,110,11043500,100.39,101.0,111.1,90.9
2016-03-23,36111,鼎翰一,等價,100.1,-0.9,100.2,100.35,100.0,30,278,27838550,100.13,100.1,110.1,90.1
2016-03-24,36111,鼎翰一,等價,100.1,0.0,100.0,100.1,100.0,5,60,6005000,100.08,100.1,110.1,90.1
2016-03-25,36111,鼎翰一,等價,100.1,0.0,100.1,100.1,100.1,1,10,1001000,100.1,100.1,110.1,90.1
2016-03-28,36111,鼎翰一,等價,100.0,-0.1,100.0,100.0,100.0,7,17,1700000,100.0,100.0,110.0,90.0
2016-03-29,36111,鼎翰一,等價,99.9,-0.1,99.9,99.9,99.9,1,300,29970000,99.9,99.9,109.85,89.95
2016-03-30,36111,鼎翰一,等價,99.75,-0.15,100.0,100.0,99.75,3,40,3995000,99.87,99.75,109.7,89.8
2016-03-31,36111,鼎翰一,等價,0.0,0.0,0.0,0.0,0.0,0,0,0,99.87,99.75,109.7,89.8
2016-04-01,36111,鼎翰一,等價,100.5,0.75,100.0,100.5,100.0,2,7,702500,100.35,100.5,110.55,90.45
2016-04-06,36111,鼎翰一,等價,100.4,-0.1,100.5,100.5,100.4,11,100,10043000,100.43,100.4,110.4,90.4
2016-04-07,36111,鼎翰一,等價,100.5,0.1,100.5,100.5,100.5,1,10,1005000,100.5,100.5,110.55,90.45
2016-04-08,36111,鼎翰一,等價,100.55,0.05,100.55,100.55,100.55,1,300,30165000,100.55,100.55,110.6,90.5
2016-04-11,36111,鼎翰一,等價,102.0,1.45,101.0,102.2,101.0,25,151,15328500,101.51,102.0,112.2,91.8
2016-04-12,36111,鼎翰一,等價,101.65,-0.35,102.0,102.6,101.65,16,148,15111800,102.1,101.65,111.8,91.5
2016-04-13,36111,鼎翰一,等價,102.9,1.25,102.0,102.9,102.0,18,80,8202750,102.53,102.9,113.15,92.65
2016-04-14,36111,鼎翰一,等價,104.85,1.95,103.1,105.0,103.1,47,210,21812300,103.86,104.85,115.3,94.4
2016-04-15,36111,鼎翰一,等價,105.95,1.1,104.9,106.3,104.9,70,265,28069850,105.92,105.95,116.5,95.4
2016-04-18,36111,鼎翰一,等價,105.0,-0.95,105.0,105.05,104.8,8,326,34170150,104.81,105.0,115.5,94.5
2016-04-19,36111,鼎翰一,等價,105.45,0.45,105.4,105.55,105.4,16,56,5907750,105.49,105.45,115.95,94.95
2016-04-20,36111,鼎翰一,等價,104.0,-1.45,104.1,104.1,104.0,4,20,2081000,104.05,104.0,114.4,93.6
2016-04-21,36111,鼎翰一,等價,104.0,0.0,104.0,104.0,104.0,1,5,520000,104.0,104.0,114.4,93.6
2016-04-22,36111,鼎翰一,等價,104.0,0.0,104.0,104.2,104.0,8,49,5099750,104.07,104.0,114.4,93.6
2016-04-25,36111,鼎翰一,等價,104.35,0.35,104.35,104.35,104.35,1,10,1043500,104.35,104.35,114.75,93.95
2016-04-26,36111,鼎翰一,等價,104.2,-0.15,104.5,104.5,104.2,10,100,10441250,104.41,104.2,114.6,93.8
2016-04-27,36111,鼎翰一,等價,104.0,-0.2,104.2,104.2,104.0,12,40,4164250,104.1,104.0,114.4,93.6
2016-04-28,36111,鼎翰一,等價,104.35,0.35,104.0,104.5,104.0,11,40,4172000,104.3,104.35,114.75,93.95
2016-04-29,36111,鼎翰一,等價,0.0,0.0,0.0,0.0,0.0,0,0,0,104.3,104.35,114.75,93.95
2016-05-03,36111,鼎翰一,等價,0.0,0.0,0.0,0.0,0.0,0,0,0,104.3,104.0,114.4,93.6
2016-05-04,36111,鼎翰一,等價,104.0,0.0,103.0,104.0,103.0,11,100,10378750,103.78,104.0,114.4,93.6
2016-05-05,36111,鼎翰一,等價,104.0,0.0,103.5,104.0,103.5,7,32,3317000,103.65,104.0,114.4,93.6
2016-05-06,36111,鼎翰一,等價,104.5,0.5,104.5,104.5,104.5,1,7,731500,104.5,104.5,114.95,94.05
2016-05-09,36111,鼎翰一,等價,103.5,-1.0,102.0,103.5,102.0,4,13,1330500,102.34,103.5,113.85,93.15
2016-05-10,36111,鼎翰一,等價,102.0,-1.5,101.5,102.0,100.2,23,186,18819950,101.18,102.0,112.2,91.8
2016-05-11,36111,鼎翰一,等價,101.0,-1.0,101.5,101.5,101.0,2,15,1517500,101.16,101.0,111.1,90.9
2016-05-12,36111,鼎翰一,等價,100.5,-0.5,100.8,100.8,100.5,5,29,2918750,100.64,100.5,110.55,90.45
2016-05-13,36111,鼎翰一,等價,101.5,1.0,101.5,101.5,101.5,1,1,101500,101.5,101.5,111.65,91.35
2016-05-16,36111,鼎翰一,等價,0.0,0.0,0.0,0.0,0.0,0,0,0,101.5,101.5,111.65,91.35
2016-05-17,36111,鼎翰一,等價,101.7,0.2,101.5,101.7,101.5,3,15,1524000,101.6,101.7,111.85,91.55
2016-05-18,36111,鼎翰一,等價,101.7,0.0,101.2,101.7,101.2,10,45,4564750,101.43,101.7,111.85,91.55
2016-05-19,36111,鼎翰一,等價,101.5,-0.2,101.5,101.7,101.5,6,32,3249000,101.53,101.5,111.65,91.35
2016-05-20,36111,鼎翰一,等價,0.0,0.0,0.0,0.0,0.0,0,0,0,101.53,101.5,111.65,91.35
2016-05-23,36111,鼎翰一,等價,101.2,-0.3,101.8,101.8,101.2,4,23,2338100,101.65,101.2,111.3,91.1
2016-05-24,36111,鼎翰一,等價,0.0,0.0,0.0,0.0,0.0,0,0,0,101.65,101.2,111.3,91.1
2016-05-25,36111,鼎翰一,等價,0.0,0.0,0.0,0.0,0.0,0,0,0,101.65,101.2,111.3,91.1
2016-05-26,36111,鼎翰一,等價,0.0,0.0,0.0,0.0,0.0,0,0,0,101.65,101.2,111.3,91.1
2016-05-27,36111,鼎翰一,等價,101.5,0.3,101.5,101.5,101.5,1,3,304500,101.5,101.5,111.65,91.35
2016-05-30,36111,鼎翰一,等價,101.0,-0.5,101.0,101.0,101.0,1,1,101000,101.0,101.0,111.1,90.9
2016-05-31,36111,鼎翰一,等價,100.8,-0.2,100.8,100.8,100.8,2,8,806400,100.8,100.8,110.85,90.75
2016-06-01,36111,鼎翰一,等價,101.5,0.7,101.9,101.9,101.5,2,10,1018600,101.86,101.5,111.65,91.35
2016-06-02,36111,鼎翰一,等價,0.0,0.0,0.0,0.0,0.0,0,0,0,101.86,101.0,111.1,90.9
2016-06-03,36111,鼎翰一,等價,100.6,-0.4,101.0,101.0,100.6,2,11,1110600,100.96,100.6,110.65,90.55
2016-06-06,36111,鼎翰一,等價,0.0,0.0,0.0,0.0,0.0,0,0,0,100.4,100.4,110.4,90.4
2016-06-07,36111,鼎翰一,等價,0.0,0.0,0.0,0.0,0.0,0,0,0,100.4,100.4,110.4,90.4
2016-06-08,36111,鼎翰一,等價,101.2,0.8,101.2,101.2,101.2,1,10,1012000,101.2,101.2,111.3,91.1
2016-06-13,36111,鼎翰一,等價,0.0,0.0,0.0,0.0,0.0,0,0,0,101.2,101.2,111.3,91.1
2016-06-14,36111,鼎翰一,等價,0.0,0.0,0.0,0.0,0.0,0,0,0,101.2,101.15,111.25,91.05
2016-06-15,36111,鼎翰一,等價,0.0,0.0,0.0,0.0,0.0,0,0,0,101.2,101.15,111.25,91.05
2016-06-16,36111,鼎翰一,等價,0.0,0.0,0.0,0.0,0.0,0,0,0,101.2,101.15,111.25,91.05
2016-06-17,36111,鼎翰一,等價,100.2,-0.95,100.2,100.2,100.2,1,5,501000,100.2,100.2,110.2,90.2
2016-06-20,36111,鼎翰一,等價,0.0,0.0,0.0,0.0,0.0,0,0,0,100.2,100.5,110.55,90.45
2016-06-21,36111,鼎翰一,等價,101.3,0.8,101.0,101.3,101.0,3,50,5056000,101.12,101.3,111.4,91.2
2016-06-22,36111,鼎翰一,等價,0.0,0.0,0.0,0.0,0.0,0,0,0,101.12,101.3,111.4,91.2
2016-06-23,36111,鼎翰一,等價,0.0,0.0,0.0,0.0,0.0,0,0,0,101.12,101.3,111.4,91.2
2016-06-24,36111,鼎翰一,等價,100.0,-1.3,100.1,100.1,100.0,4,5,500100,100.02,100.0,110.0,90.0
2016-06-27,36111,鼎翰一,等價,0.0,0.0,0.0,0.0,0.0,0,0,0,100.02,100.0,110.0,90.0
2016-06-28,36111,鼎翰一,等價,100.2,0.2,100.5,100.5,100.1,16,217,21754800,100.25,100.2,110.2,90.2
2016-06-29,36111,鼎翰一,等價,100.5,0.3,100.5,100.5,100.4,15,76,7637500,100.49,100.5,110.55,90.45
2016-06-30,36111,鼎翰一,等價,100.5,0.0,100.45,100.5,100.45,5,30,3014000,100.46,100.5,110.55,90.45
2016-07-01,36111,鼎翰一,等價,100.5,0.0,100.35,100.5,100.2,11,77,7722000,100.28,100.5,110.55,90.45
2016-07-04,36111,鼎翰一,等價,100.3,-0.2,100.3,100.3,100.3,1,5,501500,100.3,100.3,110.3,90.3
2016-07-05,36111,鼎翰一,等價,100.3,0.0,100.2,100.3,99.8,12,67,6694150,99.91,100.3,110.3,90.3
2016-07-06,36111,鼎翰一,等價,0.0,0.0,0.0,0.0,0.0,0,0,0,99.91,100.3,110.3,90.3
2016-07-07,36111,鼎翰一,等價,100.1,-0.2,99.8,100.1,99.8,6,22,2196000,99.81,100.1,110.1,90.1
2016-07-11,36111,鼎翰一,等價,100.05,-0.05,100.3,100.3,100.0,18,177,17719050,100.1,100.05,110.05,90.05
2016-07-12,36111,鼎翰一,等價,99.9,-0.15,99.7,100.05,99.7,10,200,19991500,99.95,99.9,109.85,89.95
2016-07-13,36111,鼎翰一,等價,100.0,0.1,99.6,100.0,99.6,3,16,1594000,99.62,100.0,110.0,90.0
2016-07-14,36111,鼎翰一,等價,99.6,-0.4,99.6,99.6,99.6,1,100,9960000,99.6,99.6,109.55,89.65
2016-07-15,36111,鼎翰一,等價,99.6,0.0,99.5,99.6,99.5,6,95,9454500,99.52,99.6,109.55,89.65
2016-07-18,36111,鼎翰一,等價,99.6,0.0,99.1,99.6,99.0,3,26,2575100,99.04,99.6,109.55,89.65
2016-07-19,36111,鼎翰一,等價,99.6,0.0,99.2,99.6,99.2,3,21,2083600,99.21,99.6,109.55,89.65
2016-07-20,36111,鼎翰一,等價,0.0,0.0,0.0,0.0,0.0,0,0,0,99.21,99.6,109.55,89.65
2016-07-21,36111,鼎翰一,等價,100.4,0.8,99.0,100.5,99.0,20,107,10701500,100.01,100.4,110.4,90.4
2016-07-22,36111,鼎翰一,等價,0.0,0.0,0.0,0.0,0.0,0,0,0,100.01,100.4,110.4,90.4
2016-07-25,36111,鼎翰一,等價,0.0,0.0,0.0,0.0,0.0,0,0,0,100.01,100.4,110.4,90.4
2016-07-26,36111,鼎翰一,等價,0.0,0.0,0.0,0.0,0.0,0,0,0,100.01,100.4,110.4,90.4
2016-07-27,36111,鼎翰一,等價,100.4,0.0,100.4,100.4,100.4,1,5,502000,100.4,100.4,110.4,90.4
2016-07-28,36111,鼎翰一,等價,100.8,0.4,100.8,101.0,100.8,17,102,10286600,100.84,100.8,110.85,90.75
2016-07-29,36111,鼎翰一,等價,101.0,0.2,100.9,101.1,100.85,13,102,10298500,100.96,101.0,111.1,90.9
2016-08-01,36111,鼎翰一,等價,101.2,0.2,101.0,101.2,101.0,5,34,3435300,101.03,101.2,111.3,91.1
2016-08-02,36111,鼎翰一,等價,102.0,0.8,101.2,102.0,101.2,19,77,7837100,101.78,102.0,112.2,91.8
2016-08-03,36111,鼎翰一,等價,102.2,0.2,102.2,102.2,102.2,1,5,511000,102.2,102.2,112.4,92.0
2016-08-04,36111,鼎翰一,等價,102.35,0.15,102.4,102.4,102.35,2,7,716550,102.36,102.35,112.55,92.15
2016-08-05,36111,鼎翰一,等價,0.0,0.0,0.0,0.0,0.0,0,0,0,102.36,102.2,112.4,92.0
2016-08-08,36111,鼎翰一,等價,102.4,0.2,102.0,102.4,102.0,8,26,2654400,102.09,102.4,112.6,92.2
2016-08-09,36111,鼎翰一,等價,100.5,-1.9,100.6,100.7,100.2,16,83,8327800,100.33,100.5,110.55,90.45
2016-08-10,36111,鼎翰一,等價,100.5,0.0,100.5,100.5,100.5,1,4,402000,100.5,100.5,110.55,90.45
2016-08-11,36111,鼎翰一,等價,100.5,0.0,100.5,100.5,100.2,41,46,4618800,100.4,100.5,110.55,90.45
2016-08-12,36111,鼎翰一,等價,101.0,0.5,100.5,101.0,100.3,46,53,5330600,100.57,101.0,111.1,90.9
2016-08-15,36111,鼎翰一,等價,101.0,0.0,100.5,101.0,100.5,41,41,4139000,100.95,101.0,111.1,90.9
2016-08-16,36111,鼎翰一,等價,101.0,0.0,100.9,101.0,100.9,43,50,5048650,100.97,101.0,111.1,90.9
2016-08-17,36111,鼎翰一,等價,0.0,0.0,0.0,0.0,0.0,0,0,0,100.97,101.0,111.1,90.9
2016-08-18,36111,鼎翰一,等價,0.0,0.0,0.0,0.0,0.0,0,0,0,100.97,101.0,111.1,90.9
2016-08-19,36111,鼎翰一,等價,101.0,0.0,101.5,101.5,101.0,5,50,5061750,101.23,101.0,111.1,90.9
2016-08-22,36111,鼎翰一,等價,0.0,0.0,0.0,0.0,0.0,0,0,0,101.23,101.0,111.1,90.9
2016-08-23,36111,鼎翰一,等價,0.0,0.0,0.0,0.0,0.0,0,0,0,101.23,101.0,111.1,90.9
2016-08-24,36111,鼎翰一,等價,0.0,0.0,0.0,0.0,0.0,0,0,0,101.23,100.9,110.95,90.85
2016-08-25,36111,鼎翰一,等價,0.0,0.0,0.0,0.0,0.0,0,0,0,101.23,100.8,110.85,90.75
2016-08-26,36111,鼎翰一,等價,0.0,0.0,0.0,0.0,0.0,0,0,0,101.23,100.7,110.75,90.65
2016-08-29,36111,鼎翰一,等價,0.0,0.0,0.0,0.0,0.0,0,0,0,101.23,100.7,110.75,90.65
2016-08-30,36111,鼎翰一,等價,0.0,0.0,0.0,0.0,0.0,0,0,0,101.23,100.6,110.65,90.55
2016-08-31,36111,鼎翰一,等價,0.0,0.0,0.0,0.0,0.0,0,0,0,101.23,100.5,110.55,90.45
2016-09-01,36111,鼎翰一,等價,0.0,0.0,0.0,0.0,0.0,0,0,0,101.23,100.4,110.4,90.4
2016-09-02,36111,鼎翰一,等價,0.0,0.0,0.0,0.0,0.0,0,0,0,101.23,100.4,110.4,90.4
2016-09-05,36111,鼎翰一,等價,0.0,0.0,0.0,0.0,0.0,0,0,0,101.23,100.3,110.3,90.3
2016-09-06,36111,鼎翰一,等價,0.0,0.0,0.0,0.0,0.0,0,0,0,101.23,100.1,110.1,90.1
2016-09-07,36111,鼎翰一,等價,0.0,0.0,0.0,0.0,0.0,0,0,0,101.23,100.0,110.0,90.0
2016-09-08,36111,鼎翰一,等價,100.0,0.0,100.0,100.0,100.0,1,10,1000000,100.0,100.0,110.0,90.0
2016-09-09,36111,鼎翰一,等價,100.2,0.2,100.2,100.5,100.2,7,35,3510000,100.28,100.2,110.2,90.2
2016-09-12,36111,鼎翰一,等價,0.0,0.0,0.0,0.0,0.0,0,0,0,100.28,100.2,110.2,90.2
2016-09-13,36111,鼎翰一,等價,100.0,-0.2,100.0,100.0,100.0,1,10,1000000,100.0,100.0,110.0,90.0
2016-09-14,36111,鼎翰一,等價,100.0,0.0,100.0,100.0,100.0,1,1,100000,100.0,100.0,110.0,90.0
2016-09-19,36111,鼎翰一,等價,100.0,0.0,100.0,100.0,100.0,3,25,2500000,100.0,100.0,110.0,90.0
2016-09-20,36111,鼎翰一,等價,100.0,0.0,100.0,100.0,100.0,4,26,2600000,100.0,100.0,110.0,90.0
2016-09-21,36111,鼎翰一,等價,100.0,0.0,100.5,103.4,100.0,10,54,5478800,101.45,100.0,110.0,90.0
2016-09-22,36111,鼎翰一,等價,100.1,0.1,103.3,103.3,100.0,10,54,5494000,101.74,100.1,110.1,90.1
2016-09-23,36111,鼎翰一,等價,100.5,0.4,100.1,102.0,100.1,8,54,5457500,101.06,100.5,110.55,90.45
2016-09-26,36111,鼎翰一,等價,100.5,0.0,102.0,104.0,100.5,7,50,5129000,102.58,100.5,110.55,90.45
2016-09-29,36111,鼎翰一,等價,100.5,0.0,100.5,103.4,100.5,11,45,4587000,101.93,100.5,110.55,90.45
2016-09-30,36111,鼎翰一,等價,101.0,0.5,101.85,101.85,100.5,3,23,2328200,101.22,101.0,111.1,90.9
2016-10-03,36111,鼎翰一,等價,0.0,0.0,0.0,0.0,0.0,0,0,0,101.22,101.0,111.1,90.9
2016-10-04,36111,鼎翰一,等價,0.0,0.0,0.0,0.0,0.0,0,0,0,101.22,101.0,111.1,90.9
2016-10-05,36111,鼎翰一,等價,100.15,-0.85,100.15,100.15,100.15,1,1,100150,100.15,100.15,110.15,90.15
2016-10-06,36111,鼎翰一,等價,101.0,0.85,100.5,101.0,100.5,2,6,603500,100.58,101.0,111.1,90.9
2016-10-07,36111,鼎翰一,等價,0.0,0.0,0.0,0.0,0.0,0,0,0,100.58,101.0,111.1,90.9
2016-10-11,36111,鼎翰一,等價,0.0,0.0,0.0,0.0,0.0,0,0,0,100.58,100.5,110.55,90.45
2016-10-12,36111,鼎翰一,等價,99.6,-0.9,99.6,99.6,99.6,1,10,996000,99.6,99.6,109.55,89.65
2016-10-13,36111,鼎翰一,等價,99.7,0.1,99.7,99.7,99.7,9,44,4386800,99.7,99.7,109.65,89.75
2016-10-14,36111,鼎翰一,等價,99.55,-0.15,99.65,99.65,99.55,2,10,996000,99.6,99.55,109.5,89.6
2016-10-17,36111,鼎翰一,等價,0.0,0.0,0.0,0.0,0.0,0,0,0,99.6,99.55,109.5,89.6
2016-10-18,36111,鼎翰一,等價,99.65,0.1,99.65,99.65,99.65,1,10,996500,99.65,99.65,109.6,89.7
2016-10-19,36111,鼎翰一,等價,0.0,0.0,0.0,0.0,0.0,0,0,0,99.65,99.7,109.65,89.75
2016-10-20,36111,鼎翰一,等價,100.0,0.3,99.9,100.0,99.9,4,13,1299700,99.97,100.0,110.0,90.0
2016-10-21,36111,鼎翰一,等價,0.0,0.0,0.0,0.0,0.0,0,0,0,99.97,100.0,110.0,90.0
2016-10-24,36111,鼎翰一,等價,100.2,0.2,100.2,100.2,100.2,2,7,701400,100.2,100.2,110.2,90.2
2016-10-25,36111,鼎翰一,等價,0.0,0.0,0.0,0.0,0.0,0,0,0,100.2,100.2,110.2,90.2
2016-10-26,36111,鼎翰一,等價,100.2,0.0,100.2,100.2,100.2,2,10,1002000,100.2,100.2,110.2,90.2
2016-10-27,36111,鼎翰一,等價,0.0,0.0,0.0,0.0,0.0,0,0,0,100.2,100.2,110.2,90.2
2016-10-28,36111,鼎翰一,等價,0.0,0.0,0.0,0.0,0.0,0,0,0,100.2,100.2,110.2,90.2
2016-10-31,36111,鼎翰一,等價,0.0,0.0,0.0,0.0,0.0,0,0,0,100.2,100.2,110.2,90.2
2016-11-01,36111,鼎翰一,等價,0.0,0.0,0.0,0.0,0.0,0,0,0,100.2,100.2,110.2,90.2
2016-11-02,36111,鼎翰一,等價,99.7,-0.5,99.7,99.7,99.7,1,3,299100,99.7,99.7,109.65,89.75
2016-11-03,36111,鼎翰一,等價,99.65,-0.05,99.65,99.65,99.65,1,10,996500,99.65,99.65,109.6,89.7
2016-11-04,36111,鼎翰一,等價,0.0,0.0,0.0,0.0,0.0,0,0,0,99.65,99.65,109.6,89.7
2016-11-07,36111,鼎翰一,等價,0.0,0.0,0.0,0.0,0.0,0,0,0,99.65,99.65,109.6,89.7
2016-11-08,36111,鼎翰一,等價,0.0,0.0,0.0,0.0,0.0,0,0,0,99.65,99.65,109.6,89.7
2016-11-09,36111,鼎翰一,等價,100.5,0.85,100.5,100.5,100.5,2,10,1005000,100.5,100.5,110.55,90.45
2016-11-10,36111,鼎翰一,等價,99.85,-0.65,99.85,99.85,99.85,2,5,499250,99.85,99.85,109.8,89.9
2016-11-11,36111,鼎翰一,等價,99.85,0.0,99.55,99.85,99.55,3,11,1096550,99.68,99.85,109.8,89.9
2016-11-14,36111,鼎翰一,等價,0.0,0.0,0.0,0.0,0.0,0,0,0,99.68,99.85,109.8,89.9
2016-11-15,36111,鼎翰一,等價,0.0,0.0,0.0,0.0,0.0,0,0,0,99.68,99.85,109.8,89.9
2016-11-16,36111,鼎翰一,等價,0.0,0.0,0.0,0.0,0.0,0,0,0,99.68,99.85,109.8,89.9
2016-11-17,36111,鼎翰一,等價,0.0,0.0,0.0,0.0,0.0,0,0,0,99.68,99.85,109.8,89.9
2016-11-18,36111,鼎翰一,等價,99.55,-0.3,99.55,99.55,99.55,2,11,1095050,99.55,99.55,109.5,89.6
2016-11-21,36111,鼎翰一,等價,0.0,0.0,0.0,0.0,0.0,0,0,0,99.55,99.55,109.5,89.6
2016-11-22,36111,鼎翰一,等價,0.0,0.0,0.0,0.0,0.0,0,0,0,99.55,99.55,109.5,89.6
2016-11-23,36111,鼎翰一,等價,0.0,0.0,0.0,0.0,0.0,0,0,0,99.55,99.55,109.5,89.6
2016-11-24,36111,鼎翰一,等價,99.55,0.0,99.55,99.55,99.55,2,30,2986500,99.55,99.55,109.5,89.6
2016-11-25,36111,鼎翰一,等價,0.0,0.0,0.0,0.0,0.0,0,0,0,99.55,99.55,109.5,89.6
2016-11-28,36111,鼎翰一,等價,99.4,-0.15,99.5,99.5,99.4,3,11,1094400,99.49,99.4,109.3,89.5
2016-11-29,36111,鼎翰一,等價,0.0,0.0,0.0,0.0,0.0,0,0,0,99.49,99.4,109.3,89.5
2016-11-30,36111,鼎翰一,等價,0.0,0.0,0.0,0.0,0.0,0,0,0,99.49,99.4,109.3,89.5
2016-12-01,36111,鼎翰一,等價,0.0,0.0,0.0,0.0,0.0,0,0,0,99.49,99.4,109.3,89.5
2016-12-02,36111,鼎翰一,等價,0.0,0.0,0.0,0.0,0.0,0,0,0,99.49,99.4,109.3,89.5
2016-12-05,36111,鼎翰一,等價,0.0,0.0,0.0,0.0,0.0,0,0,0,99.49,99.4,109.3,89.5
2016-12-06,36111,鼎翰一,等價,0.0,0.0,0.0,0.0,0.0,0,0,0,99.49,99.4,109.3,89.5
2016-12-07,36111,鼎翰一,等價,0.0,0.0,0.0,0.0,0.0,0,0,0,99.49,99.4,109.3,89.5
2016-12-08,36111,鼎翰一,等價,99.45,0.05,99.45,99.45,99.45,3,7,696150,99.45,99.45,109.35,89.55
2016-12-09,36111,鼎翰一,等價,99.5,0.05,99.5,99.5,99.5,2,7,696500,99.5,99.5,109.45,89.55
2016-12-12,36111,鼎翰一,等價,99.3,-0.2,99.3,99.3,99.3,2,2,198600,99.3,99.3,109.2,89.4
2016-12-13,36111,鼎翰一,等價,0.0,0.0,0.0,0.0,0.0,0,0,0,99.3,99.45,109.35,89.55
2016-12-14,36111,鼎翰一,等價,100.5,1.05,100.0,100.5,100.0,5,16,1603000,100.18,100.5,110.55,90.45
2016-12-15,36111,鼎翰一,等價,101.0,0.5,100.5,101.0,100.5,4,22,2215000,100.68,101.0,111.1,90.9
2016-12-16,36111,鼎翰一,等價,100.2,-0.8,100.2,100.6,100.2,9,78,7831200,100.4,100.2,110.2,90.2
2016-12-19,36111,鼎翰一,等價,100.5,0.3,100.5,100.5,100.5,3,11,1105500,100.5,100.5,110.55,90.45
2016-12-20,36111,鼎翰一,等價,0.0,0.0,0.0,0.0,0.0,0,0,0,100.5,100.5,110.55,90.45
2016-12-21,36111,鼎翰一,等價,100.5,0.0,100.5,100.5,100.5,6,51,5125500,100.5,100.5,110.55,90.45
2016-12-22,36111,鼎翰一,等價,100.5,0.0,100.5,100.5,100.5,4,20,2010000,100.5,100.5,110.55,90.45
2016-12-23,36111,鼎翰一,等價,100.4,-0.1,100.5,100.5,100.4,4,59,5926050,100.44,100.4,110.4,90.4
2016-12-26,36111,鼎翰一,等價,100.3,-0.1,100.3,100.3,100.3,2,20,2006000,100.3,100.3,110.3,90.3
2016-12-27,36111,鼎翰一,等價,100.25,-0.05,100.2,100.3,100.2,4,73,7319650,100.26,100.25,110.25,90.25
2016-12-28,36111,鼎翰一,等價,0.0,0.0,0.0,0.0,0.0,0,0,0,100.26,100.3,110.3,90.3
2016-12-29,36111,鼎翰一,等價,100.2,-0.1,100.2,100.2,100.2,2,29,2905800,100.2,100.2,110.2,90.2
2016-12-30,36111,鼎翰一,等價,0.0,0.0,0.0,0.0,0.0,0,0,0,100.2,100.2,110.2,90.2
2017-01-03,36111,鼎翰一,等價,0.0,0.0,0.0,0.0,0.0,0,0,0,100.2,100.2,110.2,90.2
2017-01-04,36111,鼎翰一,等價,0.0,0.0,0.0,0.0,0.0,0,0,0,100.2,100.2,110.2,90.2
2017-01-05,36111,鼎翰一,等價,100.5,0.3,100.2,100.5,100.2,4,14,1403400,100.24,100.5,110.55,90.45
2017-01-06,36111,鼎翰一,等價,100.8,0.3,100.7,100.8,100.7,3,110,11078100,100.71,100.8,110.85,90.75
2017-01-09,36111,鼎翰一,等價,100.8,0.0,100.8,100.8,100.8,2,15,1512000,100.8,100.8,110.85,90.75
2017-01-10,36111,鼎翰一,等價,100.8,0.0,100.8,100.8,100.8,1,4,403200,100.8,100.8,110.85,90.75
2017-01-11,36111,鼎翰一,等價,100.0,-0.8,100.5,100.55,100.0,3,122,12263000,100.51,100.0,110.0,90.0
2017-01-12,36111,鼎翰一,等價,100.25,0.25,100.25,100.25,100.25,1,21,2105250,100.25,100.25,110.25,90.25
2017-01-13,36111,鼎翰一,等價,100.2,-0.05,100.2,100.2,100.2,1,5,501000,100.2,100.2,110.2,90.2
2017-01-16,36111,鼎翰一,等價,100.0,-0.2,100.0,100.0,100.0,2,2,200000,100.0,100.0,110.0,90.0
2017-01-17,36111,鼎翰一,等價,0.0,0.0,0.0,0.0,0.0,0,0,0,100.0,100.0,110.0,90.0
2017-01-18,36111,鼎翰一,等價,100.6,0.6,100.6,100.6,100.6,1,30,3018000,100.6,100.6,110.65,90.55
2017-01-19,36111,鼎翰一,等價,100.65,0.05,100.6,100.65,100.6,7,46,4628400,100.61,100.65,110.7,90.6
2017-01-20,36111,鼎翰一,等價,100.0,-0.65,100.65,100.65,100.0,2,6,603250,100.54,100.0,110.0,90.0
2017-01-23,36111,鼎翰一,等價,100.2,0.2,100.2,100.2,100.2,1,10,1002000,100.2,100.2,110.2,90.2
2017-01-24,36111,鼎翰一,等價,0.0,0.0,0.0,0.0,0.0,0,0,0,100.2,100.2,110.2,90.2
2017-01-25,36111,鼎翰一,等價,0.0,0.0,0.0,0.0,0.0,0,0,0,100.2,100.2,110.2,90.2
2017-01-26,36111,鼎翰一,等價,0.0,0.0,0.0,0.0,0.0,0,0,0,100.2,100.2,110.2,90.2
2017-02-02,36111,鼎翰一,等價,100.5,0.3,100.5,100.5,100.5,1,10,1005000,100.5,100.5,110.55,90.45
2017-02-03,36111,鼎翰一,等價,101.3,0.8,100.6,101.3,100.5,15,100,10078000,100.78,101.3,111.4,91.2
2017-02-06,36111,鼎翰一,等價,101.0,-0.3,101.0,101.0,101.0,1,4,404000,101.0,101.0,111.1,90.9
2017-02-07,36111,鼎翰一,等價,0.0,0.0,0.0,0.0,0.0,0,0,0,101.0,101.0,111.1,90.9
2017-02-08,36111,鼎翰一,等價,101.0,0.0,101.0,101.5,101.0,3,25,2530000,101.2,101.0,111.1,90.9
2017-02-09,36111,鼎翰一,等價,101.2,0.2,101.2,101.2,101.2,1,5,506000,101.2,101.2,111.3,91.1
2017-02-10,36111,鼎翰一,等價,0.0,0.0,0.0,0.0,0.0,0,0,0,101.2,101.2,111.3,91.1
2017-02-13,36111,鼎翰一,等價,101.6,0.4,101.5,101.6,101.5,3,7,710600,101.51,101.6,111.75,91.45
2017-02-14,36111,鼎翰一,等價,101.55,-0.05,101.55,101.55,101.55,1,3,304650,101.55,101.55,111.7,91.4
2017-02-15,36111,鼎翰一,等價,101.5,-0.05,101.5,101.5,101.5,1,5,507500,101.5,101.5,111.65,91.35
2017-02-16,36111,鼎翰一,等價,0.0,0.0,0.0,0.0,0.0,0,0,0,101.5,101.5,111.65,91.35
2017-02-17,36111,鼎翰一,等價,0.0,0.0,0.0,0.0,0.0,0,0,0,101.5,101.5,111.65,91.35
2017-02-20,36111,鼎翰一,等價,0.0,0.0,0.0,0.0,0.0,0,0,0,101.6,101.8,111.95,91.65
2017-02-21,36111,鼎翰一,等價,101.6,-0.2,101.0,101.6,101.0,4,15,1518700,101.24,101.6,111.75,91.45
2017-02-22,36111,鼎翰一,等價,0.0,0.0,0.0,0.0,0.0,0,0,0,101.24,101.6,111.75,91.45
2017-02-23,36111,鼎翰一,等價,101.2,-0.4,101.2,101.2,101.2,1,1,101200,101.2,101.2,111.3,91.1
2017-02-24,36111,鼎翰一,等價,101.0,-0.2,101.0,101.0,101.0,1,1,101000,101.0,101.0,111.1,90.9
2017-03-01,36111,鼎翰一,等價,101.0,0.0,101.0,101.0,101.0,2,18,1818000,101.0,101.0,111.1,90.9
2017-03-02,36111,鼎翰一,等價,100.6,-0.4,100.6,100.6,100.6,3,20,2012000,100.6,100.6,110.65,90.55
2017-03-03,36111,鼎翰一,等價,0.0,0.0,0.0,0.0,0.0,0,0,0,100.6,100.6,110.65,90.55
2017-03-06,36111,鼎翰一,等價,100.5,-0.1,100.6,100.6,100.5,3,30,3016000,100.53,100.5,110.55,90.45
2017-03-07,36111,鼎翰一,等價,100.2,-0.3,100.2,100.2,100.2,5,18,1803600,100.2,100.2,110.2,90.2
2017-03-08,36111,鼎翰一,等價,100.15,-0.05,100.1,100.2,100.0,5,40,4004000,100.1,100.15,110.15,90.15
2017-03-09,36111,鼎翰一,等價,100.2,0.05,100.2,100.2,100.2,2,20,2004000,100.2,100.2,110.2,90.2
2017-03-10,36111,鼎翰一,等價,100.2,0.0,100.2,100.2,100.0,6,52,5207400,100.14,100.2,110.2,90.2
2017-03-13,36111,鼎翰一,等價,100.25,0.05,100.1,100.3,100.0,9,88,8808800,100.1,100.25,110.25,90.25
2017-03-14,36111,鼎翰一,等價,100.25,0.0,100.1,100.25,100.0,9,78,7805250,100.06,100.25,110.25,90.25
2017-03-15,36111,鼎翰一,等價,99.9,-0.35,100.1,100.15,99.9,11,55,5502200,100.04,99.9,109.85,89.95
2017-03-16,36111,鼎翰一,等價,100.2,0.3,100.0,100.2,99.95,22,124,12400800,100.0,100.2,110.2,90.2
2017-03-17,36111,鼎翰一,等價,100.5,0.3,101.5,104.0,100.5,8,54,5521000,102.24,100.5,110.55,90.45
2017-03-20,36111,鼎翰一,等價,100.8,0.3,100.5,100.8,100.2,11,23,2311500,100.5,100.8,110.85,90.75
2017-03-21,36111,鼎翰一,等價,0.0,0.0,0.0,0.0,0.0,0,0,0,100.5,100.8,110.85,90.75
2017-03-22,36111,鼎翰一,等價,0.0,0.0,0.0,0.0,0.0,0,0,0,100.5,100.65,110.7,90.6
2017-03-23,36111,鼎翰一,等價,100.65,0.0,100.65,100.65,100.65,1,3,301950,100.65,100.65,110.7,90.6
2017-03-24,36111,鼎翰一,等價,100.65,0.0,102.0,104.0,100.65,7,47,4861450,103.43,100.65,110.7,90.6
2017-03-27,36111,鼎翰一,等價,101.0,0.35,103.5,103.5,101.0,3,14,1446500,103.32,101.0,111.1,90.9
2017-03-28,36111,鼎翰一,等價,100.5,-0.5,100.5,100.5,100.5,3,10,1005000,100.5,100.5,110.55,90.45
2017-03-29,36111,鼎翰一,等價,100.0,-0.5,100.0,100.0,100.0,2,7,700000,100.0,100.0,110.0,90.0
2017-03-30,36111,鼎翰一,等價,0.0,0.0,0.0,0.0,0.0,0,0,0,100.0,100.0,110.0,90.0
2017-03-31,36111,鼎翰一,等價,100.05,0.05,101.0,101.0,100.05,2,2,201050,100.52,100.05,110.05,90.05
2017-04-05,36111,鼎翰一,等價,0.0,0.0,0.0,0.0,0.0,0,0,0,100.52,100.05,110.05,90.05
2017-04-06,36111,鼎翰一,等價,0.0,0.0,0.0,0.0,0.0,0,0,0,100.52,100.05,110.05,90.05
2017-04-07,36111,鼎翰一,等價,100.05,0.0,101.5,101.5,100.05,23,93,9437800,101.48,100.05,110.05,90.05
2017-04-10,36111,鼎翰一,等價,100.1,0.05,100.45,100.45,100.1,4,8,801850,100.23,100.1,110.1,90.1
2017-04-11,36111,鼎翰一,等價,99.8,-0.3,100.05,100.05,99.8,6,34,3400300,100.0,99.8,109.75,89.85
2017-04-12,36111,鼎翰一,等價,0.0,0.0,0.0,0.0,0.0,0,0,0,100.0,99.8,109.75,89.85
2017-04-13,36111,鼎翰一,等價,0.0,0.0,0.0,0.0,0.0,0,0,0,100.0,99.8,109.75,89.85
2017-04-14,36111,鼎翰一,等價,99.75,-0.05,99.8,99.8,99.5,11,36,3588950,99.69,99.75,109.7,89.8
2017-04-17,36111,鼎翰一,等價,99.5,-0.25,99.5,99.5,99.5,1,10,995000,99.5,99.5,109.45,89.55
2017-04-18,36111,鼎翰一,等價,0.0,0.0,0.0,0.0,0.0,0,0,0,99.5,99.5,109.45,89.55
2017-04-19,36111,鼎翰一,等價,99.3,-0.2,99.3,99.3,99.3,1,1,99300,99.3,99.3,109.2,89.4
2017-04-20,36111,鼎翰一,等價,0.0,0.0,0.0,0.0,0.0,0,0,0,99.3,99.3,109.2,89.4
2017-04-21,36111,鼎翰一,等價,0.0,0.0,0.0,0.0,0.0,0,0,0,99.3,99.3,109.2,89.4
2017-04-24,36111,鼎翰一,等價,0.0,0.0,0.0,0.0,0.0,0,0,0,99.3,99.3,109.2,89.4
2017-04-25,36111,鼎翰一,等價,0.0,0.0,0.0,0.0,0.0,0,0,0,99.3,99.3,109.2,89.4
2017-04-26,36111,鼎翰一,等價,99.5,0.2,99.5,99.5,99.5,2,10,995000,99.5,99.5,109.45,89.55
2017-04-27,36111,鼎翰一,等價,0.0,0.0,0.0,0.0,0.0,0,0,0,99.5,99.5,109.45,89.55
2017-04-28,36111,鼎翰一,等價,99.9,0.4,99.45,99.9,99.4,4,11,1094150,99.46,99.9,109.85,89.95
2017-05-02,36111,鼎翰一,等價,0.0,0.0,0.0,0.0,0.0,0,0,0,99.46,99.9,109.85,89.95
2017-05-03,36111,鼎翰一,等價,0.0,0.0,0.0,0.0,0.0,0,0,0,99.46,99.9,109.85,89.95
2017-05-04,36111,鼎翰一,等價,0.0,0.0,0.0,0.0,0.0,0,0,0,99.46,99.9,109.85,89.95
2017-05-05,36111,鼎翰一,等價,99.5,-0.4,99.5,99.5,99.5,2,9,895500,99.5,99.5,109.45,89.55
2017-05-08,36111,鼎翰一,等價,0.0,0.0,0.0,0.0,0.0,0,0,0,99.5,99.5,109.45,89.55
2017-05-09,36111,鼎翰一,等價,99.5,0.0,99.5,99.5,99.5,1,1,99500,99.5,99.5,109.45,89.55
2017-05-10,36111,鼎翰一,等價,0.0,0.0,0.0,0.0,0.0,0,0,0,99.5,99.5,109.45,89.55
2017-05-11,36111,鼎翰一,等價,0.0,0.0,0.0,0.0,0.0,0,0,0,99.5,99.5,109.45,89.55
2017-05-12,36111,鼎翰一,等價,0.0,0.0,0.0,0.0,0.0,0,0,0,99.5,99.5,109.45,89.55
2017-05-15,36111,鼎翰一,等價,0.0,0.0,0.0,0.0,0.0,0,0,0,99.5,99.5,109.45,89.55
2017-05-16,36111,鼎翰一,等價,99.0,-0.5,99.0,99.0,99.0,1,1,99000,99.0,99.0,108.9,89.1
2017-05-17,36111,鼎翰一,等價,0.0,0.0,0.0,0.0,0.0,0,0,0,99.0,99.0,108.9,89.1
2017-05-18,36111,鼎翰一,等價,0.0,0.0,0.0,0.0,0.0,0,0,0,99.0,99.05,108.95,89.15
2017-05-19,36111,鼎翰一,等價,0.0,0.0,0.0,0.0,0.0,0,0,0,99.0,99.2,109.1,89.3
2017-05-22,36111,鼎翰一,等價,0.0,0.0,0.0,0.0,0.0,0,0,0,99.0,99.35,109.25,89.45
2017-05-23,36111,鼎翰一,等價,0.0,0.0,0.0,0.0,0.0,0,0,0,99.0,99.7,109.65,89.75
2017-05-24,36111,鼎翰一,等價,0.0,0.0,0.0,0.0,0.0,0,0,0,99.0,100.0,110.0,90.0
2017-05-25,36111,鼎翰一,等價,99.9,-0.1,99.9,99.9,99.9,1,10,999000,99.9,99.9,109.85,89.95
2017-05-26,36111,鼎翰一,等價,0.0,0.0,0.0,0.0,0.0,0,0,0,99.9,99.9,109.85,89.95
2017-05-31,36111,鼎翰一,等價,99.9,0.0,100.0,100.0,99.9,2,20,1999000,99.95,99.9,109.85,89.95
2017-06-01,36111,鼎翰一,等價,100.0,0.1,100.0,100.0,100.0,1,9,900000,100.0,100.0,110.0,90.0
2017-06-02,36111,鼎翰一,等價,100.0,0.0,100.0,100.0,100.0,1,5,500000,100.0,100.0,110.0,90.0
2017-06-05,36111,鼎翰一,等價,100.0,0.0,100.0,100.0,100.0,1,2,200000,100.0,100.0,110.0,90.0
2017-06-06,36111,鼎翰一,等價,0.0,0.0,0.0,0.0,0.0,0,0,0,100.0,100.0,110.0,90.0
2017-06-07,36111,鼎翰一,等價,0.0,0.0,0.0,0.0,0.0,0,0,0,100.0,99.9,109.85,89.95
2017-06-08,36111,鼎翰一,等價,99.5,-0.4,99.5,99.5,99.5,3,30,2985000,99.5,99.5,109.45,89.55
2017-06-09,36111,鼎翰一,等價,0.0,0.0,0.0,0.0,0.0,0,0,0,99.5,99.5,109.45,89.55
2017-06-12,36111,鼎翰一,等價,0.0,0.0,0.0,0.0,0.0,0,0,0,99.5,99.5,109.45,89.55
2017-06-13,36111,鼎翰一,等價,0.0,0.0,0.0,0.0,0.0,0,0,0,99.5,99.5,109.45,89.55
2017-06-14,36111,鼎翰一,等價,99.1,-0.4,99.1,99.1,99.1,1,1,99100,99.1,99.1,109.0,89.2
2017-06-15,36111,鼎翰一,等價,0.0,0.0,0.0,0.0,0.0,0,0,0,99.1,99.35,109.25,89.45
2017-06-16,36111,鼎翰一,等價,0.0,0.0,0.0,0.0,0.0,0,0,0,99.1,99.35,109.25,89.45
2017-06-19,36111,鼎翰一,等價,0.0,0.0,0.0,0.0,0.0,0,0,0,99.1,99.35,109.25,89.45
2017-06-20,36111,鼎翰一,等價,0.0,0.0,0.0,0.0,0.0,0,0,0,99.1,99.35,109.25,89.45
2017-06-21,36111,鼎翰一,等價,101.5,2.15,101.5,101.5,101.5,4,22,2233000,101.5,101.5,111.65,91.35
2017-06-22,36111,鼎翰一,等價,100.5,-1.0,99.5,100.5,99.5,2,20,2000000,100.0,100.5,110.55,90.45
2017-06-23,36111,鼎翰一,等價,0.0,0.0,0.0,0.0,0.0,0,0,0,100.0,99.8,109.75,89.85
2017-06-26,36111,鼎翰一,等價,0.0,0.0,0.0,0.0,0.0,0,0,0,100.0,99.8,109.75,89.85
2017-06-27,36111,鼎翰一,等價,0.0,0.0,0.0,0.0,0.0,0,0,0,100.0,99.8,109.75,89.85
2017-06-28,36111,鼎翰一,等價,100.0,0.2,100.0,100.0,100.0,3,10,1000000,100.0,100.0,110.0,90.0
2017-06-29,36111,鼎翰一,等價,0.0,0.0,0.0,0.0,0.0,0,0,0,100.0,100.0,110.0,90.0
2017-06-30,36111,鼎翰一,等價,0.0,0.0,0.0,0.0,0.0,0,0,0,100.0,100.0,110.0,90.0
2017-07-03,36111,鼎翰一,等價,0.0,0.0,0.0,0.0,0.0,0,0,0,100.0,100.0,110.0,90.0
2017-07-04,36111,鼎翰一,等價,0.0,0.0,0.0,0.0,0.0,0,0,0,100.0,100.0,110.0,90.0
2017-07-05,36111,鼎翰一,等價,100.0,0.0,100.0,100.0,100.0,2,20,2000000,100.0,100.0,110.0,90.0
2017-07-06,36111,鼎翰一,等價,99.5,-0.5,99.5,99.5,99.5,1,2,199000,99.5,99.5,109.45,89.55
2017-07-07,36111,鼎翰一,等價,0.0,0.0,0.0,0.0,0.0,0,0,0,99.5,99.5,109.45,89.55
2017-07-10,36111,鼎翰一,等價,0.0,0.0,0.0,0.0,0.0,0,0,0,99.5,99.5,109.45,89.55
2017-07-11,36111,鼎翰一,等價,99.5,0.0,99.5,99.5,99.5,3,13,1293500,99.5,99.5,109.45,89.55
2017-07-12,36111,鼎翰一,等價,99.2,-0.3,99.2,99.2,99.2,1,1,99200,99.2,99.2,109.1,89.3
2017-07-13,36111,鼎翰一,等價,99.1,-0.1,99.1,99.1,99.1,1,1,99100,99.1,99.1,109.0,89.2
2017-07-14,36111,鼎翰一,等價,0.0,0.0,0.0,0.0,0.0,0,0,0,99.1,99.1,109.0,89.2
2017-07-17,36111,鼎翰一,等價,0.0,0.0,0.0,0.0,0.0,0,0,0,99.1,99.1,109.0,89.2
2017-07-18,36111,鼎翰一,等價,0.0,0.0,0.0,0.0,0.0,0,0,0,99.1,99.1,109.0,89.2
2017-07-19,36111,鼎翰一,等價,99.0,-0.1,99.0,99.0,99.0,4,32,3168000,99.0,99.0,108.9,89.1
2017-07-20,36111,鼎翰一,等價,99.0,0.0,99.0,99.0,99.0,1,9,891000,99.0,99.0,108.9,89.1
2017-07-21,36111,鼎翰一,等價,0.0,0.0,0.0,0.0,0.0,0,0,0,99.0,99.0,108.9,89.1
2017-07-24,36111,鼎翰一,等價,0.0,0.0,0.0,0.0,0.0,0,0,0,99.0,99.0,108.9,89.1
2017-07-25,36111,鼎翰一,等價,98.0,-1.0,98.5,99.0,98.0,7,93,9170050,98.6,98.0,107.8,88.2
2017-07-26,36111,鼎翰一,等價,99.5,1.5,99.3,99.5,99.3,4,27,2684600,99.42,99.5,109.45,89.55
2017-07-27,36111,鼎翰一,等價,0.0,0.0,0.0,0.0,0.0,0,0,0,99.42,99.5,109.45,89.55
2017-07-28,36111,鼎翰一,等價,0.0,0.0,0.0,0.0,0.0,0,0,0,99.42,99.5,109.45,89.55
2017-07-31,36111,鼎翰一,等價,0.0,0.0,0.0,0.0,0.0,0,0,0,99.42,99.5,109.45,89.55
2017-08-01,36111,鼎翰一,等價,0.0,0.0,0.0,0.0,0.0,0,0,0,99.42,99.5,109.45,89.55
2017-08-02,36111,鼎翰一,等價,0.0,0.0,0.0,0.0,0.0,0,0,0,99.42,99.5,109.45,89.55
2017-08-03,36111,鼎翰一,等價,0.0,0.0,0.0,0.0,0.0,0,0,0,99.42,99.5,109.45,89.55
2017-08-04,36111,鼎翰一,等價,0.0,0.0,0.0,0.0,0.0,0,0,0,99.42,99.5,109.45,89.55
2017-08-07,36111,鼎翰一,等價,0.0,0.0,0.0,0.0,0.0,0,0,0,99.42,99.5,109.45,89.55
2017-08-08,36111,鼎翰一,等價,0.0,0.0,0.0,0.0,0.0,0,0,0,99.42,99.5,109.45,89.55
2017-08-09,36111,鼎翰一,等價,0.0,0.0,0.0,0.0,0.0,0,0,0,99.42,99.5,109.45,89.55
2017-08-10,36111,鼎翰一,等價,99.0,-0.5,99.3,99.3,99.0,3,16,1584900,99.05,99.0,108.9,89.1
2017-08-11,36111,鼎翰一,等價,0.0,0.0,0.0,0.0,0.0,0,0,0,99.05,99.0,108.9,89.1
2017-08-14,36111,鼎翰一,等價,0.0,0.0,0.0,0.0,0.0,0,0,0,99.05,99.05,108.95,89.15
2017-08-15,36111,鼎翰一,等價,0.0,0.0,0.0,0.0,0.0,0,0,0,99.05,99.05,108.95,89.15
2017-08-16,36111,鼎翰一,等價,99.0,-0.05,99.0,99.05,99.0,7,130,12871500,99.01,99.0,108.9,89.1
2017-08-17,36111,鼎翰一,等價,99.0,0.0,99.0,99.0,99.0,1,15,1485000,99.0,99.0,108.9,89.1
2017-08-18,36111,鼎翰一,等價,0.0,0.0,0.0,0.0,0.0,0,0,0,99.0,99.05,108.95,89.15
2017-08-21,36111,鼎翰一,等價,0.0,0.0,0.0,0.0,0.0,0,0,0,99.0,99.05,108.95,89.15
2017-08-22,36111,鼎翰一,等價,0.0,0.0,0.0,0.0,0.0,0,0,0,99.0,99.05,108.95,89.15
2017-08-23,36111,鼎翰一,等價,0.0,0.0,0.0,0.0,0.0,0,0,0,99.0,99.2,109.1,89.3
2017-08-24,36111,鼎翰一,等價,0.0,0.0,0.0,0.0,0.0,0,0,0,99.0,99.25,109.15,89.35
2017-08-25,36111,鼎翰一,等價,99.2,-0.05,99.2,99.2,99.2,1,15,1488000,99.2,99.2,109.1,89.3
2017-08-28,36111,鼎翰一,等價,0.0,0.0,0.0,0.0,0.0,0,0,0,99.2,99.4,109.3,89.5
2017-08-29,36111,鼎翰一,等價,99.65,0.25,99.85,99.85,99.4,4,78,7783200,99.78,99.65,109.6,89.7
2017-08-30,36111,鼎翰一,等價,100.0,0.35,100.0,100.0,100.0,4,21,2100000,100.0,100.0,110.0,90.0
2017-08-31,36111,鼎翰一,等價,100.0,0.0,100.0,100.0,100.0,1,10,1000000,100.0,100.0,110.0,90.0
2017-09-01,36111,鼎翰一,等價,101.0,1.0,101.0,101.0,101.0,1,2,202000,101.0,101.0,111.1,90.9
2017-09-04,36111,鼎翰一,等價,0.0,0.0,0.0,0.0,0.0,0,0,0,101.0,101.0,111.1,90.9
2017-09-05,36111,鼎翰一,等價,101.5,0.5,101.0,101.5,101.0,13,70,7099000,101.41,101.5,111.65,91.35
2017-09-06,36111,鼎翰一,等價,101.5,0.0,101.1,101.5,101.1,15,51,5172300,101.41,101.5,111.65,91.35
2017-09-07,36111,鼎翰一,等價,102.2,0.7,101.7,102.2,101.7,10,29,2957600,101.98,102.2,112.4,92.0
2017-09-08,36111,鼎翰一,等價,103.0,0.8,102.5,103.05,102.5,15,196,20154900,102.83,103.0,113.3,92.7
2017-09-11,36111,鼎翰一,等價,103.5,0.5,103.0,103.9,103.0,11,42,4341300,103.36,103.5,113.85,93.15
2017-09-12,36111,鼎翰一,等價,102.6,-0.9,103.1,103.1,102.6,4,39,4014900,102.94,102.6,112.85,92.35
2017-09-13,36111,鼎翰一,等價,102.9,0.3,102.9,102.9,102.9,1,3,308700,102.9,102.9,113.15,92.65
2017-09-14,36111,鼎翰一,等價,102.9,0.0,102.95,103.0,102.9,6,26,2676500,102.94,102.9,113.15,92.65
2017-09-15,36111,鼎翰一,等價,0.0,0.0,0.0,0.0,0.0,0,0,0,102.94,102.8,113.05,92.55
2017-09-18,36111,鼎翰一,等價,0.0,0.0,0.0,0.0,0.0,0,0,0,102.94,102.8,113.05,92.55
2017-09-19,36111,鼎翰一,等價,101.8,-1.0,101.8,101.8,101.8,1,10,1018000,101.8,101.8,111.95,91.65
2017-09-20,36111,鼎翰一,等價,0.0,0.0,0.0,0.0,0.0,0,0,0,101.8,101.8,111.95,91.65
2017-09-21,36111,鼎翰一,等價,104.2,2.4,102.8,104.4,102.8,34,163,16884700,103.58,104.2,114.6,93.8
2017-09-22,36111,鼎翰一,等價,104.0,-0.2,104.2,104.2,103.5,16,112,11630800,103.84,104.0,114.4,93.6
2017-09-25,36111,鼎翰一,等價,102.5,-1.5,103.0,103.0,102.5,3,8,823500,102.93,102.5,112.75,92.25
2017-09-26,36111,鼎翰一,等價,102.0,-0.5,103.0,103.0,102.0,5,24,2463000,102.62,102.0,112.2,91.8
2017-09-27,36111,鼎翰一,等價,102.0,0.0,102.0,102.0,102.0,12,43,4386000,102.0,102.0,112.2,91.8
2017-09-28,36111,鼎翰一,等價,0.0,0.0,0.0,0.0,0.0,0,0,0,102.0,102.0,112.2,91.8
2017-09-29,36111,鼎翰一,等價,0.0,0.0,0.0,0.0,0.0,0,0,0,102.0,102.0,112.2,91.8
2017-10-02,36111,鼎翰一,等價,102.5,0.5,102.5,102.5,102.5,1,15,1537500,102.5,102.5,112.75,92.25
2017-10-03,36111,鼎翰一,等價,0.0,0.0,0.0,0.0,0.0,0,0,0,102.5,102.5,112.75,92.25
2017-10-05,36111,鼎翰一,等價,102.05,-0.45,102.05,102.05,102.05,1,10,1020500,102.05,102.05,112.25,91.85
2017-10-06,36111,鼎翰一,等價,103.0,0.95,102.15,103.0,102.15,2,20,2051500,102.57,103.0,113.3,92.7
2017-10-11,36111,鼎翰一,等價,102.1,-0.9,104.5,104.5,102.1,4,17,1762100,103.65,102.1,112.3,91.9
2017-10-12,36111,鼎翰一,等價,102.0,-0.1,102.1,102.1,102.0,5,35,3572000,102.05,102.0,112.2,91.8
2017-10-13,36111,鼎翰一,等價,102.0,0.0,102.0,102.3,102.0,11,55,5618000,102.14,102.0,112.2,91.8
2017-10-16,36111,鼎翰一,等價,104.5,2.5,104.5,104.5,104.5,2,26,2717000,104.5,104.5,114.95,94.05
2017-10-17,36111,鼎翰一,等價,102.0,-2.5,101.8,102.0,101.8,3,23,2342000,101.82,102.0,112.2,91.8
2017-10-18,36111,鼎翰一,等價,0.0,0.0,0.0,0.0,0.0,0,0,0,101.82,102.0,112.2,91.8
2017-10-19,36111,鼎翰一,等價,0.0,0.0,0.0,0.0,0.0,0,0,0,101.82,102.0,112.2,91.8
2017-10-20,36111,鼎翰一,等價,0.0,0.0,0.0,0.0,0.0,0,0,0,101.82,102.0,112.2,91.8
2017-10-23,36111,鼎翰一,等價,0.0,0.0,0.0,0.0,0.0,0,0,0,101.82,102.0,112.2,91.8
2017-10-24,36111,鼎翰一,等價,102.4,0.4,102.0,102.4,101.8,4,19,1938400,102.02,102.4,112.6,92.2
2017-10-25,36111,鼎翰一,等價,102.5,0.1,104.5,104.5,102.5,6,28,2924000,104.42,102.5,112.75,92.25
2017-10-26,36111,鼎翰一,等價,102.1,-0.4,102.0,102.1,102.0,2,5,510200,102.04,102.1,112.3,91.9
2017-10-27,36111,鼎翰一,等價,102.1,0.0,102.0,102.1,102.0,14,41,4182350,102.0,102.1,112.3,91.9
2017-10-30,36111,鼎翰一,等價,101.8,-0.3,104.0,104.0,101.8,10,37,3830400,103.52,101.8,111.95,91.65
2017-10-31,36111,鼎翰一,等價,101.8,0.0,101.8,102.0,101.8,3,7,713400,101.91,101.8,111.95,91.65
2017-11-01,36111,鼎翰一,等價,101.6,-0.2,103.0,104.0,101.6,9,52,5370600,103.28,101.6,111.75,91.45
2017-11-02,36111,鼎翰一,等價,102.4,0.8,102.0,103.9,102.0,14,86,8859400,103.01,102.4,112.6,92.2
2017-11-03,36111,鼎翰一,等價,102.0,-0.4,103.4,103.4,102.0,3,12,1239400,103.28,102.0,112.2,91.8
2017-11-06,36111,鼎翰一,等價,102.0,0.0,102.1,102.1,102.0,3,19,1939000,102.05,102.0,112.2,91.8
2017-11-07,36111,鼎翰一,等價,102.5,0.5,102.5,102.5,102.5,1,3,307500,102.5,102.5,112.75,92.25
2017-11-08,36111,鼎翰一,等價,102.4,-0.1,102.9,102.9,102.4,3,14,1439100,102.79,102.4,112.6,92.2
2017-11-09,36111,鼎翰一,等價,102.0,-0.4,102.0,102.0,102.0,12,42,4284000,102.0,102.0,112.2,91.8
2017-11-10,36111,鼎翰一,等價,102.0,0.0,102.0,102.0,102.0,3,10,1020000,102.0,102.0,112.2,91.8
2017-11-13,36111,鼎翰一,等價,101.8,-0.2,103.6,103.6,101.8,4,32,3313400,103.54,101.8,111.95,91.65
2017-11-14,36111,鼎翰一,等價,101.8,0.0,101.8,101.8,101.8,2,9,916200,101.8,101.8,111.95,91.65
2017-11-15,36111,鼎翰一,等價,0.0,0.0,0.0,0.0,0.0,0,0,0,101.8,101.8,111.95,91.65
2017-11-16,36111,鼎翰一,等價,102.0,0.2,102.0,102.0,102.0,12,50,5100000,102.0,102.0,112.2,91.8
2017-11-17,36111,鼎翰一,等價,102.0,0.0,102.0,102.0,102.0,1,6,612000,102.0,102.0,112.2,91.8
2017-11-20,36111,鼎翰一,等價,101.8,-0.2,102.0,102.8,101.8,12,53,5422400,102.3,101.8,111.95,91.65
2017-11-21,36111,鼎翰一,等價,0.0,0.0,0.0,0.0,0.0,0,0,0,102.3,101.8,111.95,91.65
2017-11-22,36111,鼎翰一,等價,101.6,-0.2,102.95,102.95,101.6,5,34,3494450,102.77,101.6,111.75,91.45
2017-11-23,36111,鼎翰一,等價,101.7,0.1,101.6,101.7,101.4,7,16,1625100,101.56,101.7,111.85,91.55
2017-11-24,36111,鼎翰一,等價,102.3,0.6,102.8,102.85,102.3,4,14,1437100,102.65,102.3,112.5,92.1
2017-11-27,36111,鼎翰一,等價,102.0,-0.3,101.2,102.0,101.2,2,7,712400,101.77,102.0,112.2,91.8
2017-11-28,36111,鼎翰一,等價,0.0,0.0,0.0,0.0,0.0,0,0,0,101.77,102.0,112.2,91.8
2017-11-29,36111,鼎翰一,等價,102.0,0.0,102.8,102.8,102.0,3,6,616000,102.66,102.0,112.2,91.8
2017-11-30,36111,鼎翰一,等價,102.0,0.0,102.0,102.0,102.0,2,12,1224000,102.0,102.0,112.2,91.8
2017-12-01,36111,鼎翰一,等價,101.5,-0.5,102.2,102.2,101.5,8,107,10919500,102.05,101.5,111.65,91.35
2017-12-04,36111,鼎翰一,等價,102.0,0.5,102.4,102.5,102.0,17,130,13298700,102.29,102.0,112.2,91.8
2017-12-05,36111,鼎翰一,等價,101.65,-0.35,101.65,101.65,101.65,1,2,203300,101.65,101.65,111.8,91.5
2017-12-06,36111,鼎翰一,等價,101.8,0.15,101.8,101.8,101.8,12,51,5191800,101.8,101.8,111.95,91.65
2017-12-07,36111,鼎翰一,等價,101.7,-0.1,102.0,103.0,101.7,7,74,7572700,102.33,101.7,111.85,91.55
2017-12-08,36111,鼎翰一,等價,102.2,0.5,102.0,102.4,102.0,8,89,9088000,102.11,102.2,112.4,92.0
2017-12-11,36111,鼎翰一,等價,103.2,1.0,102.8,103.2,102.6,10,53,5457000,102.96,103.2,113.5,92.9
2017-12-12,36111,鼎翰一,等價,103.2,0.0,103.2,103.2,103.2,3,21,2167200,103.2,103.2,113.5,92.9
2017-12-13,36111,鼎翰一,等價,0.0,0.0,0.0,0.0,0.0,0,0,0,103.2,103.05,113.35,92.75
2017-12-14,36111,鼎翰一,等價,102.5,-0.55,102.5,102.5,102.5,1,8,820000,102.5,102.5,112.75,92.25
2017-12-15,36111,鼎翰一,等價,0.0,0.0,0.0,0.0,0.0,0,0,0,102.5,102.5,112.75,92.25
2017-12-18,36111,鼎翰一,等價,0.0,0.0,0.0,0.0,0.0,0,0,0,102.5,102.5,112.75,92.25
2017-12-19,36111,鼎翰一,等價,101.8,-0.7,101.8,101.8,101.8,1,2,203600,101.8,101.8,111.95,91.65
2017-12-20,36111,鼎翰一,等價,0.0,0.0,0.0,0.0,0.0,0,0,0,101.8,101.8,111.95,91.65
2017-12-21,36111,鼎翰一,等價,102.0,0.2,102.0,102.0,102.0,1,10,1020000,102.0,102.0,112.2,91.8
2017-12-22,36111,鼎翰一,等價,0.0,0.0,0.0,0.0,0.0,0,0,0,102.0,102.0,112.2,91.8
2017-12-25,36111,鼎翰一,等價,0.0,0.0,0.0,0.0,0.0,0,0,0,102.0,102.0,112.2,91.8
2017-12-26,36111,鼎翰一,等價,102.0,0.0,101.5,102.0,101.5,4,50,5085000,101.7,102.0,112.2,91.8
2017-12-27,36111,鼎翰一,等價,0.0,0.0,0.0,0.0,0.0,0,0,0,101.7,102.0,112.2,91.8
2017-12-28,36111,鼎翰一,等價,102.5,0.5,102.5,102.5,102.5,1,5,512500,102.5,102.5,112.75,92.25
2017-12-29,36111,鼎翰一,等價,102.5,0.0,101.8,102.5,101.8,2,6,611500,101.91,102.5,112.75,92.25
2018-01-02,36111,鼎翰一,等價,0.0,0.0,0.0,0.0,0.0,0,0,0,101.91,102.4,112.6,92.2
2018-01-03,36111,鼎翰一,等價,102.0,-0.4,102.0,102.0,101.9,8,46,4691500,101.98,102.0,112.2,91.8
2018-01-04,36111,鼎翰一,等價,102.0,0.0,102.0,102.0,102.0,3,20,2040000,102.0,102.0,112.2,91.8
2018-01-05,36111,鼎翰一,等價,101.0,-1.0,101.0,101.0,101.0,1,17,1717000,101.0,101.0,111.1,90.9
2018-01-08,36111,鼎翰一,等價,102.0,1.0,102.0,102.0,102.0,3,16,1632000,102.0,102.0,112.2,91.8
2018-01-09,36111,鼎翰一,等價,102.0,0.0,102.0,102.9,102.0,10,59,6053000,102.59,102.0,112.2,91.8
2018-01-10,36111,鼎翰一,等價,102.5,0.5,102.85,102.85,102.5,4,13,1335300,102.71,102.5,112.75,92.25
2018-01-11,36111,鼎翰一,等價,0.0,0.0,0.0,0.0,0.0,0,0,0,102.71,102.3,112.5,92.1
2018-01-12,36111,鼎翰一,等價,0.0,0.0,0.0,0.0,0.0,0,0,0,102.71,102.3,112.5,92.1
2018-01-15,36111,鼎翰一,等價,102.0,-0.3,102.0,102.0,102.0,4,26,2652000,102.0,102.0,112.2,91.8
2018-01-16,36111,鼎翰一,等價,102.0,0.0,102.0,102.0,102.0,8,40,4080000,102.0,102.0,112.2,91.8
2018-01-17,36111,鼎翰一,等價,102.0,0.0,102.45,102.5,102.0,14,152,15574350,102.46,102.0,112.2,91.8
2018-01-18,36111,鼎翰一,等價,104.0,2.0,102.5,104.0,102.5,24,182,18845500,103.54,104.0,114.4,93.6
2018-01-19,36111,鼎翰一,等價,103.5,-0.5,103.9,103.9,102.8,13,104,10698200,102.86,103.5,113.85,93.15
2018-01-22,36111,鼎翰一,等價,105.5,2.0,103.5,105.5,103.5,72,366,38372550,104.84,105.5,116.05,94.95
2018-01-23,36111,鼎翰一,等價,105.95,0.45,105.2,107.0,104.0,67,422,44801650,106.16,105.95,116.5,95.4
2018-01-24,36111,鼎翰一,等價,105.0,-0.95,105.95,105.95,105.0,15,96,10089150,105.09,105.0,115.5,94.5
2018-01-25,36111,鼎翰一,等價,104.55,-0.45,105.05,105.05,104.55,24,102,10688650,104.79,104.55,115.0,94.1
2018-01-26,36111,鼎翰一,等價,105.4,0.85,104.5,105.4,104.5,10,33,3460900,104.87,105.4,115.9,94.9
2018-01-29,36111,鼎翰一,等價,105.0,-0.4,105.5,105.5,105.0,18,55,5783400,105.15,105.0,115.5,94.5
2018-01-30,36111,鼎翰一,等價,0.0,0.0,0.0,0.0,0.0,0,0,0,105.15,104.5,114.95,94.05
2018-01-31,36111,鼎翰一,等價,104.9,0.4,104.0,104.9,104.0,15,73,7623200,104.42,104.9,115.35,94.45
2018-02-01,36111,鼎翰一,等價,104.2,-0.7,104.1,104.2,104.1,4,40,4166000,104.15,104.2,114.6,93.8
2018-02-02,36111,鼎翰一,等價,104.1,-0.1,104.1,104.1,104.1,1,10,1041000,104.1,104.1,114.5,93.7
2018-02-05,36111,鼎翰一,等價,103.6,-0.5,103.4,103.6,103.4,6,84,8692400,103.48,103.6,113.95,93.25
2018-02-06,36111,鼎翰一,等價,102.0,-1.6,103.0,103.0,101.0,5,37,3773500,101.98,102.0,112.2,91.8
2018-02-07,36111,鼎翰一,等價,103.0,1.0,103.0,103.0,103.0,3,5,515000,103.0,103.0,113.3,92.7
2018-02-08,36111,鼎翰一,等價,102.0,-1.0,102.0,102.0,102.0,1,1,102000,102.0,102.0,112.2,91.8
2018-02-09,36111,鼎翰一,等價,102.5,0.5,102.0,102.5,102.0,5,40,4085000,102.12,102.5,112.75,92.25
2018-02-12,36111,鼎翰一,等價,0.0,0.0,0.0,0.0,0.0,0,0,0,102.12,102.5,112.75,92.25
2018-02-13,36111,鼎翰一,等價,0.0,0.0,0.0,0.0,0.0,0,0,0,102.12,102.5,112.75,92.25
2018-02-14,36111,鼎翰一,等價,0.0,0.0,0.0,0.0,0.0,0,0,0,102.12,102.5,112.75,92.25
2018-02-21,36111,鼎翰一,等價,0.0,0.0,0.0,0.0,0.0,0,0,0,102.12,102.5,112.75,92.25
2018-02-22,36111,鼎翰一,等價,102.0,-0.5,102.0,102.0,102.0,1,5,510000,102.0,102.0,112.2,91.8
2018-02-23,36111,鼎翰一,等價,0.0,0.0,0.0,0.0,0.0,0,0,0,102.0,102.0,112.2,91.8
2018-02-26,36111,鼎翰一,等價,0.0,0.0,0.0,0.0,0.0,0,0,0,102.0,102.0,112.2,91.8
2018-02-27,36111,鼎翰一,等價,103.0,1.0,102.0,103.0,102.0,7,38,3878000,102.04,103.0,113.3,92.7
2018-03-01,36111,鼎翰一,等價,102.0,-1.0,102.0,102.0,102.0,4,38,3876000,102.0,102.0,112.2,91.8
2018-03-02,36111,鼎翰一,等價,103.0,1.0,102.0,103.0,102.0,9,22,2246000,102.09,103.0,113.3,92.7
2018-03-05,36111,鼎翰一,等價,102.9,-0.1,102.9,102.9,102.9,1,5,514500,102.9,102.9,113.15,92.65
2018-03-06,36111,鼎翰一,等價,0.0,0.0,0.0,0.0,0.0,0,0,0,102.9,102.9,113.15,92.65
2018-03-07,36111,鼎翰一,等價,102.8,-0.1,102.9,102.9,102.8,3,13,1336900,102.83,102.8,113.05,92.55
2018-03-08,36111,鼎翰一,等價,103.1,0.3,103.0,103.1,103.0,8,83,8552150,103.03,103.1,113.4,92.8
2018-03-09,36111,鼎翰一,等價,0.0,0.0,0.0,0.0,0.0,0,0,0,103.03,103.1,113.4,92.8
2018-03-12,36111,鼎翰一,等價,0.0,0.0,0.0,0.0,0.0,0,0,0,103.03,103.1,113.4,92.8
2018-03-13,36111,鼎翰一,等價,0.0,0.0,0.0,0.0,0.0,0,0,0,103.03,103.1,113.4,92.8
2018-03-14,36111,鼎翰一,等價,0.0,0.0,0.0,0.0,0.0,0,0,0,103.03,103.1,113.4,92.8
2018-03-15,36111,鼎翰一,等價,102.0,-1.1,102.0,102.0,102.0,1,5,510000,102.0,102.0,112.2,91.8
2018-03-16,36111,鼎翰一,等價,103.2,1.2,103.0,103.2,103.0,8,119,12262900,103.04,103.2,113.5,92.9
2018-03-19,36111,鼎翰一,等價,103.4,0.2,103.4,103.4,103.4,5,35,3619000,103.4,103.4,113.7,93.1
2018-03-20,36111,鼎翰一,等價,103.25,-0.15,103.3,103.3,103.25,4,22,2272000,103.27,103.25,113.55,92.95
2018-03-21,36111,鼎翰一,等價,102.5,-0.75,103.0,103.0,102.5,6,63,6474950,102.77,102.5,112.75,92.25
2018-03-22,36111,鼎翰一,等價,102.0,-0.5,103.1,103.1,102.0,4,61,6224100,102.03,102.0,112.2,91.8
2018-03-23,36111,鼎翰一,等價,101.2,-0.8,101.5,101.5,101.0,5,43,4350000,101.16,101.2,111.3,91.1
2018-03-26,36111,鼎翰一,等價,0.0,0.0,0.0,0.0,0.0,0,0,0,101.16,101.2,111.3,91.1
2018-03-27,36111,鼎翰一,等價,0.0,0.0,0.0,0.0,0.0,0,0,0,101.16,101.2,111.3,91.1
2018-03-28,36111,鼎翰一,等價,0.0,0.0,0.0,0.0,0.0,0,0,0,101.16,101.2,111.3,91.1
2018-03-29,36111,鼎翰一,等價,0.0,0.0,0.0,0.0,0.0,0,0,0,101.16,101.2,111.3,91.1
2018-03-30,36111,鼎翰一,等價,101.5,0.3,101.5,101.5,101.5,5,5,507500,101.5,101.5,111.65,91.35
2018-04-02,36111,鼎翰一,等價,101.0,0.4,100.0,101.0,100.0,11,112,11211400,100.1,101.0,111.1,90.9
2018-04-03,36111,鼎翰一,等價,100.0,-1.0,100.0,100.0,100.0,1,20,2000000,100.0,100.0,110.0,90.0
2018-04-09,36111,鼎翰一,等價,100.0,0.0,100.0,100.3,100.0,7,96,9608000,100.08,100.0,110.0,90.0
2018-04-10,36111,鼎翰一,等價,101.0,1.0,101.0,101.0,101.0,1,1,101000,101.0,101.0,111.1,90.9
2018-04-11,36111,鼎翰一,等價,101.0,0.0,101.0,101.0,101.0,4,10,1010000,101.0,101.0,111.1,90.9
2018-04-12,36111,鼎翰一,等價,0.0,0.0,0.0,0.0,0.0,0,0,0,101.0,101.0,111.1,90.9
2018-04-13,36111,鼎翰一,等價,0.0,0.0,0.0,0.0,0.0,0,0,0,101.0,101.0,111.1,90.9
2018-04-16,36111,鼎翰一,等價,100.5,-0.5,100.5,100.5,100.5,3,15,1507500,100.5,100.5,110.55,90.45
2018-04-17,36111,鼎翰一,等價,100.1,-0.4,100.5,100.5,100.1,5,60,6015000,100.25,100.1,110.1,90.1
2018-04-18,36111,鼎翰一,等價,100.2,0.1,100.9,100.9,100.2,2,21,2104900,100.23,100.2,110.2,90.2
2018-04-19,36111,鼎翰一,等價,0.0,0.0,0.0,0.0,0.0,0,0,0,100.23,100.3,110.3,90.3
2018-04-20,36111,鼎翰一,等價,0.0,0.0,0.0,0.0,0.0,0,0,0,100.23,100.3,110.3,90.3
2018-04-23,36111,鼎翰一,等價,100.0,-0.3,100.3,100.3,100.0,6,61,6103300,100.05,100.0,110.0,90.0
2018-04-24,36111,鼎翰一,等價,100.0,0.0,100.0,100.0,100.0,1,5,500000,100.0,100.0,110.0,90.0
2018-04-25,36111,鼎翰一,等價,100.5,0.5,100.5,100.5,100.5,5,20,2010000,100.5,100.5,110.55,90.45
2018-04-26,36111,鼎翰一,等價,100.0,-0.5,100.0,100.0,100.0,7,282,28200000,100.0,100.0,110.0,90.0
2018-04-27,36111,鼎翰一,等價,0.0,0.0,0.0,0.0,0.0,0,0,0,100.0,100.0,110.0,90.0
2018-04-30,36111,鼎翰一,等價,0.0,0.0,0.0,0.0,0.0,0,0,0,100.0,100.0,110.0,90.0
2018-05-02,36111,鼎翰一,等價,0.0,0.0,0.0,0.0,0.0,0,0,0,100.0,100.0,110.0,90.0
2018-05-03,36111,鼎翰一,等價,0.0,0.0,0.0,0.0,0.0,0,0,0,100.0,100.0,110.0,90.0
2018-05-04,36111,鼎翰一,等價,99.5,-0.5,99.5,99.5,99.5,1,1,99500,99.5,99.5,109.45,89.55
2018-05-07,36111,鼎翰一,等價,0.0,0.0,0.0,0.0,0.0,0,0,0,99.5,99.5,109.45,89.55
2018-05-08,36111,鼎翰一,等價,101.0,1.5,101.0,101.0,101.0,1,1,101000,101.0,101.0,111.1,90.9
2018-05-09,36111,鼎翰一,等價,0.0,0.0,0.0,0.0,0.0,0,0,0,101.0,100.8,110.85,90.75
2018-05-10,36111,鼎翰一,等價,0.0,0.0,0.0,0.0,0.0,0,0,0,101.0,100.8,110.85,90.75
2018-05-11,36111,鼎翰一,等價,0.0,0.0,0.0,0.0,0.0,0,0,0,101.0,100.8,110.85,90.75
2018-05-14,36111,鼎翰一,等價,100.8,0.0,100.8,100.8,100.8,3,9,907200,100.8,100.8,110.85,90.75
2018-05-15,36111,鼎翰一,等價,0.0,0.0,0.0,0.0,0.0,0,0,0,100.8,100.8,110.85,90.75
2018-05-16,36111,鼎翰一,等價,100.9,0.1,101.0,101.0,100.9,3,34,3431900,100.93,100.9,110.95,90.85
2018-05-17,36111,鼎翰一,等價,0.0,0.0,0.0,0.0,0.0,0,0,0,100.93,100.9,110.95,90.85
2018-05-18,36111,鼎翰一,等價,0.0,0.0,0.0,0.0,0.0,0,0,0,100.93,101.9,112.05,91.75
2018-05-21,36111,鼎翰一,等價,0.0,0.0,0.0,0.0,0.0,0,0,0,100.93,101.5,111.65,91.35
2018-05-22,36111,鼎翰一,等價,0.0,0.0,0.0,0.0,0.0,0,0,0,100.93,101.0,111.1,90.9
2018-05-23,36111,鼎翰一,等價,0.0,0.0,0.0,0.0,0.0,0,0,0,100.93,101.0,111.1,90.9
2018-05-24,36111,鼎翰一,等價,0.0,0.0,0.0,0.0,0.0,0,0,0,100.93,101.0,111.1,90.9
2018-05-25,36111,鼎翰一,等價,0.0,0.0,0.0,0.0,0.0,0,0,0,100.93,100.7,110.75,90.65
2018-05-28,36111,鼎翰一,等價,0.0,0.0,0.0,0.0,0.0,0,0,0,100.93,100.7,110.75,90.65
2018-05-29,36111,鼎翰一,等價,100.0,-0.7,99.2,100.0,99.2,5,46,4575600,99.46,100.0,110.0,90.0
2018-05-30,36111,鼎翰一,等價,99.9,-0.1,99.8,99.9,99.8,2,30,2995000,99.83,99.9,109.85,89.95
2018-05-31,36111,鼎翰一,等價,0.0,0.0,0.0,0.0,0.0,0,0,0,99.83,99.9,109.85,89.95
2018-06-01,36111,鼎翰一,等價,100.8,0.9,100.0,100.8,100.0,2,51,5100800,100.01,100.8,110.85,90.75
2018-06-04,36111,鼎翰一,等價,0.0,0.0,0.0,0.0,0.0,0,0,0,100.01,100.75,110.8,90.7
2018-06-05,36111,鼎翰一,等價,0.0,0.0,0.0,0.0,0.0,0,0,0,100.01,100.75,110.8,90.7
2018-06-06,36111,鼎翰一,等價,0.0,0.0,0.0,0.0,0.0,0,0,0,100.01,100.75,110.8,90.7
2018-06-07,36111,鼎翰一,等價,0.0,0.0,0.0,0.0,0.0,0,0,0,100.01,100.75,110.8,90.7
2018-06-08,36111,鼎翰一,等價,0.0,0.0,0.0,0.0,0.0,0,0,0,100.01,100.5,110.55,90.45
2018-06-11,36111,鼎翰一,等價,0.0,0.0,0.0,0.0,0.0,0,0,0,100.01,100.65,110.7,90.6
2018-06-12,36111,鼎翰一,等價,0.0,0.0,0.0,0.0,0.0,0,0,0,100.01,100.65,110.7,90.6
2018-06-13,36111,鼎翰一,等價,0.0,0.0,0.0,0.0,0.0,0,0,0,100.01,100.65,110.7,90.6
2018-06-14,36111,鼎翰一,等價,0.0,0.0,0.0,0.0,0.0,0,0,0,100.01,100.65,110.7,90.6
2018-06-15,36111,鼎翰一,等價,0.0,0.0,0.0,0.0,0.0,0,0,0,100.01,100.65,110.7,90.6
2018-06-19,36111,鼎翰一,等價,0.0,0.0,0.0,0.0,0.0,0,0,0,100.01,100.65,110.7,90.6
2018-06-20,36111,鼎翰一,等價,101.0,0.35,101.0,101.0,101.0,1,50,5050000,101.0,101.0,111.1,90.9
2018-06-21,36111,鼎翰一,等價,100.7,-0.3,101.0,101.0,100.0,3,17,1705500,100.32,100.7,110.75,90.65
2018-06-22,36111,鼎翰一,等價,101.0,0.3,101.0,101.0,101.0,1,1,101000,101.0,101.0,111.1,90.9
2018-06-25,36111,鼎翰一,等價,0.0,0.0,0.0,0.0,0.0,0,0,0,101.0,101.0,111.1,90.9
2018-06-26,36111,鼎翰一,等價,0.0,0.0,0.0,0.0,0.0,0,0,0,101.0,101.0,111.1,90.9
2018-06-27,36111,鼎翰一,等價,0.0,0.0,0.0,0.0,0.0,0,0,0,101.0,101.0,111.1,90.9
2018-06-28,36111,鼎翰一,等價,0.0,0.0,0.0,0.0,0.0,0,0,0,101.0,101.0,111.1,90.9
2018-06-29,36111,鼎翰一,等價,0.0,0.0,0.0,0.0,0.0,0,0,0,101.0,100.5,110.55,90.45
2018-07-02,36111,鼎翰一,等價,0.0,0.0,0.0,0.0,0.0,0,0,0,101.0,100.5,110.55,90.45
2018-07-03,36111,鼎翰一,等價,0.0,0.0,0.0,0.0,0.0,0,0,0,101.0,100.5,110.55,90.45
2018-07-04,36111,鼎翰一,等價,100.0,-0.5,100.0,100.0,100.0,2,8,800000,100.0,100.0,110.0,90.0
2018-07-05,36111,鼎翰一,等價,0.0,0.0,0.0,0.0,0.0,0,0,0,100.0,100.0,110.0,90.0
2018-07-06,36111,鼎翰一,等價,100.0,0.0,100.0,100.0,100.0,1,12,1200000,100.0,100.0,110.0,90.0
2018-07-09,36111,鼎翰一,等價,100.9,0.9,100.9,100.9,100.9,1,1,100900,100.9,100.9,110.95,90.85
2018-07-10,36111,鼎翰一,等價,0.0,0.0,0.0,0.0,0.0,0,0,0,100.9,100.0,110.0,90.0
2018-07-11,36111,鼎翰一,等價,100.0,0.0,100.0,100.0,100.0,1,20,2000000,100.0,100.0,110.0,90.0
2018-07-12,36111,鼎翰一,等價,0.0,0.0,0.0,0.0,0.0,0,0,0,100.0,100.0,110.0,90.0
2018-07-13,36111,鼎翰一,等價,100.95,0.95,100.2,100.95,100.2,2,50,5025000,100.5,100.95,111.0,90.9
2018-07-16,36111,鼎翰一,等價,0.0,0.0,0.0,0.0,0.0,0,0,0,100.5,100.2,110.2,90.2
2018-07-17,36111,鼎翰一,等價,100.5,0.3,100.2,100.5,100.2,2,21,2104500,100.21,100.5,110.55,90.45
2018-07-18,36111,鼎翰一,等價,0.0,0.0,0.0,0.0,0.0,0,0,0,100.21,100.2,110.2,90.2
2018-07-19,36111,鼎翰一,等價,100.2,0.0,100.2,100.2,100.2,2,15,1503000,100.2,100.2,110.2,90.2
2018-07-20,36111,鼎翰一,等價,0.0,0.0,0.0,0.0,0.0,0,0,0,100.2,100.2,110.2,90.2
2018-07-23,36111,鼎翰一,等價,0.0,0.0,0.0,0.0,0.0,0,0,0,100.2,100.2,110.2,90.2
2018-07-24,36111,鼎翰一,等價,100.0,-0.2,100.0,100.0,100.0,1,10,1000000,100.0,100.0,110.0,90.0
2018-07-25,36111,鼎翰一,等價,0.0,0.0,0.0,0.0,0.0,0,0,0,100.0,100.0,110.0,90.0
2018-07-26,36111,鼎翰一,等價,100.2,0.2,100.0,100.2,100.0,2,20,2002000,100.1,100.2,110.2,90.2
2018-07-27,36111,鼎翰一,等價,100.0,-0.2,100.2,100.2,100.0,2,13,1302000,100.15,100.0,110.0,90.0
2018-07-30,36111,鼎翰一,等價,100.3,0.3,100.2,100.4,100.2,6,120,12033000,100.27,100.3,110.3,90.3
2018-07-31,36111,鼎翰一,等價,100.2,-0.1,100.2,100.2,100.2,1,20,2004000,100.2,100.2,110.2,90.2
2018-08-01,36111,鼎翰一,等價,0.0,0.0,0.0,0.0,0.0,0,0,0,100.2,100.2,110.2,90.2
2018-08-02,36111,鼎翰一,等價,0.0,0.0,0.0,0.0,0.0,0,0,0,100.2,100.2,110.2,90.2
2018-08-03,36111,鼎翰一,等價,100.0,-0.2,100.2,100.2,100.0,2,21,2103200,100.15,100.0,110.0,90.0
2018-08-06,36111,鼎翰一,等價,100.2,0.2,100.2,100.2,100.2,1,10,1002000,100.2,100.2,110.2,90.2
2018-08-07,36111,鼎翰一,等價,0.0,0.0,0.0,0.0,0.0,0,0,0,100.2,100.2,110.2,90.2
2018-08-08,36111,鼎翰一,等價,100.0,-0.2,100.0,100.0,100.0,1,5,500000,100.0,100.0,110.0,90.0
2018-08-09,36111,鼎翰一,等價,100.2,0.2,100.2,100.2,100.2,1,10,1002000,100.2,100.2,110.2,90.2
2018-08-10,36111,鼎翰一,等價,0.0,0.0,0.0,0.0,0.0,0,0,0,100.2,100.2,110.2,90.2
2018-08-13,36111,鼎翰一,等價,100.05,-0.15,100.05,100.1,100.05,5,60,6003250,100.05,100.05,110.05,90.05
2018-08-14,36111,鼎翰一,等價,100.2,0.15,100.05,100.2,100.05,5,84,8409900,100.11,100.2,110.2,90.2
2018-08-15,36111,鼎翰一,等價,0.0,0.0,0.0,0.0,0.0,0,0,0,100.11,100.2,110.2,90.2
2018-08-16,36111,鼎翰一,等價,0.0,0.0,0.0,0.0,0.0,0,0,0,100.11,100.2,110.2,90.2
2018-08-17,36111,鼎翰一,等價,0.0,0.0,0.0,0.0,0.0,0,0,0,100.11,100.2,110.2,90.2
2018-08-20,36111,鼎翰一,等價,0.0,0.0,0.0,0.0,0.0,0,0,0,100.11,100.2,110.2,90.2
2018-08-21,36111,鼎翰一,等價,101.5,1.3,100.9,101.5,100.6,47,381,38508250,101.07,101.5,111.65,91.35
2018-08-22,36111,鼎翰一,等價,101.85,0.35,101.35,101.95,101.35,34,138,14047150,101.79,101.85,112.0,91.7
2018-08-23,36111,鼎翰一,等價,101.5,-0.35,101.9,102.0,101.45,18,66,6715950,101.75,101.5,111.65,91.35
2018-08-24,36111,鼎翰一,等價,101.0,-0.5,100.5,101.05,100.5,8,8,807600,100.95,101.0,111.1,90.9
2018-08-27,36111,鼎翰一,等價,101.8,0.8,100.75,101.8,100.75,3,11,1109300,100.84,101.8,111.95,91.65
2018-08-28,36111,鼎翰一,等價,101.9,0.1,101.0,101.9,101.0,14,32,3256600,101.76,101.9,112.05,91.75
2018-08-29,36111,鼎翰一,等價,101.8,-0.1,100.8,101.8,100.8,8,11,1111650,101.05,101.8,111.95,91.65
2018-08-30,36111,鼎翰一,等價,100.85,-0.95,100.8,100.85,100.8,8,12,1209750,100.81,100.85,110.9,90.8
2018-08-31,36111,鼎翰一,等價,101.4,0.55,100.7,101.4,100.7,7,9,908500,100.94,101.4,111.5,91.3
2018-09-03,36111,鼎翰一,等價,0.0,0.0,0.0,0.0,0.0,0,0,0,100.94,101.4,111.5,91.3
2018-09-04,36111,鼎翰一,等價,100.9,-0.5,100.9,100.9,100.9,1,3,302700,100.9,100.9,110.95,90.85
2018-09-05,36111,鼎翰一,等價,101.5,0.6,101.0,101.5,101.0,2,2,202500,101.25,101.5,111.65,91.35
2018-09-06,36111,鼎翰一,等價,101.0,-0.5,101.0,101.0,101.0,3,20,2020000,101.0,101.0,111.1,90.9
2018-09-07,36111,鼎翰一,等價,101.5,0.5,100.75,101.8,100.75,12,32,3244900,101.4,101.5,111.65,91.35
2018-09-10,36111,鼎翰一,等價,100.1,-1.4,101.1,101.1,100.1,6,51,5140800,100.8,100.1,110.1,90.1
2018-09-11,36111,鼎翰一,等價,100.2,0.1,100.3,100.3,100.2,4,4,400900,100.22,100.2,110.2,90.2
2018-09-12,36111,鼎翰一,等價,100.2,0.0,100.2,100.2,100.2,2,18,1803600,100.2,100.2,110.2,90.2
2018-09-13,36111,鼎翰一,等價,100.3,0.1,100.25,100.3,100.2,6,7,701750,100.25,100.3,110.3,90.3
2018-09-14,36111,鼎翰一,等價,100.3,0.0,100.3,100.3,100.3,1,4,401200,100.3,100.3,110.3,90.3
2018-09-17,36111,鼎翰一,等價,100.25,-0.05,100.25,100.25,100.25,2,5,501250,100.25,100.25,110.25,90.25
2018-09-18,36111,鼎翰一,等價,100.05,-0.2,100.05,100.05,100.05,2,3,300150,100.05,100.05,110.05,90.05
2018-09-19,36111,鼎翰一,等價,100.15,0.1,100.15,100.15,100.15,2,3,300450,100.15,100.15,110.15,90.15
2018-09-20,36111,鼎翰一,等價,100.15,0.0,100.15,100.15,100.15,2,9,901350,100.15,100.15,110.15,90.15
2018-09-21,36111,鼎翰一,等價,100.15,0.0,100.15,100.15,100.15,1,1,100150,100.15,100.15,110.15,90.15
2018-09-25,36111,鼎翰一,等價,100.2,0.05,100.2,100.2,100.2,1,1,100200,100.2,100.2,110.2,90.2
2018-09-26,36111,鼎翰一,等價,100.2,0.0,100.2,100.2,100.2,1,1,100200,100.2,100.2,110.2,90.2
2018-09-27,36111,鼎翰一,等價,0.0,0.0,0.0,0.0,0.0,0,0,0,100.2,100.2,110.2,90.2
2018-09-28,36111,鼎翰一,等價,0.0,0.0,0.0,0.0,0.0,0,0,0,100.2,101.2,111.3,91.1
2018-10-01,36111,鼎翰一,等價,0.0,0.0,0.0,0.0,0.0,0,0,0,100.2,101.2,111.3,91.1
2018-10-02,36111,鼎翰一,等價,0.0,0.0,0.0,0.0,0.0,0,0,0,100.2,101.15,111.25,91.05
2018-10-03,36111,鼎翰一,等價,0.0,0.0,0.0,0.0,0.0,0,0,0,100.2,101.1,111.2,91.0
2018-10-04,36111,鼎翰一,等價,0.0,0.0,0.0,0.0,0.0,0,0,0,100.2,101.0,111.1,90.9
2018-10-05,36111,鼎翰一,等價,100.15,-0.85,100.15,100.15,100.15,1,20,2003000,100.15,100.15,110.15,90.15
2018-10-08,36111,鼎翰一,等價,99.6,-0.55,99.6,99.6,99.6,1,1,99600,99.6,99.6,109.55,89.65
2018-10-09,36111,鼎翰一,等價,100.0,0.4,100.0,100.0,100.0,2,20,2000000,100.0,100.0,110.0,90.0
2018-10-11,36111,鼎翰一,等價,99.65,-0.35,99.65,99.65,99.65,3,5,498250,99.65,99.65,109.6,89.7
2018-10-12,36111,鼎翰一,等價,99.65,0.0,99.65,99.65,99.65,4,32,3188800,99.65,99.65,109.6,89.7
2018-10-15,36111,鼎翰一,等價,99.65,0.0,99.65,99.65,99.65,1,1,99650,99.65,99.65,109.6,89.7
2018-10-16,36111,鼎翰一,等價,0.0,0.0,0.0,0.0,0.0,0,0,0,99.65,99.65,109.6,89.7
2018-10-17,36111,鼎翰一,等價,0.0,0.0,0.0,0.0,0.0,0,0,0,99.65,99.65,109.6,89.7
2018-10-18,36111,鼎翰一,等價,99.65,0.0,99.65,99.65,99.65,1,20,1993000,99.65,99.65,109.6,89.7
2018-10-19,36111,鼎翰一,等價,99.65,0.0,99.65,99.65,99.65,2,49,4882850,99.65,99.65,109.6,89.7
2018-10-22,36111,鼎翰一,等價,0.0,0.0,0.0,0.0,0.0,0,0,0,99.65,99.65,109.6,89.7
2018-10-23,36111,鼎翰一,等價,0.0,0.0,0.0,0.0,0.0,0,0,0,99.65,99.65,109.6,89.7
2018-10-24,36111,鼎翰一,等價,0.0,0.0,0.0,0.0,0.0,0,0,0,99.65,99.65,109.6,89.7
2018-10-25,36111,鼎翰一,等價,99.7,0.05,99.7,99.7,99.7,3,3,299100,99.7,99.7,109.65,89.75
2018-10-26,36111,鼎翰一,等價,0.0,0.0,0.0,0.0,0.0,0,0,0,99.7,99.7,109.65,89.75
2018-10-29,36111,鼎翰一,等價,99.7,0.0,99.7,99.7,99.7,1,24,2392800,99.7,99.7,109.65,89.75
2018-10-30,36111,鼎翰一,等價,99.7,0.0,99.7,99.7,99.7,3,10,997000,99.7,99.7,109.65,89.75
2018-10-31,36111,鼎翰一,等價,0.0,0.0,0.0,0.0,0.0,0,0,0,99.7,99.7,109.65,89.75
2018-11-01,36111,鼎翰一,等價,0.0,0.0,0.0,0.0,0.0,0,0,0,99.7,99.7,109.65,89.75
2018-11-02,36111,鼎翰一,等價,0.0,0.0,0.0,0.0,0.0,0,0,0,99.7,99.7,109.65,89.75
2018-11-05,36111,鼎翰一,等價,0.0,0.0,0.0,0.0,0.0,0,0,0,99.7,99.7,109.65,89.75
2018-11-06,36111,鼎翰一,等價,0.0,0.0,0.0,0.0,0.0,0,0,0,99.7,99.7,109.65,89.75
2018-11-07,36111,鼎翰一,等價,99.7,0.0,99.7,99.7,99.7,1,1,99700,99.7,99.7,109.65,89.75
2018-11-08,36111,鼎翰一,等價,0.0,0.0,0.0,0.0,0.0,0,0,0,99.7,99.7,109.65,89.75
2018-11-09,36111,鼎翰一,等價,0.0,0.0,0.0,0.0,0.0,0,0,0,99.7,99.7,109.65,89.75
2018-11-12,36111,鼎翰一,等價,0.0,0.0,0.0,0.0,0.0,0,0,0,99.7,99.7,109.65,89.75
2018-11-13,36111,鼎翰一,等價,99.65,-0.05,99.65,99.65,99.65,3,5,498250,99.65,99.65,109.6,89.7
2018-11-14,36111,鼎翰一,等價,0.0,0.0,0.0,0.0,0.0,0,0,0,99.65,99.65,109.6,89.7
2018-11-15,36111,鼎翰一,等價,0.0,0.0,0.0,0.0,0.0,0,0,0,99.65,99.65,109.6,89.7
2018-11-16,36111,鼎翰一,等價,0.0,0.0,0.0,0.0,0.0,0,0,0,99.65,99.65,109.6,89.7
2018-11-19,36111,鼎翰一,等價,0.0,0.0,0.0,0.0,0.0,0,0,0,99.65,99.65,109.6,89.7
2018-11-20,36111,鼎翰一,等價,0.0,0.0,0.0,0.0,0.0,0,0,0,99.65,99.65,109.6,89.7
2018-11-21,36111,鼎翰一,等價,0.0,0.0,0.0,0.0,0.0,0,0,0,99.65,99.65,109.6,89.7
2018-11-22,36111,鼎翰一,等價,0.0,0.0,0.0,0.0,0.0,0,0,0,99.65,99.65,109.6,89.7
2018-11-23,36111,鼎翰一,等價,0.0,0.0,0.0,0.0,0.0,0,0,0,99.65,99.65,109.6,89.7
2018-11-26,36111,鼎翰一,等價,0.0,0.0,0.0,0.0,0.0,0,0,0,99.65,99.65,109.6,89.7
2018-11-27,36111,鼎翰一,等價,0.0,0.0,0.0,0.0,0.0,0,0,0,99.65,99.65,109.6,89.7
2018-11-28,36111,鼎翰一,等價,0.0,0.0,0.0,0.0,0.0,0,0,0,99.65,99.65,109.6,89.7
2018-11-29,36111,鼎翰一,等價,0.0,0.0,0.0,0.0,0.0,0,0,0,99.65,99.65,109.6,89.7
2018-11-30,36111,鼎翰一,等價,100.0,0.35,100.0,100.0,100.0,3,17,1700000,100.0,100.0,110.0,90.0
2018-12-03,36111,鼎翰一,等價,0.0,0.0,0.0,0.0,0.0,0,0,0,100.0,99.95,109.9,90.0
2018-12-04,36111,鼎翰一,等價,0.0,0.0,0.0,0.0,0.0,0,0,0,100.0,99.95,109.9,90.0
2018-12-05,36111,鼎翰一,等價,0.0,0.0,0.0,0.0,0.0,0,0,0,100.0,99.95,109.9,90.0
2018-12-06,36111,鼎翰一,等價,0.0,0.0,0.0,0.0,0.0,0,0,0,100.0,99.95,109.9,90.0
2018-12-07,36111,鼎翰一,等價,0.0,0.0,0.0,0.0,0.0,0,0,0,100.0,99.95,109.9,90.0
2018-12-10,36111,鼎翰一,等價,0.0,0.0,0.0,0.0,0.0,0,0,0,100.0,99.95,109.9,90.0
2018-12-11,36111,鼎翰一,等價,0.0,0.0,0.0,0.0,0.0,0,0,0,100.0,99.9,109.85,89.95
2018-12-12,36111,鼎翰一,等價,0.0,0.0,0.0,0.0,0.0,0,0,0,100.0,99.9,109.85,89.95
2018-12-13,36111,鼎翰一,等價,0.0,0.0,0.0,0.0,0.0,0,0,0,100.0,99.9,109.85,89.95
2018-12-14,36111,鼎翰一,等價,0.0,0.0,0.0,0.0,0.0,0,0,0,100.0,99.9,109.85,89.95
2018-12-17,36111,鼎翰一,等價,0.0,0.0,0.0,0.0,0.0,0,0,0,100.0,99.9,109.85,89.95
2018-12-18,36111,鼎翰一,等價,0.0,0.0,0.0,0.0,0.0,0,0,0,100.0,99.9,109.85,89.95
2018-12-19,36111,鼎翰一,等價,0.0,0.0,0.0,0.0,0.0,0,0,0,100.0,99.9,109.85,89.95
2018-12-20,36111,鼎翰一,等價,0.0,0.0,0.0,0.0,0.0,0,0,0,100.0,99.9,109.85,89.95
2018-12-21,36111,鼎翰一,等價,0.0,0.0,0.0,0.0,0.0,0,0,0,100.0,99.9,109.85,89.95
2018-12-24,36111,鼎翰一,等價,0.0,0.0,0.0,0.0,0.0,0,0,0,100.0,99.9,109.85,89.95
2018-12-25,36111,鼎翰一,等價,0.0,0.0,0.0,0.0,0.0,0,0,0,100.0,99.9,109.85,89.95
2018-12-26,36111,鼎翰一,等價,0.0,0.0,0.0,0.0,0.0,0,0,0,100.0,99.9,109.85,89.95
2018-12-27,36111,鼎翰一,等價,0.0,0.0,0.0,0.0,0.0,0,0,0,100.0,99.9,109.85,89.95
2018-12-28,36111,鼎翰一,等價,99.9,0.0,99.9,99.9,99.9,1,2,199800,99.9,99.9,109.85,89.95
