date,broker_id,broker_name,buy_shares,sell_shares,net_shares,avg_buy_price,avg_sell_price
2024-01-24,1041,臺銀鳳山,2,13081,-13079,67.0,67.1991
2024-01-24,1260,宏遠,0,5000,-5000,,66.9
2024-01-24,1440,美林,74000,11000,63000,67.0068,66.8545
2024-01-24,1470,台灣摩根,12000,3000,9000,66.9417,67.0333
2024-01-24,1480,美商高盛,37000,17000,20000,67.0297,67.0176
2024-01-24,1650,瑞銀,25000,19000,6000,67.124,66.7842
2024-01-24,5389,第一中山,0,6000,-6000,,67.0
2024-01-24,5857,統一新竹,0,1000,-1000,,66.9
2024-01-24,585b,統一內湖,0,8000,-8000,,66.6625
2024-01-24,592D,元富大昌,880,0,880,67.1,
2024-01-24,592a,元富松德,603,660,-57,67.0801,67.0182
2024-01-24,601d,?亞鑫豐,10000,1000,9000,67.2,67.2
2024-01-24,6164,中信託文,0,7000,-7000,,66.4
2024-01-24,8150,台新,12000,3000,9000,67.0,66.9333
2024-01-24,815B,台新台中,740,11000,-10260,67.1,67.1
2024-01-24,8560,新光,1001,2,999,66.8001,67.0
2024-01-24,8561,新光台中,9,0,9,66.9,
2024-01-24,8882,國泰台中,300,0,300,67.0,
2024-01-24,8888,國泰敦南,1043,1100,-57,67.0854,67.0909
2024-01-24,9138,群益中港,1000,0,1000,67.2,
2024-01-24,918M,群益嘉義,4000,0,4000,66.9,
2024-01-24,918i,群益竹南,0,1000,-1000,,66.9
2024-01-24,918s,群益丹鳳,0,10000,-10000,,67.1
2024-01-24,920N,凱基湖口,0,10000,-10000,,66.7
2024-01-24,9217,凱基松山,1000,0,1000,67.0,
2024-01-24,9239,凱基市政,2000,2000,0,67.0,66.8
2024-01-24,9268,凱基台北,61000,7000,54000,66.8459,66.6
2024-01-24,9278,凱基永康,0,15000,-15000,,66.9333
2024-01-24,9604,富邦陽明,0,1000,-1000,,66.9
2024-01-24,9614,富邦基隆,9000,0,9000,66.8,
2024-01-24,961C,富邦南京,0,6000,-6000,,66.9
2024-01-24,9623,富邦台北,0,1000,-1000,,66.9
2024-01-24,9647,富邦新竹,2000,0,2000,67.0,
2024-01-24,9658,富邦建國,0,1000,-1000,,67.0
2024-01-24,9665,富邦桃園,20000,0,20000,66.92,
2024-01-24,9666,富邦南屯,0,5000,-5000,,67.2
2024-01-24,966F,富邦左營,3000,0,3000,66.9,
2024-01-24,9676,富邦仁愛,0,5000,-5000,,66.66
2024-01-24,9800,元大,1000,9000,-8000,67.0,66.9333
2024-01-24,980u,元大府城,1000,8000,-7000,66.9,67.0125
2024-01-24,9812,元大台中,0,1000,-1000,,67.0
2024-01-24,9825,元大新營,10000,0,10000,66.75,
2024-01-24,9859,元大經國,3050,0,3050,66.9656,
2024-01-24,9875,元大永寧,0,2000,-2000,,66.95
2024-01-24,989L,元大成功,2000,11001,-9001,67.0,67.0727
2024-01-24,989S,元大鹿港,200,10000,-9800,66.9,67.02
2024-01-24,9A98,永豐大園,0,7000,-7000,,67.1
2024-01-24,9A9U,永豐中正,28000,1000,27000,67.0143,67.2
2024-01-24,9A9X,永豐竹科,200,0,200,66.9,
2024-01-24,9A9h,永豐台南,0,5000,-5000,,66.9
2024-01-25,1440,美林,38000,52000,-14000,67.6868,67.1962
2024-01-25,1470,台灣摩根,37000,16000,21000,67.5378,67.2688
2024-01-25,1560,港商野村,21000,3000,18000,67.4905,66.9
2024-01-25,1650,瑞銀,21000,11000,10000,67.3571,66.8364
2024-01-25,538B,第一新竹,0,5000,-5000,,67.3
2024-01-25,5850,統一,0,9000,-9000,,67.2111
2024-01-25,5853,統一中壢,0,7000,-7000,,67.4571
2024-01-25,592D,元富大昌,120,0,120,67.0,
2024-01-25,592a,元富松德,1293,554,739,67.6303,67.4652
2024-01-25,592m,元富成功,26000,0,26000,67.9846,
2024-01-25,6210,新百王,0,20000,-20000,,67.925
2024-01-25,700S,兆豐大同,35000,0,35000,67.0,
2024-01-25,700X,兆豐永和,1000,0,1000,67.0,
2024-01-25,779Z,國票安和,0,2000,-2000,,67.5
2024-01-25,779e,國票南科,5000,0,5000,67.2,
2024-01-25,8150,台新,2000,2000,0,67.9,67.1
2024-01-25,815H,台新屏東,0,2000,-2000,,67.7
2024-01-25,8440,摩根大通,7000,0,7000,67.8143,
2024-01-25,8450,康和,4000,2000,2000,67.1,68.0
2024-01-25,8560,新光,1000,5315,-4315,67.1,67.4505
2024-01-25,8561,新光台中,5200,0,5200,67.9808,
2024-01-25,8562,新光高雄,8000,2000,6000,67.175,67.8
2024-01-25,8888,國泰敦南,1127,1,1126,68.0324,67.3
2024-01-25,913g,群益三重,0,4000,-4000,,67.6
2024-01-25,918M,群益嘉義,2000,0,2000,67.3,
2024-01-25,920A,凱基板橋,0,1000,-1000,,67.6
2024-01-25,9268,凱基台北,10000,27000,-17000,67.73,67.5667
2024-01-25,9604,富邦陽明,1000,1000,0,68.0,67.5
2024-01-25,961C,富邦南京,0,10000,-10000,,67.8
2024-01-25,9658,富邦建國,0,12620,-12620,,67.2853
2024-01-25,9676,富邦仁愛,500,0,500,67.3,
2024-01-25,9800,元大,5000,7000,-2000,67.3,67.1571
2024-01-25,980K,元大竹科,3200,3000,200,67.3688,67.3
2024-01-25,980d,元大沙鹿,7000,10,6990,67.1,67.9
2024-01-25,980u,元大府城,0,11000,-11000,,67.5273
2024-01-25,9812,元大台中,0,1000,-1000,,67.9
2024-01-25,981B,元大竹北,7000,1000,6000,67.9286,67.3
2024-01-25,981j,元大士林,1000,0,1000,67.4,
2024-01-25,9854,元大興安,0,5000,-5000,,67.5
2024-01-25,9859,元大經國,17000,19000,-2000,67.4882,67.9947
2024-01-25,989F,元大高雄,0,11027,-11027,,67.6809
2024-01-25,989L,元大成功,0,5000,-5000,,67.74
2024-01-25,989N,元大內湖,0,15000,-15000,,67.1467
2024-01-25,9A97,永豐新竹,0,14000,-14000,,67.3643
2024-01-25,9A9X,永豐竹科,0,4000,-4000,,67.8
2024-01-25,9A9h,永豐台南,3000,0,3000,67.2,
2024-01-26,1440,美林,13000,32000,-19000,67.3385,66.9094
2024-01-26,1470,台灣摩根,2000,11000,-9000,66.7,67.1273
2024-01-26,1560,港商野村,0,9000,-9000,,67.0222
2024-01-26,1650,瑞銀,18000,5000,13000,67.0556,67.1
2024-01-26,5385,第一桃園,6000,0,6000,66.7667,
2024-01-26,538F,第一稻埕,50000,0,50000,67.2,
2024-01-26,5850,統一,0,10000,-10000,,67.09
2024-01-26,5853,統一中壢,0,6000,-6000,,67.3
2024-01-26,5854,統一城中,1000,0,1000,66.6,
2024-01-26,5929,元富台南,0,10000,-10000,,66.8
2024-01-26,592a,元富松德,49,1342,-1293,67.0,67.1618
2024-01-26,700S,兆豐大同,10000,0,10000,66.7,
2024-01-26,700a,兆豐忠孝,0,1000,-1000,,67.2
2024-01-26,779m,國票中港,4000,0,4000,66.95,
2024-01-26,779u,國票長城,0,1000,-1000,,66.8
2024-01-26,8150,台新,0,36000,-36000,,66.7
2024-01-26,815B,台新台中,10000,0,10000,67.3,
2024-01-26,8560,新光,0,200,-200,,67.5
2024-01-26,8561,新光台中,1255,0,1255,67.0406,
2024-01-26,8584,聯邦雙和,4000,0,4000,67.35,
2024-01-26,8888,國泰敦南,2000,0,2000,67.3,
2024-01-26,918M,群益嘉義,2000,0,2000,66.75,
2024-01-26,918s,群益丹鳳,5000,0,5000,66.8,
2024-01-26,9252,凱基嘉義,6000,1000,5000,67.1833,67.7
2024-01-26,9268,凱基台北,5000,80000,-75000,66.78,67.2113
2024-01-26,9309,華南古亭,4000,0,4000,66.9,
2024-01-26,9339,華南竹北,9000,0,9000,67.1,
2024-01-26,9604,富邦陽明,0,1000,-1000,,67.3
2024-01-26,961C,富邦南京,15000,0,15000,66.7333,
2024-01-26,9623,富邦台北,1500,0,1500,67.2524,
2024-01-26,9658,富邦建國,1000,0,1000,66.6,
2024-01-26,966F,富邦左營,2000,0,2000,66.7,
2024-01-26,9800,元大,1009,1000,9,66.7027,67.5
2024-01-26,980K,元大竹科,1000,1000,0,66.8,66.9
2024-01-26,982B,元大博愛,4000,0,4000,66.8,
2024-01-26,9833,元大敦化,10000,0,10000,67.57,
2024-01-26,9834,元大中壢,4000,0,4000,66.8,
2024-01-26,989L,元大成功,5000,0,5000,67.32,
2024-01-26,9A97,永豐新竹,4000,14000,-10000,66.75,67.35
2024-01-26,9A9X,永豐竹科,200,0,200,67.2,
2024-01-26,9A9x,永豐桃園,2000,0,2000,66.8,
2024-01-29,1033,土銀高雄,0,10000,-10000,,67.2
2024-01-29,1114,企銀嘉義,0,10000,-10000,,67.5
2024-01-29,1440,美林,51000,14000,37000,67.4059,67.15
2024-01-29,1470,台灣摩根,25000,1000,24000,67.472,67.2
2024-01-29,1480,美商高盛,18000,1000,17000,67.5056,67.3
2024-01-29,1650,瑞銀,23000,0,23000,67.3565,
2024-01-29,5602,永興水湳,0,5000,-5000,,67.3
2024-01-29,5850,統一,0,10000,-10000,,67.41
2024-01-29,5854,統一城中,1000,1000,0,67.1,67.7
2024-01-29,585A,統一基隆,0,3000,-3000,,67.7
2024-01-29,592D,元富大昌,0,1000,-1000,,67.7
2024-01-29,592a,元富松德,229,49,180,67.2262,66.9
2024-01-29,592m,元富成功,0,24000,-24000,,66.9
2024-01-29,6162,中信託忠,4000,23000,-19000,67.5,66.9
2024-01-29,700N,兆豐埔墘,0,30,-30,,67.4
2024-01-29,700R,兆豐小港,10000,1000,9000,67.26,67.7
2024-01-29,815S,台新中壢,6000,0,6000,67.0833,
2024-01-29,8440,摩根大通,20000,0,20000,67.245,
2024-01-29,8450,康和,3000,0,3000,67.0,
2024-01-29,8560,新光,155,0,155,67.0,
2024-01-29,8882,國泰台中,0,1000,-1000,,67.3
2024-01-29,8888,國泰敦南,0,2020,-2020,,67.4525
2024-01-29,918M,群益嘉義,4000,8000,-4000,67.2,67.4375
2024-01-29,9204,凱基台中,8000,0,8000,67.5,
2024-01-29,920C,凱基雙和,0,5000,-5000,,67.6
2024-01-29,9239,凱基市政,1000,0,1000,67.3,
2024-01-29,9268,凱基台北,52000,12000,40000,67.05,67.1
2024-01-29,9600,富邦,0,19000,-19000,,67.3158
2024-01-29,961Z,富邦永康,0,10000,-10000,,67.19
2024-01-29,9661,富邦新店,0,10000,-10000,,67.5
2024-01-29,966F,富邦左營,0,4168,-4168,,67.3839
2024-01-29,9692,富邦嘉義,100,0,100,67.5,
2024-01-29,9800,元大,2191,3000,-809,67.0369,67.3
2024-01-29,980K,元大竹科,0,20000,-20000,,67.3
2024-01-29,980a,元大承德,0,6000,-6000,,67.2
2024-01-29,981i,元大西螺,90,10000,-9910,67.0,67.5
2024-01-29,9833,元大敦化,10180,0,10180,67.6859,
2024-01-29,988B,元大桃園,2000,0,2000,66.8,
2024-01-29,9A97,永豐新竹,0,6000,-6000,,67.45
2024-01-29,9A9W,永豐市政,5010,0,5010,67.2006,
2024-01-29,9A9x,永豐桃園,0,45,-45,,67.4
2024-01-30,1114,企銀嘉義,10000,0,10000,66.9,
2024-01-30,1470,台灣摩根,2000,17000,-15000,66.25,66.6353
2024-01-30,1480,美商高盛,18000,62000,-44000,66.5056,66.5177
2024-01-30,1590,花旗環球,12000,0,12000,66.7167,
2024-01-30,1650,瑞銀,7000,13000,-6000,66.5,66.8
2024-01-30,5386,第一彰化,0,60000,-60000,,66.3117
2024-01-30,5850,統一,0,10000,-10000,,66.67
2024-01-30,592D,元富大昌,1000,0,1000,66.2,
2024-01-30,592H,元富信義,15,0,15,67.5,
2024-01-30,592I,元富嘉義,6000,0,6000,66.5,
2024-01-30,592a,元富松德,0,229,-229,,67.3122
2024-01-30,700K,兆豐新營,1000,9000,-8000,66.5,66.6
2024-01-30,700N,兆豐埔墘,0,35,-35,,66.8
2024-01-30,700X,兆豐永和,4000,0,4000,66.2,
2024-01-30,779X,國票中和,1000,0,1000,66.8,
2024-01-30,779c,國票敦北,0,2000,-2000,,67.3
2024-01-30,8150,台新,1000,2000,-1000,66.2,66.7
2024-01-30,815B,台新台中,11000,0,11000,66.7182,
2024-01-30,8560,新光,0,2000,-2000,,66.2
2024-01-30,8561,新光台中,0,5000,-5000,,67.02
2024-01-30,8881,國泰高雄,1000,0,1000,66.3,
2024-01-30,8882,國泰台中,70,10000,-9930,66.8,66.82
2024-01-30,8884,國泰台南,4055,0,4055,66.3561,
2024-01-30,8888,國泰敦南,4220,8,4212,66.6791,66.6
2024-01-30,918M,群益嘉義,4000,0,4000,66.4,
2024-01-30,918s,群益丹鳳,20100,0,20100,66.9,
2024-01-30,920C,凱基雙和,10000,0,10000,66.6,
2024-01-30,9217,凱基松山,1000,0,1000,66.3,
2024-01-30,9229,凱基中山,1000,0,1000,66.5,
2024-01-30,9239,凱基市政,1090,0,1090,66.633,
2024-01-30,9252,凱基嘉義,10000,0,10000,66.73,
2024-01-30,9268,凱基台北,0,28000,-28000,,66.8393
2024-01-30,9278,凱基永康,5000,0,5000,66.4,
2024-01-30,9285,凱基中壢,10000,0,10000,66.85,
2024-01-30,9658,富邦建國,3100,4000,-900,66.3484,66.125
2024-01-30,966F,富邦左營,0,1000,-1000,,66.2
2024-01-30,9676,富邦仁愛,2000,0,2000,66.8,
2024-01-30,9697,富邦虎尾,50,0,50,66.7,
2024-01-30,9800,元大,1000,1303,-303,66.1,66.4163
2024-01-30,9812,元大台中,1000,0,1000,66.6,
2024-01-30,9859,元大經國,50,0,50,66.6,
2024-01-30,9874,元大雙和,84,5000,-4916,67.1762,66.3
2024-01-30,989E,元大草屯,5000,0,5000,66.32,
2024-01-30,989N,元大內湖,0,5000,-5000,,66.8
2024-01-30,9A00,永豐金,4000,20000,-16000,66.275,66.715
2024-01-30,9A9X,永豐竹科,50,1000,-950,66.8,66.8
2024-01-31,1040,臺銀,0,31000,-31000,,66.0161
2024-01-31,1041,臺銀鳳山,5110,16,5094,65.6986,65.9
2024-01-31,1045,臺銀新竹,10050,0,10050,65.3428,
2024-01-31,1260,宏遠,0,11000,-11000,,65.6545
2024-01-31,1440,美林,34000,21000,13000,65.5471,65.8048
2024-01-31,1480,美商高盛,16000,6000,10000,65.6875,65.6333
2024-01-31,5386,第一彰化,0,210000,-210000,,65.31
2024-01-31,5850,統一,2000,10000,-8000,65.6,65.63
2024-01-31,585R,統一汐止,10000,0,10000,65.45,
2024-01-31,585U,統一南京,10000,0,10000,65.0,
2024-01-31,592H,元富信義,1000,0,1000,65.2,
2024-01-31,6210,新百王,43000,0,43000,65.3116,
2024-01-31,779H,國票嘉義,5000,0,5000,65.54,
2024-01-31,779c,國票敦北,0,6000,-6000,,66.3
2024-01-31,8150,台新,0,1000,-1000,,65.8
2024-01-31,815B,台新台中,11000,0,11000,65.9727,
2024-01-31,8560,新光,6000,0,6000,65.9833,
2024-01-31,8586,聯邦大業,6000,0,6000,65.3,
2024-01-31,8888,國泰敦南,15716,1010,14706,65.7156,65.699
2024-01-31,9131,群益民權,0,1000,-1000,,65.5
2024-01-31,9138,群益中港,1000,0,1000,65.3,
2024-01-31,9186,群益新竹,2000,0,2000,65.4,
2024-01-31,918M,群益嘉義,15000,0,15000,65.7533,
2024-01-31,918i,群益竹南,1000,0,1000,65.8,
2024-01-31,920A,凱基板橋,1000,0,1000,65.6,
2024-01-31,9239,凱基市政,2000,0,2000,65.3,
2024-01-31,9268,凱基台北,12000,22000,-10000,65.9917,65.9409
2024-01-31,9278,凱基永康,5000,0,5000,65.2,
2024-01-31,9604,富邦陽明,3000,0,3000,65.4333,
2024-01-31,962D,富邦新莊,0,1000,-1000,,65.6
2024-01-31,9647,富邦新竹,199,0,199,65.6,
2024-01-31,966F,富邦左營,0,200,-200,,66.1
2024-01-31,9676,富邦仁愛,2000,0,2000,65.6,
2024-01-31,9800,元大,1000,21126,-20126,66.1,65.776
2024-01-31,980K,元大竹科,1000,0,1000,65.3,
2024-01-31,9812,元大台中,0,1000,-1000,,65.8
2024-01-31,981g,元大大里,10000,0,10000,65.7,
2024-01-31,981j,元大士林,1000,0,1000,65.5,
2024-01-31,983B,元大林森,0,1000,-1000,,65.7
2024-01-31,9859,元大經國,50,0,50,65.6,
2024-01-31,9863,元大和平,1000,0,1000,65.1,
2024-01-31,988B,元大桃園,1000,4000,-3000,65.7,65.7
2024-01-31,9896,元大台南,5000,0,5000,65.58,
2024-01-31,989F,元大高雄,7036,0,7036,65.4171,
2024-01-31,989N,元大內湖,0,10000,-10000,,65.15
2024-01-31,9A9X,永豐竹科,4000,0,4000,65.5,
2024-01-31,9A9x,永豐桃園,2000,0,2000,65.45,
2024-02-01,1033,土銀高雄,0,3000,-3000,,66.0
2024-02-01,104C,臺銀高雄,10000,0,10000,65.3,
2024-02-01,1440,美林,19000,0,19000,65.9421,
2024-02-01,1470,台灣摩根,3000,17000,-14000,65.9667,65.7118
2024-02-01,1480,美商高盛,19000,0,19000,65.8211,
2024-02-01,1560,港商野村,6000,0,6000,65.85,
2024-02-01,1650,瑞銀,17000,4000,13000,65.6176,66.1
2024-02-01,538B,第一新竹,0,4000,-4000,,65.7
2024-02-01,5920,元富,0,2256,-2256,,65.8773
2024-02-01,592a,元富松德,684,0,684,65.7,
2024-02-01,779u,國票長城,0,2000,-2000,,65.7
2024-02-01,8150,台新,7001,1000,6001,65.7714,66.0
2024-02-01,8560,新光,88,160,-72,65.7227,65.7
2024-02-01,8561,新光台中,0,1000,-1000,,65.6
2024-02-01,8843,玉山高雄,5221,1500,3721,65.6636,65.5667
2024-02-01,8881,國泰高雄,2000,0,2000,65.7,
2024-02-01,8888,國泰敦南,2450,7171,-4721,65.3735,66.0928
2024-02-01,9137,群益士林,3000,0,3000,66.1,
2024-02-01,9186,群益新竹,1000,0,1000,65.2,
2024-02-01,918J,群益永和,3000,0,3000,66.0,
2024-02-01,918g,群益大甲,0,5000,-5000,,65.78
2024-02-01,9204,凱基台中,0,12000,-12000,,65.325
2024-02-01,921S,凱基幸福,0,4000,-4000,,65.4
2024-02-01,9229,凱基中山,0,80,-80,,65.7
2024-02-01,9239,凱基市政,1050,2000,-950,65.5095,65.9
2024-02-01,9252,凱基嘉義,2000,12000,-10000,65.35,65.7417
2024-02-01,9268,凱基台北,21000,27000,-6000,65.8476,65.7704
2024-02-01,9604,富邦陽明,0,1120,-1120,,65.7
2024-02-01,9647,富邦新竹,1000,1000,0,65.1,65.5
2024-02-01,9666,富邦南屯,5000,0,5000,65.0,
2024-02-01,9800,元大,3000,2000,1000,65.6333,65.65
2024-02-01,981A,元大鶯歌,5000,0,5000,66.1,
2024-02-01,981L,元大莒光,3000,0,3000,65.3667,
2024-02-01,981V,元大民雄,0,7000,-7000,,65.2
2024-02-01,9833,元大敦化,1000,21000,-20000,65.3,65.0714
2024-02-01,9A8F,永豐敦南,0,5000,-5000,,65.8
2024-02-01,9A97,永豐新竹,0,11000,-11000,,65.7636
2024-02-02,1040,臺銀,0,30000,-30000,,65.5233
2024-02-02,1110,企銀,0,10000,-10000,,65.5
2024-02-02,1440,美林,3000,21000,-18000,65.6,65.5286
2024-02-02,1470,台灣摩根,2000,8000,-6000,65.45,65.725
2024-02-02,1480,美商高盛,11000,3000,8000,65.6818,65.7
2024-02-02,1560,港商野村,9000,0,9000,65.6222,
2024-02-02,1650,瑞銀,0,84000,-84000,,65.5536
2024-02-02,5854,統一城中,1000,0,1000,65.9,
2024-02-02,5920,元富,3000,0,3000,65.5,
2024-02-02,592D,元富大昌,5000,0,5000,65.52,
2024-02-02,592P,元富同大,5000,0,5000,65.7,
2024-02-02,592a,元富松德,0,684,-684,,66.3
2024-02-02,5960,日茂,12000,0,12000,65.7417,
2024-02-02,601d,?亞鑫豐,20000,0,20000,65.5,
2024-02-02,7792,國票北投,9000,0,9000,65.5,
2024-02-02,779Z,國票安和,2000,0,2000,65.6,
2024-02-02,8150,台新,16000,1000,15000,65.9312,65.4
2024-02-02,8157,台新左楠,8000,0,8000,65.5,
2024-02-02,8450,康和,2000,0,2000,65.5,
2024-02-02,8560,新光,3200,1037,2163,65.6031,65.4214
2024-02-02,8881,國泰高雄,0,1000,-1000,,65.5
2024-02-02,8882,國泰台中,3000,0,3000,65.5,
2024-02-02,8888,國泰敦南,12000,2550,9450,65.6083,65.4835
2024-02-02,9186,群益新竹,7000,0,7000,65.5571,
2024-02-02,918M,群益嘉義,6000,0,6000,65.6833,
2024-02-02,920F,凱基站前,6000,30,5970,65.4333,65.7
2024-02-02,920H,凱基基隆,5000,0,5000,65.4,
2024-02-02,9233,凱基長庚,5000,0,5000,65.4,
2024-02-02,9239,凱基市政,2000,0,2000,65.65,
2024-02-02,9268,凱基台北,2000,62000,-60000,65.4,65.729
2024-02-02,9600,富邦,0,19000,-19000,,65.5579
2024-02-02,9604,富邦陽明,1000,0,1000,65.6,
2024-02-02,9658,富邦建國,1050,0,1050,65.6095,
2024-02-02,9663,富邦敦南,5000,0,5000,65.5,
2024-02-02,9676,富邦仁愛,2000,0,2000,65.5,
2024-02-02,9800,元大,5000,3001,1999,65.66,65.8
2024-02-02,9812,元大台中,0,420,-420,,65.6
2024-02-02,981r,元大屏南,10000,0,10000,65.5,
2024-02-02,9833,元大敦化,2000,2000,0,65.65,65.65
2024-02-02,9859,元大經國,50,0,50,65.6,
2024-02-02,989N,元大內湖,0,10000,-10000,,65.4
2024-02-05,1024,合庫嘉義,5000,0,5000,65.3,
2024-02-05,1114,企銀嘉義,0,10000,-10000,,65.0
2024-02-05,1470,台灣摩根,6000,14000,-8000,65.3167,65.1857
2024-02-05,1480,美商高盛,16000,4000,12000,65.275,65.1
2024-02-05,1560,港商野村,5000,0,5000,65.3,
2024-02-05,1650,瑞銀,30000,129000,-99000,65.1467,65.0837
2024-02-05,592D,元富大昌,0,310,-310,,65.4
2024-02-05,6210,新百王,13000,8000,5000,64.9615,65.4
2024-02-05,700C,兆豐來福,3000,0,3000,65.4,
2024-02-05,700s,兆豐岡山,7000,0,7000,64.8429,
2024-02-05,8150,台新,22000,2000,20000,65.3091,65.4
2024-02-05,8560,新光,1000,0,1000,65.1,
2024-02-05,8881,國泰高雄,0,495,-495,,65.0
2024-02-05,8888,國泰敦南,4120,1000,3120,65.0352,64.8
2024-02-05,918M,群益嘉義,1000,0,1000,65.4,
2024-02-05,920H,凱基基隆,8000,0,8000,65.4,
2024-02-05,9231,凱基員林,10000,0,10000,65.0,
2024-02-05,9239,凱基市政,1050,0,1050,65.1,
2024-02-05,9252,凱基嘉義,400,5000,-4600,65.91,65.02
2024-02-05,9257,凱基林口,2000,0,2000,64.8,
2024-02-05,9268,凱基台北,4000,23000,-19000,65.1,65.1783
2024-02-05,9274,凱基鳳山,5000,0,5000,65.1,
2024-02-05,9285,凱基中壢,5000,0,5000,65.12,
2024-02-05,9309,華南古亭,7000,1000,6000,65.1,65.5
2024-02-05,9334,華南世貿,2000,0,2000,65.15,
2024-02-05,961C,富邦南京,5000,0,5000,65.0,
2024-02-05,9623,富邦台北,2000,0,2000,65.1,
2024-02-05,9676,富邦仁愛,7000,10000,-3000,64.9,65.4
2024-02-05,9800,元大,5000,6022,-1022,65.22,65.0035
2024-02-05,980K,元大竹科,0,3000,-3000,,65.1667
2024-02-05,980e,元大清水,10000,0,10000,65.4,
2024-02-05,983K,元大學甲,3000,0,3000,65.2,
2024-02-05,9859,元大經國,0,2000,-2000,,65.2
2024-02-05,988B,元大桃園,0,5000,-5000,,65.1
2024-02-05,989N,元大內湖,6000,1000,5000,65.1,65.1
2024-02-05,9A97,永豐新竹,4000,0,4000,65.15,
2024-02-15,1440,美林,97000,38000,59000,68.0052,67.8684
2024-02-15,1470,台灣摩根,28000,49000,-21000,67.9357,68.3776
2024-02-15,1480,美商高盛,108000,6000,102000,68.3491,68.2833
2024-02-15,1560,港商野村,52000,0,52000,68.2692,
2024-02-15,1650,瑞銀,243000,26000,217000,68.4214,68.2231
2024-02-15,5384,第一台南,25000,1000,24000,68.592,68.3
2024-02-15,5850,統一,200,0,200,68.4,
2024-02-15,5854,統一城中,40000,0,40000,68.7825,
2024-02-15,585A,統一基隆,0,12796,-12796,,67.9435
2024-02-15,585c,統一仁愛,1000,0,1000,68.6,
2024-02-15,5920,元富,0,1003,-1003,,68.3009
2024-02-15,592H,元富信義,0,2000,-2000,,68.4
2024-02-15,592a,元富松德,6859,1000,5859,67.9567,68.4
2024-02-15,601d,?亞鑫豐,0,30000,-30000,,67.9
2024-02-15,6210,新百王,2000,44000,-42000,67.8,66.8068
2024-02-15,700X,兆豐永和,6000,0,6000,68.5,
2024-02-15,8150,台新,41000,38000,3000,68.4,68.3711
2024-02-15,815B,台新台中,2000,30000,-28000,68.6,68.5633
2024-02-15,815H,台新屏東,0,1000,-1000,,68.7
2024-02-15,8440,摩根大通,7000,80400,-73400,68.1714,68.3214
2024-02-15,8450,康和,0,2000,-2000,,68.1
2024-02-15,8560,新光,10036,4109,5927,68.3811,67.9624
2024-02-15,8561,新光台中,2000,2000,0,68.6,68.6
2024-02-15,8881,國泰高雄,200,0,200,68.5,
2024-02-15,8882,國泰台中,0,70,-70,,68.4
2024-02-15,8888,國泰敦南,7160,30360,-23200,66.7816,67.9594
2024-02-15,9100,群益,1000,0,1000,68.8,
2024-02-15,9131,群益民權,0,1000,-1000,,68.6
2024-02-15,9138,群益中港,0,1000,-1000,,68.8
2024-02-15,918M,群益嘉義,17000,10000,7000,68.3294,67.68
2024-02-15,918s,群益丹鳳,0,30000,-30000,,68.5
2024-02-15,9207,凱基永和,0,1000,-1000,,68.2
2024-02-15,920A,凱基板橋,0,1000,-1000,,68.6
2024-02-15,9227,凱基城中,3000,0,3000,68.8,
2024-02-15,9229,凱基中山,300,0,300,68.5,
2024-02-15,9268,凱基台北,148000,33205,114795,67.9628,68.6021
2024-02-15,9307,華南大安,0,22000,-22000,,68.2909
2024-02-15,9309,華南古亭,0,10030,-10030,,67.3537
2024-02-15,9604,富邦陽明,1000,0,1000,68.8,
2024-02-15,961C,富邦南京,1000,23000,-22000,67.8,68.1391
2024-02-15,9623,富邦台北,18000,11000,7000,66.7222,68.2455
2024-02-15,9647,富邦新竹,3000,11000,-8000,68.4,68.7
2024-02-15,9658,富邦建國,2000,0,2000,68.7,
2024-02-15,966F,富邦左營,0,100,-100,,68.3
2024-02-15,9676,富邦仁愛,0,10000,-10000,,67.53
2024-02-15,9800,元大,17001,17000,1,68.147,67.9353
2024-02-15,980K,元大竹科,147,1150,-1003,68.0,68.587
2024-02-15,9812,元大台中,1000,2000,-1000,68.4,68.45
2024-02-15,981E,元大發財,2000,19000,-17000,68.4,68.6842
2024-02-15,981j,元大士林,300,1000,-700,68.7,68.5
2024-02-15,982A,元大羅東,30000,0,30000,68.58,
2024-02-15,983B,元大林森,22000,0,22000,66.6818,
2024-02-15,983U,元大頭份,16000,0,16000,68.5938,
2024-02-15,9859,元大經國,7000,0,7000,68.4,
2024-02-15,988B,元大桃園,200,70,130,68.6,68.4771
2024-02-15,989F,元大高雄,3000,79000,-76000,68.4333,68.6696
2024-02-15,989N,元大內湖,21000,6000,15000,66.8667,67.8
2024-02-15,9A97,永豐新竹,0,12000,-12000,,67.4333
2024-02-15,9A9X,永豐竹科,1000,5000,-4000,67.8,68.58
2024-02-15,9A9h,永豐台南,0,801,-801,,68.4
2024-02-15,9A9x,永豐桃園,0,4000,-4000,,68.95
2024-02-16,1260,宏遠,8000,200,7800,69.9,70.25
2024-02-16,1440,美林,103000,58000,45000,69.4592,70.0362
2024-02-16,1470,台灣摩根,3000,21000,-18000,70.5,69.7095
2024-02-16,1480,美商高盛,48000,22000,26000,70.3167,69.6091
2024-02-16,1560,港商野村,49000,25000,24000,70.0122,69.664
2024-02-16,1650,瑞銀,135000,25001,109999,70.1526,68.9481
2024-02-16,5384,第一台南,0,30000,-30000,,70.1833
2024-02-16,5386,第一彰化,68000,0,68000,69.5588,
2024-02-16,5850,統一,45000,2000,43000,70.2156,68.8
2024-02-16,5854,統一城中,0,1000,-1000,,70.1
2024-02-16,5855,統一台南,0,23000,-23000,,70.2391
2024-02-16,5857,統一新竹,0,2000,-2000,,70.25
2024-02-16,585A,統一基隆,0,104,-104,,69.3
2024-02-16,585c,統一仁愛,0,1000,-1000,,69.3
2024-02-16,592a,元富松德,3025,3386,-361,69.9274,70.3114
2024-02-16,601d,?亞鑫豐,16000,0,16000,70.5,
2024-02-16,6462,大昌安康,0,40000,-40000,,70.5
2024-02-16,8150,台新,59000,19000,40000,70.1254,69.6684
2024-02-16,8151,台新建北,1000,13000,-12000,70.6,69.9692
2024-02-16,8450,康和,0,3000,-3000,,69.5
2024-02-16,8560,新光,2025,4100,-2075,68.9642,69.8707
2024-02-16,8881,國泰高雄,0,2000,-2000,,70.3
2024-02-16,8882,國泰台中,2000,180,1820,70.5,69.4778
2024-02-16,8888,國泰敦南,4110,9850,-5740,69.6937,69.7397
2024-02-16,888K,國泰板橋,0,21090,-21090,,68.811
2024-02-16,9100,群益,0,1000,-1000,,69.6
2024-02-16,9138,群益中港,0,2000,-2000,,69.8
2024-02-16,9186,群益新竹,1000,12000,-11000,70.4,69.0333
2024-02-16,918M,群益嘉義,5000,1000,4000,69.66,70.7
2024-02-16,918i,群益竹南,1000,0,1000,70.2,
2024-02-16,9205,凱基三重,700,0,700,70.4,
2024-02-16,9207,凱基永和,0,1000,-1000,,69.4
2024-02-16,920A,凱基板橋,0,21100,-21100,,70.2991
2024-02-16,920F,凱基站前,0,13000,-13000,,69.1923
2024-02-16,9227,凱基城中,3000,0,3000,70.5,
2024-02-16,9268,凱基台北,127000,73000,54000,69.5512,69.3671
2024-02-16,9300,華南永昌,0,15045,-15045,,69.1956
2024-02-16,9334,華南世貿,0,6000,-6000,,70.35
2024-02-16,9604,富邦陽明,2000,3900,-1900,69.75,69.7564
2024-02-16,961M,富邦木柵,20111,0,20111,70.4425,
2024-02-16,9623,富邦台北,4000,5000,-1000,70.375,70.2
2024-02-16,9647,富邦新竹,25000,10000,15000,68.8,69.65
2024-02-16,965K,富邦台中,0,15020,-15020,,69.5676
2024-02-16,9666,富邦南屯,0,5000,-5000,,70.5
2024-02-16,966F,富邦左營,1000,6000,-5000,68.8,70.3
2024-02-16,9676,富邦仁愛,0,4000,-4000,,69.425
2024-02-16,9692,富邦嘉義,200,1000,-800,70.4,70.5
2024-02-16,9800,元大,15000,7000,8000,69.5267,70.1
2024-02-16,980D,元大北府,0,20000,-20000,,70.4
2024-02-16,980K,元大竹科,0,100,-100,,70.3
2024-02-16,9812,元大台中,0,1000,-1000,,70.7
2024-02-16,981j,元大士林,0,1000,-1000,,70.6
2024-02-16,9833,元大敦化,0,1000,-1000,,70.8
2024-02-16,983B,元大林森,0,2000,-2000,,69.4
2024-02-16,983U,元大頭份,0,16000,-16000,,70.3375
2024-02-16,9859,元大經國,1000,400,600,70.3,69.4
2024-02-16,9875,元大永寧,4000,2000,2000,70.05,70.7
2024-02-16,989L,元大成功,4000,20000,-16000,69.225,69.54
2024-02-16,9A9X,永豐竹科,1329,4303,-2974,69.7946,70.093
2024-02-16,9A9c,永豐永康,0,15000,-15000,,69.4333
2024-02-16,9A9h,永豐台南,2000,0,2000,70.3,
2024-02-16,9A9x,永豐桃園,0,1000,-1000,,70.6
2024-02-19,1260,宏遠,0,100,-100,,71.5
2024-02-19,1440,美林,117000,69000,48000,71.5846,71.6377
2024-02-19,1470,台灣摩根,32000,2000,30000,71.7812,71.75
2024-02-19,1480,美商高盛,107000,4000,103000,71.7299,71.825
2024-02-19,1560,港商野村,44000,7000,37000,71.5568,71.1429
2024-02-19,1650,瑞銀,207000,4000,203000,71.73,71.3
2024-02-19,5262,美好楊梅,0,20000,-20000,,72.0
2024-02-19,5850,統一,1000,0,1000,71.7,
2024-02-19,5857,統一新竹,0,1000,-1000,,71.7
2024-02-19,585A,統一基隆,0,3000,-3000,,72.0
2024-02-19,585H,統一桃園,60000,1000,59000,71.995,72.0
2024-02-19,585b,統一內湖,4000,19000,-15000,71.625,71.6158
2024-02-19,585c,統一仁愛,1000,1000,0,71.4,71.9
2024-02-19,5920,元富,0,1000,-1000,,71.4
2024-02-19,592H,元富信義,0,1000,-1000,,72.0
2024-02-19,592a,元富松德,1462,5000,-3538,71.2909,72.0
2024-02-19,601d,?亞鑫豐,0,15000,-15000,,71.5
2024-02-19,779X,國票中和,0,2000,-2000,,71.6
2024-02-19,8150,台新,32000,6000,26000,71.4031,71.0667
2024-02-19,8156,台新三民,0,20000,-20000,,71.2
2024-02-19,815B,台新台中,2000,26070,-24070,71.6,71.6201
2024-02-19,815H,台新屏東,0,2000,-2000,,71.7
2024-02-19,8440,摩根大通,53000,6000,47000,71.6623,71.45
2024-02-19,8450,康和,0,2000,-2000,,71.0
2024-02-19,8560,新光,2035,3506,-1471,71.4034,71.7141
2024-02-19,8561,新光台中,1000,5000,-4000,71.6,72.0
2024-02-19,8847,玉山台南,0,13000,-13000,,71.8923
2024-02-19,8881,國泰高雄,0,2000,-2000,,71.8
2024-02-19,8888,國泰敦南,4355,30901,-26546,71.2314,71.6608
2024-02-19,9186,群益新竹,0,2000,-2000,,71.55
2024-02-19,918M,群益嘉義,10000,0,10000,71.85,
2024-02-19,918i,群益竹南,0,1000,-1000,,71.8
2024-02-19,918s,群益丹鳳,0,20000,-20000,,71.6
2024-02-19,9205,凱基三重,300,0,300,71.5,
2024-02-19,9229,凱基中山,0,300,-300,,71.8
2024-02-19,9236,凱基虎尾,13000,0,13000,71.6923,
2024-02-19,9239,凱基市政,1000,1000,0,71.6,71.9
2024-02-19,9268,凱基台北,47000,64000,-17000,71.6128,71.5062
2024-02-19,9600,富邦,0,40,-40,,71.6
2024-02-19,9604,富邦陽明,3000,2000,1000,71.9333,71.45
2024-02-19,961C,富邦南京,150,16000,-15850,71.6,71.8562
2024-02-19,9623,富邦台北,2000,15000,-13000,71.2,71.62
2024-02-19,962D,富邦新莊,2000,0,2000,72.0,
2024-02-19,9647,富邦新竹,23000,10000,13000,71.7043,71.9
2024-02-19,9658,富邦建國,4000,50,3950,71.55,71.6
2024-02-19,9661,富邦新店,0,20514,-20514,,71.2344
2024-02-19,966F,富邦左營,0,25,-25,,71.1
2024-02-19,9676,富邦仁愛,4000,0,4000,71.3,
2024-02-19,9692,富邦嘉義,500,0,500,71.6,
2024-02-19,9800,元大,12001,9000,3001,71.325,71.5889
2024-02-19,980K,元大竹科,0,1200,-1200,,71.3125
2024-02-19,9812,元大台中,1000,1603,-603,71.9,71.6614
2024-02-19,982A,元大羅東,0,33000,-33000,,71.5091
2024-02-19,9833,元大敦化,6000,10000,-4000,71.3333,71.8
2024-02-19,9863,元大和平,0,2000,-2000,,71.9
2024-02-19,9875,元大永寧,0,2000,-2000,,71.4
2024-02-19,988B,元大桃園,1000,0,1000,71.5,
2024-02-19,989V,元大北重,20000,0,20000,71.6,
2024-02-19,9A9B,永豐中和,20000,70,19930,71.3,71.6
2024-02-19,9A9J,永豐板新,1000,24000,-23000,71.8,71.7625
2024-02-19,9A9X,永豐竹科,1510,7000,-5490,71.6817,71.5714
2024-02-19,9A9h,永豐台南,0,10000,-10000,,71.77
2024-02-19,9A9x,永豐桃園,0,1000,-1000,,71.8
2024-02-20,1440,美林,44000,54000,-10000,71.6205,71.5926
2024-02-20,1470,台灣摩根,15000,2000,13000,71.6867,71.95
2024-02-20,1480,美商高盛,51000,8000,43000,71.8078,71.6625
2024-02-20,1560,港商野村,14000,0,14000,71.5,
2024-02-20,1650,瑞銀,65000,1000,64000,71.8015,71.5
2024-02-20,5386,第一彰化,39000,0,39000,71.6821,
2024-02-20,5857,統一新竹,1000,0,1000,72.0,
2024-02-20,585H,統一桃園,40000,0,40000,71.6,
2024-02-20,5921,元富高雄,0,10000,-10000,,71.2
2024-02-20,592a,元富松德,1066,614,452,71.5467,71.4182
2024-02-20,601d,?亞鑫豐,0,32000,-32000,,71.7
2024-02-20,700R,兆豐小港,1000,11000,-10000,71.8,71.2545
2024-02-20,700X,兆豐永和,4000,1000,3000,71.575,71.2
2024-02-20,779Z,國票安和,0,2000,-2000,,71.6
2024-02-20,8150,台新,5009,11000,-5991,71.4806,71.5364
2024-02-20,8440,摩根大通,26000,6000,20000,71.3423,71.2
2024-02-20,8520,中農,0,8000,-8000,,71.3625
2024-02-20,8560,新光,3000,1100,1900,71.5333,72.0818
2024-02-20,8561,新光台中,0,2000,-2000,,71.8
2024-02-20,8847,玉山台南,0,20000,-20000,,72.095
2024-02-20,8881,國泰高雄,3000,0,3000,71.4667,
2024-02-20,8884,國泰台南,2300,13000,-10700,71.9478,71.4923
2024-02-20,8888,國泰敦南,10358,9197,1161,71.4891,71.9098
2024-02-20,8960,上海匯豐,0,38000,-38000,,71.3632
2024-02-20,9186,群益新竹,0,3000,-3000,,71.6667
2024-02-20,918M,群益嘉義,4000,0,4000,71.575,
2024-02-20,918i,群益竹南,1000,0,1000,71.7,
2024-02-20,9205,凱基三重,0,1001,-1001,,71.3004
2024-02-20,9217,凱基松山,2000,0,2000,71.9,
2024-02-20,9236,凱基虎尾,0,3000,-3000,,71.6667
2024-02-20,9268,凱基台北,41000,69000,-28000,71.5268,71.6696
2024-02-20,9327,華南斗六,10000,0,10000,71.8,
2024-02-20,9604,富邦陽明,0,1000,-1000,,71.6
2024-02-20,961M,富邦木柵,10000,0,10000,72.0,
2024-02-20,9623,富邦台北,0,1000,-1000,,71.7
2024-02-20,962D,富邦新莊,400,0,400,71.4,
2024-02-20,9647,富邦新竹,3000,0,3000,71.7,
2024-02-20,9658,富邦建國,0,4000,-4000,,71.525
2024-02-20,966F,富邦左營,2000,7016,-5016,71.9,71.6281
2024-02-20,9676,富邦仁愛,0,3000,-3000,,71.8333
2024-02-20,9697,富邦虎尾,10,1000,-990,71.4,72.0
2024-02-20,9800,元大,8001,13000,-4999,71.45,71.7231
2024-02-20,980K,元大竹科,2070,0,2070,71.9348,
2024-02-20,9815,元大大灣,0,11000,-11000,,71.5636
2024-02-20,981D,元大南投,0,10000,-10000,,71.77
2024-02-20,981q,元大萬華,0,8000,-8000,,71.5
2024-02-20,9833,元大敦化,2000,2000,0,71.8,71.2
2024-02-20,9859,元大經國,1000,0,1000,71.2,
2024-02-20,9863,元大和平,0,2000,-2000,,71.3
2024-02-20,9875,元大永寧,1000,0,1000,71.2,
2024-02-20,989F,元大高雄,0,11000,-11000,,71.8909
2024-02-20,989V,元大北重,84000,500,83500,71.7262,72.0
2024-02-20,9A00,永豐金,3000,23000,-20000,71.7,71.5652
2024-02-20,9A97,永豐新竹,20000,0,20000,71.68,
2024-02-20,9A9X,永豐竹科,1000,0,1000,71.9,
2024-02-20,9A9h,永豐台南,1000,0,1000,71.3,
2024-02-20,9A9x,永豐桃園,2000,0,2000,71.5,
2024-02-21,1040,臺銀,0,6000,-6000,,71.7
2024-02-21,1470,台灣摩根,43000,0,43000,71.6721,
2024-02-21,1480,美商高盛,12000,5342,6658,71.6167,71.4557
2024-02-21,1560,港商野村,17000,0,17000,71.7059,
2024-02-21,1650,瑞銀,10000,3000,7000,71.51,71.6
2024-02-21,538N,第一豐原,0,5000,-5000,,71.5
2024-02-21,5850,統一,1,1000,-999,71.5,71.5
2024-02-21,5857,統一新竹,0,1000,-1000,,71.6
2024-02-21,592D,元富大昌,200,3000,-2800,71.1,71.3
2024-02-21,592a,元富松德,35,0,35,71.1829,
2024-02-21,700X,兆豐永和,3000,3000,0,71.6667,71.3
2024-02-21,8150,台新,202,34000,-33798,71.5,71.3294
2024-02-21,8440,摩根大通,11000,1000,10000,71.5182,71.5
2024-02-21,8520,中農,0,17000,-17000,,71.5412
2024-02-21,8560,新光,2385,2000,385,71.3346,71.5
2024-02-21,8561,新光台中,6000,6000,0,71.5,71.6333
2024-02-21,884B,玉山台中,5000,0,5000,71.8,
2024-02-21,8881,國泰高雄,0,1330,-1330,,71.7752
2024-02-21,8882,國泰台中,2000,0,2000,71.4,
2024-02-21,8888,國泰敦南,204,0,204,71.1,
2024-02-21,8960,上海匯豐,0,10000,-10000,,71.57
2024-02-21,913g,群益三重,0,1000,-1000,,71.8
2024-02-21,9186,群益新竹,0,3000,-3000,,71.3333
2024-02-21,918M,群益嘉義,1000,0,1000,71.7,
2024-02-21,9217,凱基松山,0,7000,-7000,,71.8
2024-02-21,9257,凱基林口,1000,0,1000,71.5,
2024-02-21,9268,凱基台北,26000,15000,11000,71.3538,71.7067
2024-02-21,9300,華南永昌,10000,1000,9000,71.5,71.6
2024-02-21,9614,富邦基隆,7000,0,7000,71.6714,
2024-02-21,9623,富邦台北,0,3000,-3000,,71.6333
2024-02-21,9647,富邦新竹,1000,0,1000,71.6,
2024-02-21,966F,富邦左營,0,8,-8,,71.6
2024-02-21,9800,元大,7001,2000,5001,71.4429,71.6
2024-02-21,980K,元大竹科,1000,0,1000,71.6,
2024-02-21,980h,元大台北,0,9000,-9000,,71.7556
2024-02-21,981D,元大南投,0,12000,-12000,,71.5
2024-02-21,981m,元大前金,5000,0,5000,71.7,
2024-02-21,983Z,元大鳳山,5000,0,5000,71.4,
2024-02-21,983j,元大仁愛,0,19000,-19000,,71.5
2024-02-21,9875,元大永寧,0,1000,-1000,,71.8
2024-02-21,9879,元大板三,0,5000,-5000,,71.5
2024-02-21,989V,元大北重,50000,0,50000,71.5,
2024-02-21,9A9U,永豐中正,5000,0,5000,71.8,
2024-02-21,9A9X,永豐竹科,0,10400,-10400,,71.6923
2024-02-22,1440,美林,29000,24000,5000,71.7897,71.5667
2024-02-22,1470,台灣摩根,9000,3000,6000,71.5889,71.4
2024-02-22,1480,美商高盛,1000,40000,-39000,71.7,71.56
2024-02-22,1560,港商野村,0,4000,-4000,,71.525
2024-02-22,1650,瑞銀,25000,8000,17000,71.672,71.6
2024-02-22,5386,第一彰化,32000,0,32000,71.7625,
2024-02-22,538j,第一安和,5000,1000,4000,72.0,71.9
2024-02-22,5857,統一新竹,0,1400,-1400,,71.4144
2024-02-22,592D,元富大昌,1000,0,1000,72.0,
2024-02-22,592a,元富松德,1058,0,1058,71.6898,
2024-02-22,700N,兆豐埔墘,1000,0,1000,71.3,
2024-02-22,700X,兆豐永和,0,3000,-3000,,71.6667
2024-02-22,700s,兆豐岡山,0,6000,-6000,,71.6
2024-02-22,779Z,國票安和,1000,0,1000,71.5,
2024-02-22,8150,台新,0,2100,-2100,,71.3238
2024-02-22,8440,摩根大通,11000,0,11000,71.6636,
2024-02-22,8560,新光,12085,10034,2051,71.8213,72.2285
2024-02-22,8561,新光台中,0,100,-100,,71.5
2024-02-22,8563,新光新竹,7000,0,7000,71.6,
2024-02-22,8882,國泰台中,2000,0,2000,71.85,
2024-02-22,8888,國泰敦南,2228,1000,1228,71.4382,71.9
2024-02-22,9185,群益台南,5000,0,5000,71.2,
2024-02-22,918M,群益嘉義,1000,0,1000,71.2,
2024-02-22,920N,凱基湖口,0,5000,-5000,,71.28
2024-02-22,9217,凱基松山,0,1000,-1000,,71.7
2024-02-22,921S,凱基幸福,0,7000,-7000,,71.7
2024-02-22,9257,凱基林口,0,1,-1,,71.3
2024-02-22,9268,凱基台北,5000,42000,-37000,71.6,71.8714
2024-02-22,9327,華南斗六,10000,0,10000,71.3,
2024-02-22,9604,富邦陽明,0,1000,-1000,,71.2
2024-02-22,961M,富邦木柵,15000,0,15000,71.7333,
2024-02-22,9623,富邦台北,5000,0,5000,71.5,
2024-02-22,9634,富邦羅東,36000,0,36000,71.65,
2024-02-22,9647,富邦新竹,0,3000,-3000,,71.6
2024-02-22,9661,富邦新店,0,5000,-5000,,72.0
2024-02-22,9692,富邦嘉義,0,2000,-2000,,71.85
2024-02-22,9800,元大,6000,0,6000,71.6833,
2024-02-22,980K,元大竹科,1000,3100,-2100,71.9,71.5419
2024-02-22,9812,元大台中,1000,12,988,71.5,71.55
2024-02-22,983j,元大仁愛,0,5000,-5000,,71.8
2024-02-22,9859,元大經國,0,3000,-3000,,71.5333
2024-02-22,9863,元大和平,0,2000,-2000,,71.6
2024-02-22,9875,元大永寧,3000,3000,0,71.2333,71.8667
2024-02-22,988B,元大桃園,1000,1000,0,71.5,71.8
2024-02-22,9A00,永豐金,12019,0,12019,71.7742,
2024-02-22,9A9J,永豐板新,4000,0,4000,71.85,
2024-02-22,9A9S,永豐南京,5000,0,5000,72.16,
2024-02-22,9A9U,永豐中正,5000,0,5000,71.76,
2024-02-22,9A9X,永豐竹科,500,0,500,71.5,
2024-02-22,9A9h,永豐台南,0,1000,-1000,,71.9
2024-02-22,9A9x,永豐桃園,0,1000,-1000,,71.8
2024-02-23,1023,合庫高雄,0,6000,-6000,,71.3667
2024-02-23,1260,宏遠,0,4000,-4000,,71.1
2024-02-23,1440,美林,27000,5000,22000,70.9444,71.8
2024-02-23,1560,港商野村,21000,2000,19000,71.2667,71.7
2024-02-23,1650,瑞銀,42000,2000,40000,71.1714,71.0
2024-02-23,5857,統一新竹,0,1000,-1000,,71.3
2024-02-23,585c,統一仁愛,1000,0,1000,70.9,
2024-02-23,592D,元富大昌,0,2000,-2000,,71.4
2024-02-23,592a,元富松德,0,3757,-3757,,71.3241
2024-02-23,700N,兆豐埔墘,9,0,9,71.4,
2024-02-23,700V,兆豐新竹,0,7000,-7000,,70.8
2024-02-23,7790,國票綜合,540,7048,-6508,70.9,71.2902
2024-02-23,779E,國票南崁,10000,0,10000,71.35,
2024-02-23,8150,台新,0,1010,-1010,,70.801
2024-02-23,815B,台新台中,23125,3000,20125,71.3038,71.0333
2024-02-23,8440,摩根大通,44000,8000,36000,71.4318,71.3375
2024-02-23,845B,康和永和,0,1000,-1000,,71.3
2024-02-23,8560,新光,7050,1100,5950,70.8199,71.3818
2024-02-23,8561,新光台中,1000,4000,-3000,70.7,70.7
2024-02-23,8710,陽信,0,16000,-16000,,71.1
2024-02-23,8848,玉山嘉義,0,8000,-8000,,71.6
2024-02-23,884A,玉山士林,0,18000,-18000,,71.3222
2024-02-23,8881,國泰高雄,6000,0,6000,71.05,
2024-02-23,8884,國泰台南,6500,0,6500,71.3769,
2024-02-23,8888,國泰敦南,10120,0,10120,70.9601,
2024-02-23,8960,上海匯豐,0,42000,-42000,,71.1905
2024-02-23,9100,群益,0,1,-1,,71.5
2024-02-23,9131,群益民權,1000,1000,0,71.6,71.4
2024-02-23,913N,群益土城,0,9005,-9005,,70.9999
2024-02-23,918M,群益嘉義,14000,5000,9000,71.2286,71.3
2024-02-23,9268,凱基台北,25000,28088,-3088,70.968,71.7223
2024-02-23,9331,華南鳳山,0,7000,-7000,,71.2571
2024-02-23,9604,富邦陽明,2000,1000,1000,70.8,70.8
2024-02-23,961M,富邦木柵,54,55000,-54946,71.7,71.08
2024-02-23,9647,富邦新竹,5000,0,5000,71.2,
2024-02-23,9661,富邦新店,7000,0,7000,71.3571,
2024-02-23,9666,富邦南屯,2000,0,2000,71.6,
2024-02-23,966F,富邦左營,0,1000,-1000,,70.8
2024-02-23,9800,元大,9000,8000,1000,71.1778,71.325
2024-02-23,980K,元大竹科,0,400,-400,,71.125
2024-02-23,9857,元大蘆洲,0,22000,-22000,,71.4136
2024-02-23,9859,元大經國,2000,0,2000,71.5,
2024-02-23,9874,元大雙和,10050,20,10030,71.5701,71.4
2024-02-23,9875,元大永寧,1000,0,1000,71.3,
2024-02-23,989V,元大北重,7000,0,7000,71.7286,
2024-02-23,9A9X,永豐竹科,0,10000,-10000,,71.6
2024-02-23,9A9h,永豐台南,1000,0,1000,71.4,
2024-02-26,1260,宏遠,0,4000,-4000,,71.8
2024-02-26,1440,美林,65000,12000,53000,71.9369,71.3333
2024-02-26,1470,台灣摩根,13000,2000,11000,71.9,71.3
2024-02-26,1480,美商高盛,39000,8000,31000,71.7923,71.5875
2024-02-26,1560,港商野村,31000,1000,30000,71.9742,71.8
2024-02-26,1590,花旗環球,0,39000,-39000,,71.4103
2024-02-26,1650,瑞銀,71000,9000,62000,71.7535,71.8
2024-02-26,5854,統一城中,1000,1000,0,71.8,71.4
2024-02-26,585Q,統一三多,0,15000,-15000,,72.0
2024-02-26,592a,元富松德,971,0,971,71.8153,
2024-02-26,700U,兆豐桃鶯,0,13000,-13000,,71.9
2024-02-26,700w,兆豐新莊,0,14000,-14000,,71.7357
2024-02-26,7038,致和南京,14000,0,14000,71.8714,
2024-02-26,779X,國票中和,0,1000,-1000,,71.5
2024-02-26,8150,台新,21000,0,21000,71.681,
2024-02-26,815B,台新台中,0,22000,-22000,,72.0455
2024-02-26,8440,摩根大通,18000,7000,11000,71.8889,71.0
2024-02-26,8560,新光,7500,17000,-9500,71.6,71.8059
2024-02-26,8561,新光台中,550,1000,-450,71.6,72.1
2024-02-26,8562,新光高雄,0,10000,-10000,,71.6
2024-02-26,8710,陽信,0,10000,-10000,,72.0
2024-02-26,884C,玉山南京,10000,0,10000,71.64,
2024-02-26,8881,國泰高雄,15000,1000,14000,71.82,71.6
2024-02-26,8888,國泰敦南,8100,19068,-10968,71.4543,71.8944
2024-02-26,918M,群益嘉義,1000,0,1000,71.4,
2024-02-26,918i,群益竹南,0,860,-860,,71.4
2024-02-26,9205,凱基三重,200,0,200,71.3,
2024-02-26,921S,凱基幸福,0,10903,-10903,,71.8852
2024-02-26,9268,凱基台北,98000,45000,53000,71.5173,71.94
2024-02-26,9334,華南世貿,0,1000,-1000,,71.9
2024-02-26,9604,富邦陽明,0,5000,-5000,,71.76
2024-02-26,9623,富邦台北,0,2000,-2000,,71.6
2024-02-26,962D,富邦新莊,0,10000,-10000,,71.6
2024-02-26,9647,富邦新竹,1000,1000,0,71.3,72.3
2024-02-26,9658,富邦建國,0,1000,-1000,,72.3
2024-02-26,9666,富邦南屯,1000,0,1000,71.7,
2024-02-26,966F,富邦左營,2000,2000,0,71.2,72.3
2024-02-26,9676,富邦仁愛,1000,4000,-3000,71.7,71.85
2024-02-26,9800,元大,13000,9000,4000,71.5923,71.8778
2024-02-26,980K,元大竹科,24000,95,23905,71.8333,71.4
2024-02-26,9812,元大台中,0,1002,-1002,,71.7004
2024-02-26,981g,元大大里,0,100000,-100000,,71.537
2024-02-26,981h,元大屏生,15000,0,15000,71.9933,
2024-02-26,981j,元大士林,0,2000,-2000,,71.2
2024-02-26,9875,元大永寧,1000,2000,-1000,72.1,71.7
2024-02-26,989F,元大高雄,16000,0,16000,71.9,
2024-02-26,9A9L,永豐台中,0,12000,-12000,,71.8417
2024-02-26,9A9X,永豐竹科,15000,22000,-7000,71.4,71.8818
2024-02-26,9A9h,永豐台南,6000,0,6000,71.3,
2024-02-27,1113,企銀九如,0,15000,-15000,,73.2667
2024-02-27,1260,宏遠,1000,400,600,72.7,73.6
2024-02-27,1380,台灣匯立,0,17000,-17000,,73.0353
2024-02-27,1440,美林,55000,21000,34000,73.4582,72.8714
2024-02-27,1470,台灣摩根,25000,55000,-30000,73.432,73.0745
2024-02-27,1560,港商野村,26000,4000,22000,72.8885,72.95
2024-02-27,1650,瑞銀,49000,65000,-16000,72.9388,73.2215
2024-02-27,5386,第一彰化,30000,0,30000,73.5,
2024-02-27,5850,統一,0,1000,-1000,,72.8
2024-02-27,5854,統一城中,3000,1000,2000,73.1667,72.9
2024-02-27,585A,統一基隆,0,5000,-5000,,73.0
2024-02-27,5920,元富,0,1,-1,,72.8
2024-02-27,5925,元富台中,3000,0,3000,72.8,
2024-02-27,592D,元富大昌,1000,1000,0,73.6,72.7
2024-02-27,592a,元富松德,3906,3832,74,72.922,73.1172
2024-02-27,6452,永全八德,0,25000,-25000,,73.572
2024-02-27,6620,口袋,15000,0,15000,72.8933,
2024-02-27,700N,兆豐埔墘,6000,2000,4000,73.1333,73.7
2024-02-27,700b,兆豐中壢,4000,0,4000,73.2,
2024-02-27,779X,國票中和,3000,0,3000,73.2667,
2024-02-27,779c,國票敦北,1000,0,1000,73.1,
2024-02-27,779u,國票長城,0,1000,-1000,,74.0
2024-02-27,8150,台新,16500,17800,-1300,72.977,73.5416
2024-02-27,8440,摩根大通,21000,69000,-48000,72.8381,72.9913
2024-02-27,8560,新光,11659,23300,-11641,72.9346,73.0313
2024-02-27,8561,新光台中,10500,3000,7500,73.2371,73.3
2024-02-27,8843,玉山高雄,0,20080,-20080,,73.2796
2024-02-27,8881,國泰高雄,3187,1530,1657,73.237,73.2268
2024-02-27,8882,國泰台中,6100,1000,5100,73.0033,73.3
2024-02-27,8887,國泰忠孝,17000,2000,15000,73.2706,73.1
2024-02-27,8888,國泰敦南,22546,27678,-5132,72.9207,73.0344
2024-02-27,9131,群益民權,0,1020,-1020,,72.7059
2024-02-27,9138,群益中港,9000,4000,5000,73.0222,73.075
2024-02-27,9186,群益新竹,2000,0,2000,73.2,
2024-02-27,918M,群益嘉義,1000,0,1000,72.6,
2024-02-27,918i,群益竹南,0,1000,-1000,,73.8
2024-02-27,920D,凱基市府,1000,1730,-730,73.4,73.1734
2024-02-27,9215,凱基高美,2000,22000,-20000,73.0,73.2182
2024-02-27,9217,凱基松山,3000,0,3000,73.2,
2024-02-27,9227,凱基城中,0,1000,-1000,,72.9
2024-02-27,9229,凱基中山,1000,0,1000,72.7,
2024-02-27,9231,凱基員林,23000,0,23000,73.3043,
2024-02-27,9236,凱基虎尾,10000,0,10000,73.2,
2024-02-27,9268,凱基台北,139000,192000,-53000,73.1223,73.1917
2024-02-27,9604,富邦陽明,0,1000,-1000,,73.8
2024-02-27,9623,富邦台北,6000,3000,3000,73.05,72.9333
2024-02-27,9647,富邦新竹,6000,7000,-1000,72.5167,73.3857
2024-02-27,9658,富邦建國,12200,1000,11200,72.9951,73.6
2024-02-27,9666,富邦南屯,0,3000,-3000,,73.1
2024-02-27,966F,富邦左營,1000,7,993,73.7,72.6
2024-02-27,9676,富邦仁愛,5000,1200,3800,72.9,73.8333
2024-02-27,9692,富邦嘉義,1000,0,1000,72.4,
2024-02-27,9800,元大,21241,23001,-1760,73.1044,73.2696
2024-02-27,980K,元大竹科,13570,4000,9570,73.1063,72.85
2024-02-27,9812,元大台中,1000,4,996,72.5,73.25
2024-02-27,9815,元大大灣,0,32000,-32000,,72.3844
2024-02-27,981g,元大大里,10000,32000,-22000,72.1,72.9125
2024-02-27,981j,元大士林,0,2000,-2000,,73.8
2024-02-27,9833,元大敦化,0,1000,-1000,,73.3
2024-02-27,983B,元大林森,0,1000,-1000,,73.2
2024-02-27,983i,元大大雅,28000,0,28000,73.175,
2024-02-27,9859,元大經國,1000,2000,-1000,74.0,72.75
2024-02-27,9863,元大和平,0,3000,-3000,,73.3
2024-02-27,988B,元大桃園,22000,0,22000,73.1864,
2024-02-27,989U,元大大甲,30000,0,30000,73.2567,
2024-02-27,9A00,永豐金,37508,7000,30508,73.196,73.1143
2024-02-27,9A97,永豐新竹,25000,7000,18000,73.512,72.7
2024-02-27,9A9H,永豐新莊,0,36000,-36000,,73.2056
2024-02-27,9A9W,永豐市政,1000,15000,-14000,73.2,73.2467
2024-02-27,9A9X,永豐竹科,27082,6000,21082,73.539,72.75
2024-02-27,9A9g,永豐內湖,7000,2000,5000,73.3143,74.0
2024-02-27,9A9h,永豐台南,14000,1000,13000,73.3143,72.5
2024-02-27,9A9x,永豐桃園,0,1000,-1000,,73.0
2024-02-29,1114,企銀嘉義,10000,0,10000,72.7,
2024-02-29,1440,美林,17000,29000,-12000,73.0765,73.0034
2024-02-29,1470,台灣摩根,10000,30000,-20000,72.99,72.85
2024-02-29,1480,美商高盛,0,24000,-24000,,72.9417
2024-02-29,1560,港商野村,0,19000,-19000,,72.7474
2024-02-29,1650,瑞銀,0,38000,-38000,,72.9053
2024-02-29,5600,永興,0,11000,-11000,,72.7545
2024-02-29,5850,統一,1000,0,1000,73.3,
2024-02-29,5929,元富台南,9000,0,9000,73.0,
2024-02-29,592D,元富大昌,0,262,-262,,73.2
2024-02-29,592a,元富松德,0,530,-530,,73.3766
2024-02-29,592y,元富花蓮,13000,0,13000,73.5846,
2024-02-29,700X,兆豐永和,1000,0,1000,73.1,
2024-02-29,8150,台新,3000,0,3000,73.2,
2024-02-29,8440,摩根大通,0,28000,-28000,,72.9214
2024-02-29,8492,京城嘉義,0,11000,-11000,,72.8
2024-02-29,8560,新光,3099,5299,-2200,72.9306,73.1905
2024-02-29,8561,新光台中,4070,0,4070,72.8017,
2024-02-29,8843,玉山高雄,5000,21030,-16030,72.8,73.3804
2024-02-29,8881,國泰高雄,530,0,530,72.8792,
2024-02-29,8882,國泰台中,2200,2000,200,73.2636,73.4
2024-02-29,8888,國泰敦南,12597,2000,10597,73.0057,73.0
2024-02-29,9131,群益民權,200,0,200,73.2,
2024-02-29,9138,群益中港,1000,0,1000,72.7,
2024-02-29,913g,群益三重,10000,0,10000,73.4,
2024-02-29,9189,群益桃園,10000,1000,9000,73.4,73.4
2024-02-29,918M,群益嘉義,6000,0,6000,72.8667,
2024-02-29,9207,凱基永和,1000,0,1000,72.8,
2024-02-29,920F,凱基站前,0,10000,-10000,,72.81
2024-02-29,9268,凱基台北,17000,46000,-29000,72.9588,72.8565
2024-02-29,9327,華南斗六,20000,0,20000,72.6,
2024-02-29,9604,富邦陽明,1000,1000,0,73.7,73.4
2024-02-29,9623,富邦台北,2000,2000,0,73.15,73.2
2024-02-29,962D,富邦新莊,250,0,250,72.8,
2024-02-29,9647,富邦新竹,0,1000,-1000,,73.4
2024-02-29,9658,富邦建國,1050,0,1050,73.3619,
2024-02-29,966F,富邦左營,2000,7000,-5000,72.9,72.7571
2024-02-29,9692,富邦嘉義,1000,0,1000,72.8,
2024-02-29,9800,元大,11030,6000,5030,73.3261,73.1333
2024-02-29,980K,元大竹科,30000,0,30000,73.05,
2024-02-29,981g,元大大里,1000,30000,-29000,73.4,72.8
2024-02-29,983i,元大大雅,6000,28000,-22000,73.25,72.6357
2024-02-29,9854,元大興安,10000,0,10000,72.5,
2024-02-29,9889,元大員林,16000,20,15980,72.7688,73.3
2024-02-29,988B,元大桃園,0,1000,-1000,,72.6
2024-02-29,989F,元大高雄,111002,1000,110002,72.8477,72.6
2024-02-29,9A9X,永豐竹科,2020,0,2020,72.9505,
2024-02-29,9A9h,永豐台南,3000,2000,1000,72.9333,73.3
2024-02-29,9A9x,永豐桃園,0,11000,-11000,,72.7545
2024-03-01,1042,臺銀臺南,0,30000,-30000,,75.0
2024-03-01,1440,美林,67000,5000,62000,74.3284,74.34
2024-03-01,1470,台灣摩根,69000,9000,60000,74.3725,74.4778
2024-03-01,1560,港商野村,21000,7000,14000,74.1667,73.8429
2024-03-01,1650,瑞銀,46000,8000,38000,74.4261,74.25
2024-03-01,538C,第一光復,1000,14000,-13000,74.3,74.0071
2024-03-01,5850,統一,2000,11000,-9000,74.4,74.5727
2024-03-01,585c,統一仁愛,0,800,-800,,74.1
2024-03-01,5920,元富,3000,1,2999,74.2667,74.3
2024-03-01,592X,元富草屯,12000,0,12000,74.125,
2024-03-01,592a,元富松德,3136,1332,1804,74.1872,74.4915
2024-03-01,592y,元富花蓮,1000,15000,-14000,74.5,74.4267
2024-03-01,700N,兆豐埔墘,9,4000,-3991,74.2,73.85
2024-03-01,700R,兆豐小港,17000,3005,13995,74.5294,74.8992
2024-03-01,700X,兆豐永和,0,1000,-1000,,74.5
2024-03-01,700b,兆豐中壢,1000,1000,0,73.9,74.3
2024-03-01,7038,致和南京,0,14000,-14000,,74.1429
2024-03-01,779D,國票台南,0,13000,-13000,,74.5385
2024-03-01,779u,國票長城,2000,0,2000,74.35,
2024-03-01,8150,台新,38000,7315,30685,74.7842,74.6676
2024-03-01,8560,新光,16361,6013,10348,74.2009,74.5665
2024-03-01,8561,新光台中,3280,0,3280,74.0933,
2024-03-01,8881,國泰高雄,0,40,-40,,74.3
2024-03-01,8882,國泰台中,900,0,900,73.7333,
2024-03-01,8888,國泰敦南,3481,15680,-12199,74.2736,74.5168
2024-03-01,9186,群益新竹,2000,1000,1000,74.4,74.5
2024-03-01,918M,群益嘉義,2000,0,2000,74.65,
2024-03-01,918i,群益竹南,1000,1000,0,75.0,74.2
2024-03-01,920N,凱基湖口,0,24000,-24000,,73.9417
2024-03-01,9216,凱基信義,0,600,-600,,74.3
2024-03-01,9217,凱基松山,500,0,500,74.0,
2024-03-01,9239,凱基市政,0,1000,-1000,,74.6
2024-03-01,9257,凱基林口,0,479,-479,,74.5
2024-03-01,9268,凱基台北,122000,22000,100000,74.2344,74.6
2024-03-01,9319,華南鶯歌,15000,0,15000,74.5667,
2024-03-01,9604,富邦陽明,0,2000,-2000,,74.25
2024-03-01,9623,富邦台北,2000,0,2000,74.1,
2024-03-01,962D,富邦新莊,250,0,250,74.3704,
2024-03-01,9647,富邦新竹,200,1000,-800,74.0,74.3
2024-03-01,9658,富邦建國,0,1000,-1000,,74.3
2024-03-01,9661,富邦新店,0,10007,-10007,,74.0502
2024-03-01,9676,富邦仁愛,0,3000,-3000,,74.3
2024-03-01,9692,富邦嘉義,200,0,200,74.5,
2024-03-01,9800,元大,7001,9270,-2269,74.3,74.2132
2024-03-01,980K,元大竹科,1675,3170,-1495,74.4582,74.3448
2024-03-01,9812,元大台中,0,2000,-2000,,74.35
2024-03-01,9816,元大新竹,28040,0,28040,74.4571,
2024-03-01,981K,元大林園,17000,0,17000,74.9353,
2024-03-01,981j,元大士林,0,1000,-1000,,74.3
2024-03-01,981m,元大前金,0,15000,-15000,,74.4
2024-03-01,9859,元大經國,216,1000,-784,73.2,74.6
2024-03-01,988B,元大桃園,0,1000,-1000,,73.7
2024-03-01,9892,元大屏東,1000,12000,-11000,74.4,74.3333
2024-03-01,9A00,永豐金,4120,23000,-18880,74.0845,74.0609
2024-03-01,9A69,永豐屏東,10100,0,10100,74.5297,
2024-03-01,9A9X,永豐竹科,0,54000,-54000,,74.1667
2024-03-01,9A9g,永豐內湖,0,2000,-2000,,75.0
2024-03-01,9A9h,永豐台南,1000,0,1000,74.5,
2024-03-01,9A9x,永豐桃園,0,10000,-10000,,74.42
2024-03-04,1021,合庫台中,1000,15000,-14000,76.9,77.0
2024-03-04,1040,臺銀,53000,0,53000,75.9453,
2024-03-04,1440,美林,55000,37000,18000,76.4836,76.4081
2024-03-04,1470,台灣摩根,46000,18000,28000,76.3,76.3389
2024-03-04,1560,港商野村,16000,0,16000,75.4062,
2024-03-04,1650,瑞銀,157000,46000,111000,76.386,75.987
2024-03-04,5850,統一,0,1000,-1000,,76.0
2024-03-04,5857,統一新竹,300,0,300,76.8,
2024-03-04,585A,統一基隆,0,5000,-5000,,76.2
2024-03-04,5920,元富,13000,2002,10998,76.0846,76.2
2024-03-04,5925,元富台中,1000,1000,0,76.0,76.4
2024-03-04,592D,元富大昌,0,3000,-3000,,76.3
2024-03-04,592a,元富松德,4387,3249,1138,76.4573,76.4856
2024-03-04,6910,德信,0,20000,-20000,,76.0
2024-03-04,7009,兆豐景美,12000,0,12000,76.5417,
2024-03-04,700D,兆豐西螺,0,50000,-50000,,76.222
2024-03-04,700X,兆豐永和,2000,0,2000,75.6,
2024-03-04,7790,國票綜合,25273,2577,22696,76.0852,76.3612
2024-03-04,779X,國票中和,0,200,-200,,76.0
2024-03-04,779c,國票敦北,0,87,-87,,76.3
2024-03-04,779u,國票長城,0,1000,-1000,,76.2
2024-03-04,8150,台新,16100,79085,-62985,75.9801,76.2258
2024-03-04,815H,台新屏東,0,8000,-8000,,77.0
2024-03-04,8560,新光,49231,22086,27145,76.2724,76.2667
2024-03-04,8561,新光台中,6050,5000,1050,76.3983,76.62
2024-03-04,8581,聯邦高雄,0,20000,-20000,,75.8
2024-03-04,8881,國泰高雄,1000,7417,-6417,76.2,76.1753
2024-03-04,8882,國泰台中,3150,9512,-6362,76.8905,76.8002
2024-03-04,8888,國泰敦南,14480,11560,2920,76.0163,75.8458
2024-03-04,9131,群益民權,1000,0,1000,76.0,
2024-03-04,9186,群益新竹,803,0,803,76.3849,
2024-03-04,9189,群益桃園,10000,23000,-13000,75.9,76.2913
2024-03-04,918M,群益嘉義,7000,4000,3000,76.4,76.125
2024-03-04,918X,群益台北,100,0,100,76.0,
2024-03-04,918i,群益竹南,23000,1000,22000,76.2696,75.8
2024-03-04,9208,凱基桃園,0,27000,-27000,,76.3074
2024-03-04,920A,凱基板橋,0,1000,-1000,,76.2
2024-03-04,920D,凱基市府,4000,1000,3000,75.475,76.0
2024-03-04,9216,凱基信義,10000,0,10000,75.6,
2024-03-04,9217,凱基松山,1000,0,1000,76.2,
2024-03-04,9236,凱基虎尾,3000,20000,-17000,76.8,76.325
2024-03-04,9268,凱基台北,178000,80000,98000,76.3871,76.1525
2024-03-04,9300,華南永昌,25000,1004,23996,76.412,76.5988
2024-03-04,9604,富邦陽明,3100,2000,1100,76.1323,76.8
2024-03-04,961M,富邦木柵,20000,0,20000,76.495,
2024-03-04,9623,富邦台北,6000,2000,4000,76.0167,76.25
2024-03-04,9624,富邦竹北,0,81000,-81000,,75.6815
2024-03-04,9647,富邦新竹,1000,6000,-5000,75.9,76.4333
2024-03-04,9658,富邦建國,248000,4000,244000,76.3827,75.975
2024-03-04,9661,富邦新店,0,13000,-13000,,76.5462
2024-03-04,9666,富邦南屯,2005,2000,5,76.5504,76.5
2024-03-04,9676,富邦仁愛,2000,0,2000,76.1,
2024-03-04,9692,富邦嘉義,1000,7000,-6000,76.0,76.1
2024-03-04,9697,富邦虎尾,0,1000,-1000,,75.4
2024-03-04,969C,富邦北港,4000,0,4000,76.2,
2024-03-04,9800,元大,39000,39000,0,75.959,76.1974
2024-03-04,980K,元大竹科,4300,4300,0,75.9884,76.485
2024-03-04,981j,元大士林,0,4276,-4276,,75.6347
2024-03-04,9833,元大敦化,3000,4000,-1000,76.5,76.175
2024-03-04,983B,元大林森,0,1100,-1100,,76.4545
2024-03-04,984K,元大館前,1,14000,-13999,75.5,76.4786
2024-03-04,9859,元大經國,0,3216,-3216,,76.9328
2024-03-04,9A9X,永豐竹科,1000,84000,-83000,76.7,76.3571
2024-03-04,9A9h,永豐台南,1000,4000,-3000,76.6,76.1
2024-03-04,9A9x,永豐桃園,0,4000,-4000,,76.8
2024-03-05,1440,美林,32000,11000,21000,76.3031,76.0909
2024-03-05,1470,台灣摩根,20000,4000,16000,76.43,76.35
2024-03-05,1480,美商高盛,2000,42000,-40000,76.3,76.2524
2024-03-05,1650,瑞銀,14000,70000,-56000,76.3786,76.3414
2024-03-05,5383,第一高雄,8069,0,8069,75.9735,
2024-03-05,5850,統一,1000,3000,-2000,77.0,76.1333
2024-03-05,5857,統一新竹,0,100,-100,,76.2
2024-03-05,592D,元富大昌,0,1000,-1000,,76.5
2024-03-05,592a,元富松德,146,1016,-870,76.1,76.2561
2024-03-05,700N,兆豐埔墘,1000,0,1000,76.1,
2024-03-05,700X,兆豐永和,1000,2000,-1000,76.1,75.7
2024-03-05,700a,兆豐忠孝,0,2000,-2000,,75.9
2024-03-05,700b,兆豐中壢,1000,2000,-1000,76.0,76.1
2024-03-05,779D,國票台南,10000,2000,8000,76.3,76.6
2024-03-05,8150,台新,4000,7000,-3000,76.55,76.2429
2024-03-05,815H,台新屏東,8000,0,8000,75.9,
2024-03-05,845A,康和內湖,8000,0,8000,76.175,
2024-03-05,8560,新光,8775,7046,1729,76.1226,75.902
2024-03-05,8561,新光台中,6,2013,-2007,76.6,75.8548
2024-03-05,8881,國泰高雄,1200,4200,-3000,75.85,76.1999
2024-03-05,8882,國泰台中,6050,1069,4981,76.2314,76.0129
2024-03-05,8888,國泰敦南,27329,7100,20229,76.5578,76.2718
2024-03-05,8960,上海匯豐,0,6000,-6000,,76.2333
2024-03-05,9186,群益新竹,1000,1000,0,76.8,75.8
2024-03-05,918M,群益嘉義,2000,0,2000,76.1,
2024-03-05,918X,群益台北,1000,1000,0,77.0,76.1
2024-03-05,918i,群益竹南,0,2278,-2278,,75.8854
2024-03-05,920A,凱基板橋,0,1000,-1000,,75.9
2024-03-05,920D,凱基市府,2000,0,2000,75.8,
2024-03-05,920F,凱基站前,0,11000,-11000,,76.0545
2024-03-05,9216,凱基信義,0,52,-52,,76.2
2024-03-05,9217,凱基松山,0,1000,-1000,,76.6
2024-03-05,9236,凱基虎尾,1000,4000,-3000,76.1,76.35
2024-03-05,9239,凱基市政,2000,0,2000,76.3,
2024-03-05,9268,凱基台北,76000,20000,56000,76.1592,76.635
2024-03-05,9300,華南永昌,0,10000,-10000,,76.18
2024-03-05,9604,富邦陽明,1000,3000,-2000,76.2,76.5
2024-03-05,961M,富邦木柵,0,11000,-11000,,76.1636
2024-03-05,9623,富邦台北,1000,6000,-5000,76.3,76.1167
2024-03-05,9647,富邦新竹,0,3000,-3000,,76.6
2024-03-05,9658,富邦建國,1000,1860,-860,76.0,75.9688
2024-03-05,9666,富邦南屯,2000,1800,200,76.1,76.5333
2024-03-05,9676,富邦仁愛,1000,0,1000,76.1,
2024-03-05,969C,富邦北港,2000,0,2000,76.6,
2024-03-05,9800,元大,5000,4000,1000,76.08,76.1
2024-03-05,980K,元大竹科,1000,1000,0,75.7,76.5
2024-03-05,9812,元大台中,1000,0,1000,76.2,
2024-03-05,981K,元大林園,12000,0,12000,76.5917,
2024-03-05,981V,元大民雄,8000,0,8000,76.3625,
2024-03-05,9833,元大敦化,14,0,14,76.7,
2024-03-05,983j,元大仁愛,10000,0,10000,76.4,
2024-03-05,9854,元大興安,0,10000,-10000,,76.6
2024-03-05,9859,元大經國,1000,0,1000,76.2,
2024-03-05,9863,元大和平,65,0,65,75.8,
2024-03-05,9889,元大員林,0,16000,-16000,,76.2938
2024-03-05,989F,元大高雄,24000,0,24000,75.9958,
2024-03-05,989N,元大內湖,50000,5000,45000,76.608,76.1
2024-03-05,989U,元大大甲,300,23000,-22700,76.2,76.5739
2024-03-05,9A69,永豐屏東,6000,13000,-7000,75.85,76.1231
2024-03-05,9A9L,永豐台中,8000,0,8000,76.325,
2024-03-05,9A9W,永豐市政,1000,17000,-16000,76.1,76.0529
2024-03-05,9A9X,永豐竹科,1100,0,1100,75.8182,
2024-03-05,9A9h,永豐台南,4000,0,4000,75.75,
2024-03-05,9A9x,永豐桃園,0,2640,-2640,,76.1242
