date,market,MarginPreviousDayBalance,MarginBuy,MarginSell,MarginCashRedemption,MarginCurrentDayBalance,MarginNextDayQuota,SecuritiesFirmLoanPreviousDayBalance,SecuritiesFirmLoanBuy,SecuritiesFirmLoanSell,SecuritiesFirmLoanCashRedemption,SecuritiesFirmLoanReplacement,SecuritiesFirmLoanCurrentDayBalance,SecuritiesFirmLoanNextDayQuota,UnrestrictedLoanPreviousDayBalance,UnrestrictedLoanBuy,UnrestrictedLoanSell,UnrestrictedLoanCashRedemption,UnrestrictedLoanReplacement,UnrestrictedLoanCurrentDayBalance,UnrestrictedLoanNextDayQuota,SecuritiesFinanceSecuredLoanPreviousDayBalance,SecuritiesFinanceSecuredLoanBuy,SecuritiesFinanceSecuredLoanSell,SecuritiesFinanceSecuredLoanCashRedemption,SecuritiesFinanceSecuredLoanReplacement,SecuritiesFinanceSecuredLoanCurrentDayBalance,SecuritiesFinanceSecuredLoanNextDayQuota,SettlementMarginPreviousDayBalance,SettlementMarginBuy,SettlementMarginSell,SettlementMarginCashRedemption,SettlementMarginReplacement,SettlementMarginCurrentDayBalance,SettlementMarginNextDayQuota
2026-06-29,櫃檯買賣中心,0,0,0,0,0,38245,0,0,0,0,0,0,7649,1117,0,0,0,9,1108,15298,2,0,0,0,0,2,0,0,0,0,0,0,0,7649
2026-06-30,櫃檯買賣中心,0,10,0,0,10,38245,0,0,0,0,0,0,7649,1108,0,0,0,0,1108,15298,2,0,0,0,0,2,0,0,0,0,0,0,0,7649
2026-07-01,櫃檯買賣中心,10,157,2,0,165,38245,0,0,0,0,0,0,7649,1108,4,0,0,0,1112,15298,2,0,0,0,0,2,0,0,0,0,0,0,0,7649
2026-07-02,櫃檯買賣中心,165,96,85,0,176,38245,0,0,0,0,0,0,7649,1112,0,0,0,0,1112,15298,2,0,0,0,0,2,0,0,0,0,0,0,0,7649
2026-07-03,櫃檯買賣中心,176,159,25,0,310,38245,0,0,0,0,0,0,7649,1112,0,0,0,0,1112,15298,2,0,0,0,0,2,0,0,0,0,0,0,0,7649
2026-07-06,櫃檯買賣中心,310,306,79,0,537,38245,0,0,0,0,0,0,7649,1112,0,0,0,0,1112,15298,2,0,0,0,0,2,0,0,0,0,0,0,0,7649
2026-07-07,櫃檯買賣中心,537,197,104,0,630,38245,0,0,0,0,0,0,7649,1112,4,0,0,2,1114,15298,2,0,0,0,0,2,0,0,0,0,0,0,0,7649
2026-07-08,櫃檯買賣中心,630,249,50,0,829,38245,0,0,0,0,0,0,7649,1114,10,1,0,1,1122,15298,2,0,0,0,0,2,0,0,0,0,0,0,0,7649
2026-07-09,櫃檯買賣中心,829,123,73,0,879,38245,0,0,0,0,0,0,7649,1122,1,0,0,1,1122,15298,2,0,0,0,0,2,0,0,0,0,0,0,0,7649
2026-07-13,櫃檯買賣中心,879,205,155,0,929,38245,0,0,0,0,0,0,7649,1122,1,0,0,0,1123,15298,2,0,0,0,0,2,0,0,0,0,0,0,0,7649
2026-07-14,櫃檯買賣中心,929,198,180,1,946,38245,0,0,0,0,0,0,7649,1123,1,0,0,1,1123,15298,2,0,0,0,0,2,0,0,0,0,0,0,0,7649
2026-07-15,櫃檯買賣中心,946,91,5,0,1032,38245,0,0,0,0,0,0,7649,1123,1,0,0,2,1122,15298,2,0,0,0,0,2,0,0,0,0,0,0,0,7649
2026-07-16,櫃檯買賣中心,1032,68,18,0,1082,38245,0,18,0,0,0,18,7649,1122,0,0,0,2,1120,15298,2,0,0,0,0,2,0,0,0,0,0,0,0,7649
2026-07-17,櫃檯買賣中心,1082,67,56,0,1093,38245,18,0,0,0,0,18,7649,1120,0,0,0,0,1120,15298,2,0,0,0,0,2,0,0,0,0,0,0,0,7649
2026-07-20,櫃檯買賣中心,1093,50,39,0,1104,38245,18,0,18,0,0,0,7649,1120,48,0,0,0,1168,15298,2,0,0,0,0,2,0,0,0,0,0,0,0,7649
2026-07-21,櫃檯買賣中心,1104,16,19,0,1101,38245,0,0,0,0,0,0,7649,1168,1,0,0,0,1169,15298,2,0,0,0,0,2,0,0,0,0,0,0,0,7649
2026-07-22,櫃檯買賣中心,1101,35,37,0,1099,38245,0,0,0,0,0,0,7649,1169,0,0,0,0,1169,15298,2,0,0,0,0,2,0,0,0,0,0,0,0,7649
2026-07-23,櫃檯買賣中心,1099,53,41,0,1111,38245,0,0,0,0,0,0,7649,1169,1,0,0,0,1170,15298,2,0,0,0,0,2,0,0,0,0,0,0,0,7649
2026-07-24,櫃檯買賣中心,1111,42,5,0,1148,38245,0,1,0,0,0,1,7649,1170,1,0,0,0,1171,15298,2,0,0,0,0,2,0,0,0,0,0,0,0,7649
2026-07-27,櫃檯買賣中心,1148,148,14,0,1282,38245,1,1,1,0,0,1,7649,1171,0,0,8,0,1163,15298,2,0,0,0,0,2,0,0,0,0,0,0,0,7649
2026-07-28,櫃檯買賣中心,1282,87,16,0,1353,38245,1,0,0,0,0,1,7649,1163,0,0,0,0,1163,15298,2,0,0,0,0,2,0,0,0,0,0,0,0,7649
2026-07-29,櫃檯買賣中心,1353,100,49,0,1404,38245,1,0,1,0,0,0,7649,1163,5,0,6,0,1162,15298,2,0,0,0,0,2,0,0,0,0,0,0,0,7649
2026-07-30,櫃檯買賣中心,1404,56,97,0,1363,38245,0,0,0,0,0,0,7649,1162,8,0,9,1,1160,15298,2,0,0,0,0,2,0,0,0,0,0,0,0,7649
2026-07-31,櫃檯買賣中心,1363,406,231,0,1538,38245,0,0,0,0,0,0,7649,1160,0,0,0,2,1158,15298,2,0,0,0,0,2,0,0,0,0,0,0,0,7649
2026-08-03,櫃檯買賣中心,1538,163,105,0,1596,38245,0,0,0,0,0,0,7649,1158,4,0,0,1,1161,15298,2,0,0,0,0,2,0,0,0,0,0,0,0,7649
2026-08-04,櫃檯買賣中心,1596,186,68,0,1714,38245,0,1,0,0,0,1,7649,1161,0,0,0,0,1161,15298,2,0,0,0,0,2,0,0,0,0,0,0,0,7649
2026-08-05,櫃檯買賣中心,1714,53,62,0,1705,38245,1,0,1,0,0,0,7649,1161,0,0,0,0,1161,15298,2,0,0,0,0,2,0,0,0,0,0,0,0,7649
2026-08-06,櫃檯買賣中心,1705,76,30,0,1751,38245,0,1,0,0,0,1,7649,1161,1,0,0,0,1162,15298,2,0,0,0,0,2,0,0,0,0,0,0,0,7649
2026-08-07,櫃檯買賣中心,1751,81,50,0,1782,38245,1,1,0,0,0,2,7649,1162,0,0,0,0,1162,15298,2,0,0,0,0,2,0,0,0,0,0,0,0,7649
2026-08-10,櫃檯買賣中心,1782,146,158,6,1764,38245,2,0,1,0,0,1,7649,1162,4,0,0,0,1166,15298,2,0,0,0,0,2,0,0,0,0,0,0,0,7649
