date,market,MarginPreviousDayBalance,MarginBuy,MarginSell,MarginCashRedemption,MarginCurrentDayBalance,MarginNextDayQuota,SecuritiesFirmLoanPreviousDayBalance,SecuritiesFirmLoanBuy,SecuritiesFirmLoanSell,SecuritiesFirmLoanCashRedemption,SecuritiesFirmLoanReplacement,SecuritiesFirmLoanCurrentDayBalance,SecuritiesFirmLoanNextDayQuota,UnrestrictedLoanPreviousDayBalance,UnrestrictedLoanBuy,UnrestrictedLoanSell,UnrestrictedLoanCashRedemption,UnrestrictedLoanReplacement,UnrestrictedLoanCurrentDayBalance,UnrestrictedLoanNextDayQuota,SecuritiesFinanceSecuredLoanPreviousDayBalance,SecuritiesFinanceSecuredLoanBuy,SecuritiesFinanceSecuredLoanSell,SecuritiesFinanceSecuredLoanCashRedemption,SecuritiesFinanceSecuredLoanReplacement,SecuritiesFinanceSecuredLoanCurrentDayBalance,SecuritiesFinanceSecuredLoanNextDayQuota,SettlementMarginPreviousDayBalance,SettlementMarginBuy,SettlementMarginSell,SettlementMarginCashRedemption,SettlementMarginReplacement,SettlementMarginCurrentDayBalance,SettlementMarginNextDayQuota
2023-05-23,集中市場,0,0,0,0,0,16543,0,0,0,0,0,0,3309,664,0,0,0,0,664,6617,0,0,0,0,0,0,0,0,0,0,0,0,0,3309
2023-05-24,集中市場,0,159,0,0,159,16543,0,0,0,0,0,0,3309,664,0,0,0,0,664,6617,0,0,0,0,0,0,0,0,0,0,0,0,0,3309
2023-05-25,集中市場,159,600,104,0,655,16543,0,0,0,0,0,0,3309,664,0,0,0,4,660,6617,0,0,0,0,0,0,0,0,0,0,0,0,0,3309
2023-05-26,集中市場,655,117,158,0,614,16543,0,0,0,0,0,0,3309,660,0,0,0,0,660,6617,0,0,0,0,0,0,0,0,0,0,0,0,0,3309
2023-05-29,集中市場,614,77,57,0,634,16543,0,0,0,0,0,0,3309,660,0,0,0,0,660,6617,0,0,0,0,0,0,0,0,0,0,0,0,0,3309
2023-05-30,集中市場,634,101,53,0,682,16543,0,0,0,0,0,0,3309,660,0,0,0,0,660,6617,0,0,0,0,0,0,0,0,0,0,0,0,0,3309
2023-05-31,集中市場,682,76,71,0,687,16543,0,0,0,0,0,0,3309,660,0,0,0,0,660,6617,0,0,0,0,0,0,0,0,0,0,0,0,0,3309
2023-06-01,集中市場,687,231,154,0,764,16543,0,0,0,0,0,0,3309,660,0,0,0,0,660,6617,0,0,0,0,0,0,0,0,0,0,0,0,0,3309
2023-06-02,集中市場,764,91,181,0,674,16543,0,0,0,0,0,0,3309,660,0,0,0,0,660,6617,0,0,0,0,0,0,0,0,0,0,0,0,0,3309
2023-06-05,集中市場,674,99,106,0,667,16543,0,0,0,0,0,0,3309,660,0,0,0,0,660,6617,0,0,0,0,0,0,0,0,0,0,0,0,0,3309
2023-06-06,集中市場,667,94,66,0,695,16543,0,0,0,0,0,0,3309,660,0,0,0,0,660,6617,0,0,0,0,0,0,0,0,0,0,0,0,0,3309
2023-06-07,集中市場,695,195,143,0,747,16543,0,0,0,0,0,0,3309,660,0,0,0,0,660,6617,0,0,0,0,0,0,0,0,0,0,0,0,0,3309
2023-06-08,集中市場,747,66,88,0,725,16543,0,0,0,0,0,0,3309,660,1,0,0,0,661,6617,0,0,0,0,0,0,0,0,0,0,0,0,0,3309
2023-06-09,集中市場,725,28,4,0,749,16543,0,0,0,0,0,0,3309,661,0,0,0,0,661,6617,0,0,0,0,0,0,0,0,0,0,0,0,0,3309
2023-06-12,集中市場,749,24,20,0,753,16543,0,0,0,0,0,0,3309,661,0,0,0,1,660,6617,0,0,0,0,0,0,0,0,0,0,0,0,0,3309
2023-06-13,集中市場,753,54,16,0,791,16543,0,0,0,0,0,0,3309,660,0,0,0,0,660,6617,0,0,0,0,0,0,0,0,0,0,0,0,0,3309
2023-06-14,集中市場,791,49,34,0,806,16543,0,0,0,0,0,0,3309,660,0,0,0,0,660,6617,0,0,0,0,0,0,0,0,0,0,0,0,0,3309
2023-06-15,集中市場,806,17,29,0,794,16543,0,0,0,0,0,0,3309,660,0,0,0,0,660,6617,0,0,0,0,0,0,0,0,0,0,0,0,0,3309
2023-06-16,集中市場,794,23,11,0,806,16543,0,0,0,0,0,0,3309,660,0,0,0,0,660,6617,0,0,0,0,0,0,0,0,0,0,0,0,0,3309
2023-06-19,集中市場,806,14,24,0,796,16543,0,0,0,0,0,0,3309,660,0,0,0,0,660,6617,0,0,0,0,0,0,0,0,0,0,0,0,0,3309
2023-06-20,集中市場,796,13,32,0,777,16543,0,0,0,0,0,0,3309,660,0,0,0,0,660,6617,0,0,0,0,0,0,0,0,0,0,0,0,0,3309
2023-06-21,集中市場,777,15,14,0,778,16543,0,0,0,0,0,0,3309,660,0,0,0,0,660,6617,0,0,0,0,0,0,0,0,0,0,0,0,0,3309
2023-06-26,集中市場,778,15,3,0,790,16543,0,0,0,0,0,0,3309,660,251,0,0,0,911,6617,0,0,0,0,0,0,0,0,0,0,0,0,0,3309
2023-06-27,集中市場,790,5,13,0,782,16543,0,0,0,0,0,0,3309,911,0,0,0,0,911,6617,0,0,0,0,0,0,0,0,0,0,0,0,0,3309
2023-06-28,集中市場,782,3,10,0,775,16543,0,0,0,0,0,0,3309,911,0,0,0,0,911,6617,0,0,0,0,0,0,0,0,0,0,0,0,0,3309
2023-06-29,集中市場,775,26,33,0,768,16543,0,0,0,0,0,0,3309,911,0,0,0,0,911,6617,0,0,0,0,0,0,0,0,0,0,0,0,0,3309
2023-06-30,集中市場,768,22,36,0,754,16543,0,0,0,0,0,0,3309,911,0,0,0,0,911,6617,0,0,0,0,0,0,0,0,0,0,0,0,0,3309
2023-07-03,集中市場,754,32,37,0,749,16543,0,0,0,0,0,0,3309,911,0,0,0,0,911,6617,0,0,0,0,0,0,0,0,0,0,0,0,0,3309
2023-07-04,集中市場,749,17,25,0,741,16543,0,0,0,0,0,0,3309,911,0,0,0,0,911,6617,0,0,0,0,0,0,0,0,0,0,0,0,0,3309
2023-07-05,集中市場,741,6,8,0,739,16543,0,0,0,0,0,0,3309,911,0,0,0,0,911,6617,0,0,0,0,0,0,0,0,0,0,0,0,0,3309
2023-07-06,集中市場,739,7,6,0,740,16543,0,0,0,0,0,0,3309,911,0,0,0,0,911,6617,0,0,0,0,0,0,0,0,0,0,0,0,0,3309
2023-07-07,集中市場,740,12,14,0,738,16543,0,0,0,0,0,0,3309,911,0,0,0,0,911,6617,0,0,0,0,0,0,0,0,0,0,0,0,0,3309
2023-07-10,集中市場,738,3,16,0,725,16543,0,0,0,0,0,0,3309,911,0,0,0,0,911,6617,0,0,0,0,0,0,0,0,0,0,0,0,0,3309
2023-07-11,集中市場,725,8,3,0,730,16543,0,0,0,0,0,0,3309,911,0,0,0,0,911,6617,0,0,0,0,0,0,0,0,0,0,0,0,0,3309
2023-07-12,集中市場,730,7,2,0,735,16543,0,0,0,0,0,0,3309,911,4,0,0,0,915,6617,0,0,0,0,0,0,0,0,0,0,0,0,0,3309
2023-07-13,集中市場,735,1,5,0,731,16543,0,0,0,0,0,0,3309,915,0,0,0,0,915,6617,0,0,0,0,0,0,0,0,0,0,0,0,0,3309
2023-07-14,集中市場,731,6,8,0,729,16543,0,0,0,0,0,0,3309,915,0,0,0,0,915,6617,0,0,0,0,0,0,0,0,0,0,0,0,0,3309
2023-07-17,集中市場,729,8,8,0,729,16543,0,0,0,0,0,0,3309,915,0,0,0,0,915,6617,0,0,0,0,0,0,0,0,0,0,0,0,0,3309
2023-07-18,集中市場,729,2,4,0,727,16543,0,0,0,0,0,0,3309,915,0,0,0,0,915,6617,0,0,0,0,0,0,0,0,0,0,0,0,0,3309
2023-07-19,集中市場,727,3,7,0,723,16543,0,0,0,0,0,0,3309,915,0,0,0,0,915,6617,0,0,0,0,0,0,0,0,0,0,0,0,0,3309
2023-07-20,集中市場,723,8,13,0,718,16543,0,0,0,0,0,0,3309,915,0,0,0,0,915,6617,0,0,0,0,0,0,0,0,0,0,0,0,0,3309
2023-07-21,集中市場,718,4,20,0,702,16543,0,0,0,0,0,0,3309,915,0,0,0,0,915,6617,0,0,0,0,0,0,0,0,0,0,0,0,0,3309
2023-07-24,集中市場,702,2,8,0,696,16543,0,0,0,0,0,0,3309,915,0,0,0,0,915,6617,0,0,0,0,0,0,0,0,0,0,0,0,0,3309
2023-07-25,集中市場,696,0,9,0,687,16543,0,0,0,0,0,0,3309,915,0,0,0,0,915,6617,0,0,0,0,0,0,0,0,0,0,0,0,0,3309
2023-07-26,集中市場,687,0,4,0,683,16543,0,0,0,0,0,0,3309,915,0,0,0,0,915,6617,0,0,0,0,0,0,0,0,0,0,0,0,0,3309
2023-07-27,集中市場,683,1,13,0,671,16543,0,0,0,0,0,0,3309,915,0,0,0,0,915,6617,0,0,0,0,0,0,0,0,0,0,0,0,0,3309
2023-07-28,集中市場,671,0,0,2,669,16543,0,0,0,0,0,0,3309,915,0,0,0,0,915,6617,0,0,0,0,0,0,0,0,0,0,0,0,0,3309
2023-07-31,集中市場,669,3,2,0,670,16543,0,0,0,0,0,0,3309,915,0,0,0,0,915,6617,0,0,0,0,0,0,0,0,0,0,0,0,0,3309
2023-08-01,集中市場,670,10,6,0,674,16543,0,0,0,0,0,0,3309,915,0,0,0,0,915,6617,0,0,0,0,0,0,0,0,0,0,0,0,0,3309
2023-08-02,集中市場,674,12,9,0,677,16543,0,0,0,0,0,0,3309,915,0,0,0,0,915,6617,0,0,0,0,0,0,0,0,0,0,0,0,0,3309
2023-08-04,集中市場,677,1,11,0,667,16543,0,0,0,0,0,0,3309,915,0,0,0,0,915,6617,0,0,0,0,0,0,0,0,0,0,0,0,0,3309
2023-08-07,集中市場,667,1,13,0,655,16543,0,0,0,0,0,0,3309,915,0,0,0,0,915,6617,0,0,0,0,0,0,0,0,0,0,0,0,0,3309
2023-08-08,集中市場,655,5,11,0,649,16543,0,0,0,0,0,0,3309,915,0,0,0,0,915,6617,0,0,0,0,0,0,0,0,0,0,0,0,0,3309
2023-08-09,集中市場,649,8,17,0,640,16543,0,0,0,0,0,0,3309,915,0,0,0,0,915,6617,0,0,0,0,0,0,0,0,0,0,0,0,0,3309
2023-08-10,集中市場,640,21,46,0,615,16543,0,0,0,0,0,0,3309,915,0,0,0,0,915,6617,0,0,0,0,0,0,0,0,0,0,0,0,0,3309
2023-08-11,集中市場,615,0,11,15,589,16543,0,0,0,0,0,0,3309,915,0,0,0,0,915,6617,0,0,0,0,0,0,0,0,0,0,0,0,0,3309
2023-08-14,集中市場,589,3,7,0,585,16543,0,0,0,0,0,0,3309,915,0,0,0,0,915,6617,0,0,0,0,0,0,0,0,0,0,0,0,0,3309
2023-08-15,集中市場,585,1,2,0,584,16543,0,0,0,0,0,0,3309,915,0,0,0,0,915,6617,0,0,0,0,0,0,0,0,0,0,0,0,0,3309
2023-08-16,集中市場,584,0,1,0,583,16543,0,0,0,0,0,0,3309,915,0,0,0,0,915,6617,0,0,0,0,0,0,0,0,0,0,0,0,0,3309
2023-08-17,集中市場,583,0,9,0,574,16543,0,0,0,0,0,0,3309,915,0,0,0,0,915,6617,0,0,0,0,0,0,0,0,0,0,0,0,0,3309
2023-08-18,集中市場,574,2,7,0,569,16543,0,0,0,0,0,0,3309,915,0,0,0,0,915,6617,0,0,0,0,0,0,0,0,0,0,0,0,0,3309
2023-08-21,集中市場,569,0,0,0,569,16543,0,0,0,0,0,0,3309,915,0,0,0,0,915,6617,0,0,0,0,0,0,0,0,0,0,0,0,0,3309
2023-08-22,集中市場,569,3,4,0,568,16543,0,0,0,0,0,0,3309,915,0,0,0,0,915,6617,0,0,0,0,0,0,0,0,0,0,0,0,0,3309
2023-08-23,集中市場,568,0,0,0,568,16543,0,0,0,0,0,0,3309,915,0,0,0,0,915,6617,0,0,0,0,0,0,0,0,0,0,0,0,0,3309
2023-08-24,集中市場,568,0,0,0,568,16543,0,0,0,0,0,0,3309,915,0,0,0,0,915,6617,0,0,0,0,0,0,0,0,0,0,0,0,0,3309
2023-08-25,集中市場,568,2,0,0,570,16543,0,0,0,0,0,0,3309,915,0,0,0,0,915,6617,0,0,0,0,0,0,0,0,0,0,0,0,0,3309
2023-08-28,集中市場,570,1,1,0,570,16543,0,0,0,0,0,0,3309,915,0,0,0,0,915,6617,0,0,0,0,0,0,0,0,0,0,0,0,0,3309
2023-08-29,集中市場,570,2,2,0,570,16543,0,0,0,0,0,0,3309,915,0,0,0,0,915,6617,0,0,0,0,0,0,0,0,0,0,0,0,0,3309
2023-08-30,集中市場,570,0,1,0,569,16543,0,0,0,0,0,0,3309,915,0,0,0,0,915,6617,0,0,0,0,0,0,0,0,0,0,0,0,0,3309
2023-08-31,集中市場,569,4,4,0,569,16543,0,0,0,0,0,0,3309,915,0,0,0,0,915,6617,0,0,0,0,0,0,0,0,0,0,0,0,0,3309
2023-09-01,集中市場,569,0,5,0,564,16543,0,0,0,0,0,0,3309,915,0,0,0,0,915,6617,0,0,0,0,0,0,0,0,0,0,0,0,0,3309
2023-09-04,集中市場,564,0,0,0,564,16543,0,0,0,0,0,0,3309,915,0,0,0,0,915,6617,0,0,0,0,0,0,0,0,0,0,0,0,0,3309
2023-09-05,集中市場,564,3,0,0,567,16543,0,0,0,0,0,0,3309,915,0,0,0,0,915,6617,0,0,0,0,0,0,0,0,0,0,0,0,0,3309
2023-09-06,集中市場,567,0,12,0,555,16543,0,0,0,0,0,0,3309,915,0,0,0,0,915,6617,0,0,0,0,0,0,0,0,0,0,0,0,0,3309
2023-09-07,集中市場,555,4,0,0,559,16543,0,0,0,0,0,0,3309,915,0,0,0,0,915,6617,0,0,0,0,0,0,0,0,0,0,0,0,0,3309
2023-09-08,集中市場,559,0,1,0,558,16543,0,0,0,0,0,0,3309,915,0,0,0,0,915,6617,0,0,0,0,0,0,0,0,0,0,0,0,0,3309
2023-09-11,集中市場,558,0,0,0,558,16543,0,0,0,0,0,0,3309,915,0,0,0,0,915,6617,0,0,0,0,0,0,0,0,0,0,0,0,0,3309
2023-09-12,集中市場,558,0,1,14,543,16543,0,0,0,0,0,0,3309,915,0,0,0,0,915,6617,0,0,0,0,0,0,0,0,0,0,0,0,0,3309
2023-09-13,集中市場,543,1,0,0,544,16543,0,0,0,0,0,0,3309,915,0,0,0,0,915,6617,0,0,0,0,0,0,0,0,0,0,0,0,0,3309
2023-09-14,集中市場,544,1,0,0,545,16543,0,0,0,0,0,0,3309,915,0,0,0,0,915,6617,0,0,0,0,0,0,0,0,0,0,0,0,0,3309
2023-09-15,集中市場,545,0,2,0,543,16543,0,0,0,0,0,0,3309,915,0,0,0,0,915,6617,0,0,0,0,0,0,0,0,0,0,0,0,0,3309
2023-09-18,集中市場,543,1,0,0,544,16543,0,0,0,0,0,0,3309,915,0,0,0,0,915,6617,0,0,0,0,0,0,0,0,0,0,0,0,0,3309
2023-09-19,集中市場,544,1,4,0,541,16543,0,0,0,0,0,0,3309,915,0,0,0,0,915,6617,0,0,0,0,0,0,0,0,0,0,0,0,0,3309
2023-09-20,集中市場,541,0,0,0,541,16543,0,0,0,0,0,0,3309,915,0,0,0,0,915,6617,0,0,0,0,0,0,0,0,0,0,0,0,0,3309
2023-09-21,集中市場,541,2,0,0,543,16543,0,0,0,0,0,0,3309,915,0,0,0,0,915,6617,0,0,0,0,0,0,0,0,0,0,0,0,0,3309
2023-09-22,集中市場,543,0,1,0,542,16543,0,0,0,0,0,0,3309,915,0,0,0,0,915,6617,0,0,0,0,0,0,0,0,0,0,0,0,0,3309
2023-09-25,集中市場,542,1,2,0,541,16543,0,0,0,0,0,0,3309,915,0,0,0,0,915,6617,0,0,0,0,0,0,0,0,0,0,0,0,0,3309
2023-09-26,集中市場,541,2,0,0,543,16543,0,0,0,0,0,0,3309,915,0,0,0,0,915,6617,0,0,0,0,0,0,0,0,0,0,0,0,0,3309
2023-09-27,集中市場,543,9,2,0,550,16543,0,0,0,0,0,0,3309,915,0,0,0,0,915,6617,0,0,0,0,0,0,0,0,0,0,0,0,0,3309
2023-09-28,集中市場,550,7,1,0,556,16543,0,0,0,0,0,0,3309,915,0,0,0,0,915,6617,0,0,0,0,0,0,0,0,0,0,0,0,0,3309
2023-10-02,集中市場,556,1,4,0,553,16543,0,0,0,0,0,0,3309,915,0,0,0,0,915,6617,0,0,0,0,0,0,0,0,0,0,0,0,0,3309
2023-10-03,集中市場,553,1,1,0,553,16543,0,0,0,0,0,0,3309,915,0,0,0,0,915,6617,0,0,0,0,0,0,0,0,0,0,0,0,0,3309
2023-10-04,集中市場,553,0,1,0,552,16543,0,0,0,0,0,0,3309,915,0,0,0,0,915,6617,0,0,0,0,0,0,0,0,0,0,0,0,0,3309
2023-10-05,集中市場,552,0,2,0,550,16543,0,0,0,0,0,0,3309,915,0,0,0,0,915,6617,0,0,0,0,0,0,0,0,0,0,0,0,0,3309
2023-10-06,集中市場,550,1,3,0,548,16543,0,0,0,0,0,0,3309,915,0,0,0,0,915,6617,0,0,0,0,0,0,0,0,0,0,0,0,0,3309
2023-10-11,集中市場,548,2,0,0,550,16543,0,0,0,0,0,0,3309,915,0,0,0,0,915,6617,0,0,0,0,0,0,0,0,0,0,0,0,0,3309
2023-10-12,集中市場,550,0,3,0,547,16543,0,0,0,0,0,0,3309,915,0,0,0,0,915,6617,0,0,0,0,0,0,0,0,0,0,0,0,0,3309
2023-10-13,集中市場,547,5,2,0,550,16543,0,0,0,0,0,0,3309,915,0,0,0,0,915,6617,0,0,0,0,0,0,0,0,0,0,0,0,0,3309
2023-10-16,集中市場,550,0,0,0,550,16543,0,0,0,0,0,0,3309,915,0,0,0,0,915,6617,0,0,0,0,0,0,0,0,0,0,0,0,0,3309
2023-10-17,集中市場,550,0,2,0,548,16543,0,0,0,0,0,0,3309,915,0,0,0,0,915,6617,0,0,0,0,0,0,0,0,0,0,0,0,0,3309
2023-10-18,集中市場,548,5,4,0,549,16543,0,0,0,0,0,0,3309,915,0,0,0,0,915,6617,0,0,0,0,0,0,0,0,0,0,0,0,0,3309
2023-10-19,集中市場,549,2,0,0,551,16543,0,0,0,0,0,0,3309,915,0,0,0,0,915,6617,0,0,0,0,0,0,0,0,0,0,0,0,0,3309
2023-10-20,集中市場,551,0,1,0,550,16543,0,0,0,0,0,0,3309,915,0,0,0,0,915,6617,0,0,0,0,0,0,0,0,0,0,0,0,0,3309
2023-10-23,集中市場,550,0,0,0,550,16543,0,0,0,0,0,0,3309,915,0,0,0,0,915,6617,0,0,0,0,0,0,0,0,0,0,0,0,0,3309
2023-10-24,集中市場,550,2,1,1,550,16543,0,0,0,0,0,0,3309,915,0,0,0,0,915,6617,0,0,0,0,0,0,0,0,0,0,0,0,0,3309
2023-10-25,集中市場,550,2,0,0,552,16543,0,0,0,0,0,0,3309,915,0,0,0,0,915,6617,0,0,0,0,0,0,0,0,0,0,0,0,0,3309
2023-10-26,集中市場,552,0,0,0,552,16543,0,0,0,0,0,0,3309,915,0,0,0,0,915,6617,0,0,0,0,0,0,0,0,0,0,0,0,0,3309
2023-10-27,集中市場,552,2,0,0,554,16543,0,0,0,0,0,0,3309,915,0,0,0,0,915,6617,0,0,0,0,0,0,0,0,0,0,0,0,0,3309
2023-10-30,集中市場,554,0,0,0,554,16543,0,0,0,0,0,0,3309,915,0,0,0,0,915,6617,0,0,0,0,0,0,0,0,0,0,0,0,0,3309
2023-10-31,集中市場,554,1,0,0,555,16543,0,0,0,0,0,0,3309,915,0,0,0,0,915,6617,0,0,0,0,0,0,0,0,0,0,0,0,0,3309
2023-11-01,集中市場,555,1,0,0,556,16543,0,0,0,0,0,0,3309,915,0,0,0,0,915,6617,0,0,0,0,0,0,0,0,0,0,0,0,0,3309
2023-11-02,集中市場,556,0,0,0,556,16543,0,0,0,0,0,0,3309,915,0,0,0,0,915,6617,0,0,0,0,0,0,0,0,0,0,0,0,0,3309
2023-11-03,集中市場,556,0,2,0,554,16543,0,0,0,0,0,0,3309,915,0,0,0,0,915,6617,0,0,0,0,0,0,0,0,0,0,0,0,0,3309
2023-11-06,集中市場,554,6,1,0,559,16543,0,0,0,0,0,0,3309,915,0,0,0,0,915,6617,0,0,0,0,0,0,0,0,0,0,0,0,0,3309
2023-11-07,集中市場,559,25,12,0,572,16543,0,0,0,0,0,0,3309,915,0,0,0,0,915,6617,0,0,0,0,0,0,0,0,0,0,0,0,0,3309
2023-11-08,集中市場,572,17,0,0,589,16543,0,0,0,0,0,0,3309,915,0,0,0,0,915,6617,0,0,0,0,0,0,0,0,0,0,0,0,0,3309
2023-11-09,集中市場,589,2,1,0,590,16543,0,0,0,0,0,0,3309,915,0,0,0,0,915,6617,0,0,0,0,0,0,0,0,0,0,0,0,0,3309
2023-11-10,集中市場,590,1,0,0,591,16543,0,0,0,0,0,0,3309,915,0,0,0,0,915,6617,0,0,0,0,0,0,0,0,0,0,0,0,0,3309
2023-11-13,集中市場,591,4,3,0,592,16543,0,0,0,0,0,0,3309,915,0,0,0,0,915,6617,0,0,0,0,0,0,0,0,0,0,0,0,0,3309
2023-11-14,集中市場,592,19,0,0,611,16543,0,0,0,0,0,0,3309,915,0,0,0,0,915,6617,0,0,0,0,0,0,0,0,0,0,0,0,0,3309
2023-11-15,集中市場,611,17,6,0,622,16543,0,0,0,0,0,0,3309,915,0,0,0,0,915,6617,0,0,0,0,0,0,0,0,0,0,0,0,0,3309
2023-11-16,集中市場,622,4,1,0,625,16543,0,0,0,0,0,0,3309,915,0,0,0,0,915,6617,0,0,0,0,0,0,0,0,0,0,0,0,0,3309
2023-11-17,集中市場,625,2,1,4,622,16543,0,0,0,0,0,0,3309,915,0,0,0,0,915,6617,0,0,0,0,0,0,0,0,0,0,0,0,0,3309
2023-11-20,集中市場,622,10,4,0,628,16543,0,0,0,0,0,0,3309,915,0,0,0,0,915,6617,0,0,0,0,0,0,0,0,0,0,0,0,0,3309
2023-11-21,集中市場,628,5,0,0,633,16543,0,0,0,0,0,0,3309,915,0,0,0,0,915,6617,0,0,0,0,0,0,0,0,0,0,0,0,0,3309
2023-11-22,集中市場,633,22,5,0,650,16543,0,0,0,0,0,0,3309,915,0,0,0,0,915,6617,0,0,0,0,0,0,0,0,0,0,0,0,0,3309
2023-11-23,集中市場,650,8,14,0,644,16543,0,0,0,0,0,0,3309,915,0,0,0,0,915,6617,0,0,0,0,0,0,0,0,0,0,0,0,0,3309
2023-11-24,集中市場,644,10,5,0,649,16543,0,0,0,0,0,0,3309,915,0,0,0,0,915,6617,0,0,0,0,0,0,0,0,0,0,0,0,0,3309
2023-11-27,集中市場,649,0,0,0,649,16543,0,0,0,0,0,0,3309,915,0,0,0,0,915,6617,0,0,0,0,0,0,0,0,0,0,0,0,0,3309
2023-11-28,集中市場,649,6,0,0,655,16543,0,0,0,0,0,0,3309,915,0,0,0,0,915,6617,0,0,0,0,0,0,0,0,0,0,0,0,0,3309
2023-11-29,集中市場,655,5,5,0,655,16543,0,0,0,0,0,0,3309,915,0,0,0,0,915,6617,0,0,0,0,0,0,0,0,0,0,0,0,0,3309
2023-11-30,集中市場,655,18,0,0,673,16543,0,0,0,0,0,0,3309,915,0,0,0,0,915,6617,0,0,0,0,0,0,0,0,0,0,0,0,0,3309
2023-12-01,集中市場,673,4,12,0,665,16543,0,0,0,0,0,0,3309,915,0,0,0,0,915,6617,0,0,0,0,0,0,0,0,0,0,0,0,0,3309
2023-12-04,集中市場,665,12,6,0,671,16543,0,0,0,0,0,0,3309,915,0,0,0,0,915,6617,0,0,0,0,0,0,0,0,0,0,0,0,0,3309
2023-12-05,集中市場,671,2,1,0,672,16543,0,0,0,0,0,0,3309,915,0,0,0,0,915,6617,0,0,0,0,0,0,0,0,0,0,0,0,0,3309
2023-12-06,集中市場,672,4,3,0,673,16543,0,0,0,0,0,0,3309,915,0,0,0,0,915,6617,0,0,0,0,0,0,0,0,0,0,0,0,0,3309
2023-12-07,集中市場,673,16,0,0,689,16543,0,0,0,0,0,0,3309,915,0,0,0,0,915,6617,0,0,0,0,0,0,0,0,0,0,0,0,0,3309
2023-12-08,集中市場,689,4,1,0,692,16543,0,0,0,0,0,0,3309,915,0,0,0,0,915,6617,0,0,0,0,0,0,0,0,0,0,0,0,0,3309
2023-12-11,集中市場,692,3,4,0,691,16543,0,0,0,0,0,0,3309,915,0,0,0,0,915,6617,0,0,0,0,0,0,0,0,0,0,0,0,0,3309
2023-12-12,集中市場,691,3,9,0,685,16543,0,0,0,0,0,0,3309,915,0,0,0,0,915,6617,0,0,0,0,0,0,0,0,0,0,0,0,0,3309
2023-12-13,集中市場,685,1,1,0,685,16543,0,0,0,0,0,0,3309,915,0,0,0,0,915,6617,0,0,0,0,0,0,0,0,0,0,0,0,0,3309
2023-12-14,集中市場,685,24,10,3,696,16543,0,0,0,0,0,0,3309,915,0,0,0,0,915,6617,0,0,0,0,0,0,0,0,0,0,0,0,0,3309
2023-12-15,集中市場,696,3,17,0,682,16543,0,0,0,0,0,0,3309,915,0,0,0,0,915,6617,0,0,0,0,0,0,0,0,0,0,0,0,0,3309
2023-12-18,集中市場,682,3,5,0,680,16543,0,0,0,0,0,0,3309,915,0,0,0,0,915,6617,0,0,0,0,0,0,0,0,0,0,0,0,0,3309
2023-12-19,集中市場,680,5,3,0,682,16543,0,0,0,0,0,0,3309,915,0,0,0,0,915,6617,0,0,0,0,0,0,0,0,0,0,0,0,0,3309
2023-12-20,集中市場,682,0,1,1,680,16543,0,0,0,0,0,0,3309,915,0,0,0,0,915,6617,0,0,0,0,0,0,0,0,0,0,0,0,0,3309
2023-12-21,集中市場,680,46,14,0,712,16543,0,0,0,0,0,0,3309,915,0,0,0,0,915,6617,0,0,0,0,0,0,0,0,0,0,0,0,0,3309
2023-12-22,集中市場,712,38,11,0,739,16543,0,0,0,0,0,0,3309,915,0,0,0,0,915,6617,0,0,0,0,0,0,0,0,0,0,0,0,0,3309
2023-12-25,集中市場,739,34,32,0,741,16543,0,0,0,0,0,0,3309,915,0,0,0,0,915,6617,0,0,0,0,0,0,0,0,0,0,0,0,0,3309
2023-12-26,集中市場,741,76,27,0,790,16543,0,0,0,0,0,0,3309,915,0,0,0,0,915,6617,0,0,0,0,0,0,0,0,0,0,0,0,0,3309
2023-12-27,集中市場,790,552,80,0,1262,16543,0,0,0,0,0,0,3309,915,0,0,0,0,915,6617,0,0,0,0,0,0,0,0,0,0,0,0,0,3309
2023-12-28,集中市場,1262,205,112,0,1355,16543,0,0,0,0,0,0,3309,915,1,0,0,0,916,6617,0,0,0,0,0,0,0,0,0,0,0,0,0,3309
2023-12-29,集中市場,1355,87,81,0,1361,16543,0,0,0,0,0,0,3309,916,0,0,0,0,916,6617,0,0,0,0,0,0,0,0,0,0,0,0,0,3309
2024-01-02,集中市場,1361,144,192,0,1313,16543,0,0,0,0,0,0,3309,916,0,0,0,0,916,6617,0,0,0,0,0,0,0,0,0,0,0,0,0,3309
2024-01-03,集中市場,1313,160,414,0,1059,16543,0,0,0,0,0,0,3309,916,0,0,3,0,913,6617,0,0,0,0,0,0,0,0,0,0,0,0,0,3309
2024-01-04,集中市場,1059,358,367,0,1050,16543,0,0,0,0,0,0,3309,913,0,0,0,1,912,6617,0,0,0,0,0,0,0,0,0,0,0,0,0,3309
2024-01-05,集中市場,1050,20,79,0,991,16543,0,0,0,0,0,0,3309,912,0,0,0,0,912,6617,0,0,0,0,0,0,0,0,0,0,0,0,0,3309
2024-01-08,集中市場,991,122,94,0,1019,16543,0,0,0,0,0,0,3309,912,0,0,0,0,912,6617,0,0,0,0,0,0,0,0,0,0,0,0,0,3309
2024-01-09,集中市場,1019,73,159,0,933,16543,0,4,0,0,0,4,3309,912,0,0,0,0,912,6617,0,0,0,0,0,0,0,0,0,0,0,0,0,3309
2024-01-10,集中市場,933,41,44,1,929,16543,4,0,3,0,0,1,3309,912,0,0,0,0,912,6617,0,0,0,0,0,0,0,0,0,0,0,0,0,3309
2024-01-11,集中市場,929,68,29,0,968,16543,1,0,1,0,0,0,3309,912,27,0,0,0,939,6617,0,0,0,0,0,0,0,0,0,0,0,0,0,3309
2024-01-12,集中市場,968,16,57,0,927,16543,0,0,0,0,0,0,3309,939,0,0,0,0,939,6617,0,0,0,0,0,0,0,0,0,0,0,0,0,3309
2024-01-15,集中市場,927,61,164,0,824,16543,0,0,0,0,0,0,3309,939,0,0,0,0,939,6617,0,0,0,0,0,0,0,0,0,0,0,0,0,3309
2024-01-16,集中市場,824,13,25,0,812,16543,0,0,0,0,0,0,3309,939,0,0,0,0,939,6617,0,0,0,0,0,0,0,0,0,0,0,0,0,3309
2024-01-17,集中市場,812,33,30,0,815,16543,0,0,0,0,0,0,3309,939,0,0,0,0,939,6617,0,0,0,0,0,0,0,0,0,0,0,0,0,3309
2024-01-18,集中市場,815,17,66,0,766,16543,0,0,0,0,0,0,3309,939,14,0,0,0,953,6617,0,0,0,0,0,0,0,0,0,0,0,0,0,3309
2024-01-19,集中市場,766,3,42,0,727,16543,0,0,0,0,0,0,3309,953,0,0,0,0,953,6617,0,0,0,0,0,0,0,0,0,0,0,0,0,3309
2024-01-22,集中市場,727,30,50,0,707,16543,0,0,0,0,0,0,3309,953,0,0,0,0,953,6617,0,0,0,0,0,0,0,0,0,0,0,0,0,3309
2024-01-23,集中市場,707,56,69,0,694,16543,0,0,0,0,0,0,3309,953,0,0,0,0,953,6617,0,0,0,0,0,0,0,0,0,0,0,0,0,3309
2024-01-24,集中市場,694,17,24,0,687,16543,0,0,0,0,0,0,3309,953,0,0,0,0,953,6617,0,0,0,0,0,0,0,0,0,0,0,0,0,3309
2024-01-25,集中市場,687,86,54,0,719,16543,0,0,0,0,0,0,3309,953,0,0,0,0,953,6617,0,0,0,0,0,0,0,0,0,0,0,0,0,3309
2024-01-26,集中市場,719,66,93,0,692,16543,0,0,0,0,0,0,3309,953,0,0,0,0,953,6617,0,0,0,0,0,0,0,0,0,0,0,0,0,3309
2024-01-29,集中市場,692,6,71,0,627,16543,0,0,0,0,0,0,3309,953,0,0,0,0,953,6617,0,0,0,0,0,0,0,0,0,0,0,0,0,3309
2024-01-30,集中市場,627,23,52,0,598,16543,0,0,0,0,0,0,3309,953,0,0,0,0,953,6617,0,0,0,0,0,0,0,0,0,0,0,0,0,3309
2024-01-31,集中市場,598,17,7,0,608,16543,0,0,0,0,0,0,3309,953,0,0,0,0,953,6617,0,0,0,0,0,0,0,0,0,0,0,0,0,3309
2024-02-01,集中市場,608,10,17,0,601,16543,0,0,0,0,0,0,3309,953,0,0,0,0,953,6617,0,0,0,0,0,0,0,0,0,0,0,0,0,3309
2024-02-02,集中市場,601,14,17,0,598,16543,0,0,0,0,0,0,3309,953,0,0,0,0,953,6617,0,0,0,0,0,0,0,0,0,0,0,0,0,3309
2024-02-05,集中市場,598,46,13,0,631,16543,0,0,0,0,0,0,3309,953,0,0,0,0,953,6617,0,0,0,0,0,0,0,0,0,0,0,0,0,3309
2024-02-15,集中市場,631,27,47,0,611,16543,0,0,0,0,0,0,3309,953,0,0,0,0,953,6617,0,0,0,0,0,0,0,0,0,0,0,0,0,3309
2024-02-16,集中市場,611,184,90,0,705,16543,0,0,0,0,0,0,3309,953,0,0,0,0,953,6617,0,0,0,0,0,0,0,0,0,0,0,0,0,3309
2024-02-19,集中市場,705,29,176,0,558,16543,0,0,0,0,0,0,3309,953,0,0,0,0,953,6617,0,0,0,0,0,0,0,0,0,0,0,0,0,3309
2024-02-20,集中市場,558,16,32,0,542,16543,0,0,0,0,0,0,3309,953,0,0,0,0,953,6617,0,0,0,0,0,0,0,0,0,0,0,0,0,3309
2024-02-21,集中市場,542,25,12,0,555,16543,0,0,0,0,0,0,3309,953,0,0,0,0,953,6617,0,0,0,0,0,0,0,0,0,0,0,0,0,3309
2024-02-22,集中市場,555,4,43,0,516,16543,0,0,0,0,0,0,3309,953,0,0,0,0,953,6617,0,0,0,0,0,0,0,0,0,0,0,0,0,3309
2024-02-23,集中市場,516,21,5,0,532,16543,0,0,0,0,0,0,3309,953,0,0,0,0,953,6617,0,0,0,0,0,0,0,0,0,0,0,0,0,3309
2024-02-26,集中市場,532,111,69,0,574,16543,0,0,0,0,0,0,3309,953,0,0,0,1,952,6617,0,0,0,0,0,0,0,0,0,0,0,0,0,3309
2024-02-27,集中市場,574,100,126,0,548,16543,0,0,0,0,0,0,3309,952,0,0,0,0,952,6617,0,0,0,0,0,0,0,0,0,0,0,0,0,3309
2024-02-29,集中市場,548,104,99,0,553,16543,0,0,0,0,0,0,3309,952,0,0,0,0,952,6617,0,0,0,0,0,0,0,0,0,0,0,0,0,3309
2024-03-01,集中市場,553,29,46,0,536,16543,0,0,0,0,0,0,3309,952,0,0,0,0,952,6617,0,0,0,0,0,0,0,0,0,0,0,0,0,3309
2024-03-04,集中市場,536,6,34,0,508,16543,0,0,0,0,0,0,3309,952,0,0,0,0,952,6617,0,0,0,0,0,0,0,0,0,0,0,0,0,3309
2024-03-05,集中市場,508,28,23,0,513,16543,0,0,0,0,0,0,3309,952,1,0,0,0,953,6617,0,0,0,0,0,0,0,0,0,0,0,0,0,3309
2024-03-06,集中市場,513,29,47,0,495,16543,0,0,0,0,0,0,3309,953,0,0,0,0,953,6617,0,0,0,0,0,0,0,0,0,0,0,0,0,3309
2024-03-07,集中市場,495,46,8,0,533,16543,0,0,0,0,0,0,3309,953,0,0,0,0,953,6617,0,0,0,0,0,0,0,0,0,0,0,0,0,3309
2024-03-08,集中市場,533,32,17,0,548,16543,0,0,0,0,0,0,3309,953,1,0,0,0,954,6617,0,0,0,0,0,0,0,0,0,0,0,0,0,3309
2024-03-11,集中市場,548,35,33,0,550,16543,0,0,0,0,0,0,3309,954,0,0,0,0,954,6617,0,0,0,0,0,0,0,0,0,0,0,0,0,3309
2024-03-12,集中市場,550,11,3,0,558,16543,0,0,0,0,0,0,3309,954,0,0,0,0,954,6617,0,0,0,0,0,0,0,0,0,0,0,0,0,3309
2024-03-13,集中市場,558,28,29,0,557,16543,0,0,0,0,0,0,3309,954,1,0,0,0,955,6617,0,0,0,0,0,0,0,0,0,0,0,0,0,3309
2024-03-14,集中市場,557,53,33,0,577,16543,0,0,0,0,0,0,3309,955,0,0,0,0,955,6617,0,0,0,0,0,0,0,0,0,0,0,0,0,3309
2024-03-15,集中市場,577,34,30,0,581,16543,0,0,0,0,0,0,3309,955,0,0,0,0,955,6617,0,0,0,0,0,0,0,0,0,0,0,0,0,3309
2024-03-18,集中市場,581,3,21,0,563,16543,0,0,0,0,0,0,3309,955,0,0,0,0,955,6617,0,0,0,0,0,0,0,0,0,0,0,0,0,3309
2024-03-19,集中市場,563,12,53,0,522,16543,0,0,0,0,0,0,3309,955,0,0,0,0,955,6617,0,0,0,0,0,0,0,0,0,0,0,0,0,3309
2024-03-20,集中市場,522,41,26,0,537,16543,0,0,0,0,0,0,3309,955,5,0,0,0,960,6617,0,0,0,0,0,0,0,0,0,0,0,0,0,3309
2024-03-21,集中市場,537,24,38,0,523,16543,0,0,0,0,0,0,3309,960,0,0,0,0,960,6617,0,0,0,0,0,0,0,0,0,0,0,0,0,3309
2024-03-22,集中市場,523,2,15,0,510,16543,0,0,0,0,0,0,3309,960,0,0,0,0,960,6617,0,0,0,0,0,0,0,0,0,0,0,0,0,3309
2024-03-25,集中市場,510,2,16,0,496,16543,0,0,0,0,0,0,3309,960,0,0,0,0,960,6617,0,0,0,0,0,0,0,0,0,0,0,0,0,3309
2024-03-26,集中市場,496,19,30,0,485,16543,0,0,0,0,0,0,3309,960,0,0,0,0,960,6617,0,0,0,0,0,0,0,0,0,0,0,0,0,3309
2024-03-27,集中市場,485,0,13,0,472,16543,0,0,0,0,0,0,3309,960,0,0,1,0,959,6617,0,0,0,0,0,0,0,0,0,0,0,0,0,3309
2024-03-28,集中市場,472,4,2,0,474,16543,0,0,0,0,0,0,3309,959,0,0,0,0,959,6617,0,0,0,0,0,0,0,0,0,0,0,0,0,3309
2024-03-29,集中市場,474,12,23,0,463,16543,0,0,0,0,0,0,3309,959,0,0,0,0,959,6617,0,0,0,0,0,0,0,0,0,0,0,0,0,3309
2024-04-01,集中市場,463,253,106,0,610,16543,0,0,0,0,0,0,3309,959,0,0,0,0,959,6617,0,0,0,0,0,0,0,0,0,0,0,0,0,3309
2024-04-02,集中市場,610,253,222,0,641,16543,0,0,0,0,0,0,3309,959,0,0,0,0,959,6617,0,0,0,0,0,0,0,0,0,0,0,0,0,3309
2024-04-03,集中市場,641,78,69,0,650,16543,0,0,0,0,0,0,3309,959,0,0,0,2,957,6617,0,0,0,0,0,0,0,0,0,0,0,0,0,3309
2024-04-08,集中市場,650,43,52,1,640,16543,0,0,0,0,0,0,3309,957,11,0,0,0,968,6617,0,0,0,0,0,0,0,0,0,0,0,0,0,3309
2024-04-09,集中市場,640,50,62,0,628,16543,0,0,0,0,0,0,3309,968,0,0,0,0,968,6617,0,0,0,0,0,0,0,0,0,0,0,0,0,3309
2024-04-10,集中市場,628,28,42,0,614,16543,0,0,0,0,0,0,3309,968,10,0,0,0,978,6617,0,0,0,0,0,0,0,0,0,0,0,0,0,3309
2024-04-11,集中市場,614,215,133,0,696,16543,0,0,0,0,0,0,3309,978,0,0,0,0,978,6617,0,0,0,0,0,0,0,0,0,0,0,0,0,3309
2024-04-12,集中市場,696,54,71,0,679,16543,0,0,0,0,0,0,3309,978,0,21,0,0,957,6617,0,0,0,0,0,0,0,0,0,0,0,0,0,3309
2024-04-15,集中市場,679,43,30,0,692,16543,0,0,0,0,0,0,3309,957,0,0,0,0,957,6617,0,0,0,0,0,0,0,0,0,0,0,0,0,3309
2024-04-16,集中市場,692,74,81,0,685,16543,0,0,0,0,0,0,3309,957,0,0,0,0,957,6617,0,0,0,0,0,0,0,0,0,0,0,0,0,3309
2024-04-17,集中市場,685,35,19,0,701,16543,0,0,0,0,0,0,3309,957,0,0,0,0,957,6617,0,0,0,0,0,0,0,0,0,0,0,0,0,3309
2024-04-18,集中市場,701,13,43,0,671,16543,0,0,0,0,0,0,3309,957,0,0,0,0,957,6617,0,0,0,0,0,0,0,0,0,0,0,0,0,3309
2024-04-19,集中市場,671,59,27,0,703,16543,0,0,0,0,0,0,3309,957,0,0,0,0,957,6617,0,0,0,0,0,0,0,0,0,0,0,0,0,3309
2024-04-22,集中市場,703,54,60,0,697,16543,0,0,0,0,0,0,3309,957,0,0,0,0,957,6617,0,0,0,0,0,0,0,0,0,0,0,0,0,3309
2024-04-23,集中市場,697,49,19,0,727,16543,0,0,0,0,0,0,3309,957,0,0,0,0,957,6617,0,0,0,0,0,0,0,0,0,0,0,0,0,3309
2024-04-24,集中市場,727,19,13,2,731,16543,0,0,0,0,0,0,3309,957,0,0,0,0,957,6617,0,0,0,0,0,0,0,0,0,0,0,0,0,3309
2024-04-25,集中市場,731,31,4,0,758,16543,0,0,0,0,0,0,3309,957,0,0,0,0,957,6617,0,0,0,0,0,0,0,0,0,0,0,0,0,3309
2024-04-26,集中市場,758,8,9,0,757,16543,0,0,0,0,0,0,3309,957,0,0,0,0,957,6617,0,0,0,0,0,0,0,0,0,0,0,0,0,3309
2024-04-29,集中市場,757,6,3,0,760,16543,0,0,0,0,0,0,3309,957,0,0,0,0,957,6617,0,0,0,0,0,0,0,0,0,0,0,0,0,3309
2024-04-30,集中市場,760,14,11,0,763,16543,0,0,0,0,0,0,3309,957,0,0,0,0,957,6617,0,0,0,0,0,0,0,0,0,0,0,0,0,3309
2024-05-02,集中市場,763,1,6,0,758,16543,0,0,0,0,0,0,3309,957,0,0,0,0,957,6617,0,0,0,0,0,0,0,0,0,0,0,0,0,3309
2024-05-03,集中市場,758,153,15,0,896,16543,0,0,0,0,0,0,3309,957,0,0,0,0,957,6617,0,0,0,0,0,0,0,0,0,0,0,0,0,3309
2024-05-06,集中市場,896,31,146,0,781,16543,0,0,0,0,0,0,3309,957,0,0,0,0,957,6617,0,0,0,0,0,0,0,0,0,0,0,0,0,3309
2024-05-07,集中市場,781,15,48,0,748,16543,0,0,0,0,0,0,3309,957,0,0,0,0,957,6617,0,0,0,0,0,0,0,0,0,0,0,0,0,3309
2024-05-08,集中市場,748,12,47,0,713,16543,0,0,0,0,0,0,3309,957,0,0,0,0,957,6617,0,0,0,0,0,0,0,0,0,0,0,0,0,3309
2024-05-09,集中市場,713,16,41,0,688,16543,0,0,0,0,0,0,3309,957,0,0,0,0,957,6617,0,0,0,0,0,0,0,0,0,0,0,0,0,3309
2024-05-10,集中市場,688,20,17,0,691,16543,0,0,0,0,0,0,3309,957,0,0,0,0,957,6617,0,0,0,0,0,0,0,0,0,0,0,0,0,3309
2024-05-13,集中市場,691,139,109,0,721,16543,0,0,0,0,0,0,3309,957,0,0,0,0,957,6617,0,0,0,0,0,0,0,0,0,0,0,0,0,3309
2024-05-14,集中市場,721,121,134,0,708,16543,0,0,0,0,0,0,3309,957,0,0,0,0,957,6617,0,0,0,0,0,0,0,0,0,0,0,0,0,3309
2024-05-15,集中市場,708,28,37,0,699,16543,0,0,0,0,0,0,3309,957,0,0,0,0,957,6617,0,0,0,0,0,0,0,0,0,0,0,0,0,3309
2024-05-16,集中市場,699,35,18,0,716,16543,0,0,0,0,0,0,3309,957,0,0,0,0,957,6617,0,0,0,0,0,0,0,0,0,0,0,0,0,3309
2024-05-17,集中市場,716,34,6,0,744,16543,0,0,0,0,0,0,3309,957,0,0,0,0,957,6617,0,0,0,0,0,0,0,0,0,0,0,0,0,3309
2024-05-20,集中市場,744,38,13,0,769,16543,0,0,0,0,0,0,3309,957,0,0,0,0,957,6617,0,0,0,0,0,0,0,0,0,0,0,0,0,3309
2024-05-21,集中市場,769,6,23,0,752,16543,0,0,0,0,0,0,3309,957,0,0,0,0,957,6617,0,0,0,0,0,0,0,0,0,0,0,0,0,3309
2024-05-22,集中市場,752,16,30,0,738,16543,0,0,0,0,0,0,3309,957,0,0,0,0,957,6617,0,0,0,0,0,0,0,0,0,0,0,0,0,3309
2024-05-23,集中市場,738,36,67,0,707,16543,0,0,0,0,0,0,3309,957,0,0,0,0,957,6617,0,0,0,0,0,0,0,0,0,0,0,0,0,3309
2024-05-24,集中市場,707,9,6,0,710,16543,0,0,0,0,0,0,3309,957,20,0,0,0,977,6617,0,0,0,0,0,0,0,0,0,0,0,0,0,3309
2024-05-27,集中市場,710,41,38,1,712,16543,0,0,0,0,0,0,3309,977,0,0,0,0,977,6617,0,0,0,0,0,0,0,0,0,0,0,0,0,3309
2024-05-28,集中市場,712,93,40,0,765,16543,0,0,0,0,0,0,3309,977,0,0,0,0,977,6617,0,0,0,0,0,0,0,0,0,0,0,0,0,3309
2024-05-29,集中市場,765,18,26,0,757,16543,0,0,0,0,0,0,3309,977,0,0,0,0,977,6617,0,0,0,0,0,0,0,0,0,0,0,0,0,3309
2024-05-30,集中市場,757,21,30,0,748,16543,0,0,0,0,0,0,3309,977,5,0,0,0,982,6617,0,0,0,0,0,0,0,0,0,0,0,0,0,3309
2024-05-31,集中市場,748,14,62,0,700,16543,0,0,0,0,0,0,3309,982,0,0,0,0,982,6617,0,0,0,0,0,0,0,0,0,0,0,0,0,3309
2024-06-03,集中市場,700,30,35,0,695,16543,0,0,0,0,0,0,3309,982,0,0,0,5,977,6617,0,0,0,0,0,0,0,0,0,0,0,0,0,3309
2024-06-04,集中市場,695,19,17,0,697,16543,0,0,0,0,0,0,3309,977,0,0,0,0,977,6617,0,0,0,0,0,0,0,0,0,0,0,0,0,3309
2024-06-05,集中市場,697,62,30,0,729,16543,0,0,0,0,0,0,3309,977,0,0,0,0,977,6617,0,0,0,0,0,0,0,0,0,0,0,0,0,3309
2024-06-06,集中市場,729,28,40,0,717,16543,0,0,0,0,0,0,3309,977,0,0,0,0,977,6617,0,0,0,0,0,0,0,0,0,0,0,0,0,3309
2024-06-07,集中市場,717,6,42,0,681,16543,0,0,0,0,0,0,3309,977,0,0,0,0,977,6617,0,0,0,0,0,0,0,0,0,0,0,0,0,3309
2024-06-11,集中市場,681,28,49,0,660,16543,0,0,0,0,0,0,3309,977,0,0,0,0,977,6617,0,0,0,0,0,0,0,0,0,0,0,0,0,3309
2024-06-12,集中市場,660,34,43,0,651,16543,0,0,0,0,0,0,3309,977,0,0,0,0,977,6617,0,0,0,0,0,0,0,0,0,0,0,0,0,3309
2024-06-13,集中市場,651,2,6,0,647,16543,0,0,0,0,0,0,3309,977,0,0,0,0,977,6617,0,0,0,0,0,0,0,0,0,0,0,0,0,3309
2024-06-14,集中市場,647,2,24,0,625,16543,0,0,0,0,0,0,3309,977,0,0,0,0,977,6617,0,0,0,0,0,0,0,0,0,0,0,0,0,3309
2024-06-17,集中市場,625,26,12,0,639,16543,0,0,0,0,0,0,3309,977,0,0,0,0,977,6617,0,0,0,0,0,0,0,0,0,0,0,0,0,3309
2024-06-18,集中市場,639,38,4,0,673,16543,0,0,0,0,0,0,3309,977,0,0,0,0,977,6617,0,0,0,0,0,0,0,0,0,0,0,0,0,3309
2024-06-19,集中市場,673,29,45,0,657,16543,0,0,0,0,0,0,3309,977,0,0,0,0,977,6617,0,0,0,0,0,0,0,0,0,0,0,0,0,3309
2024-06-20,集中市場,657,9,12,0,654,16543,0,0,0,0,0,0,3309,977,0,0,0,0,977,6617,0,0,0,0,0,0,0,0,0,0,0,0,0,3309
2024-06-21,集中市場,654,4,15,0,643,16543,0,0,0,0,0,0,3309,977,0,0,0,0,977,6617,0,0,0,0,0,0,0,0,0,0,0,0,0,3309
2024-06-24,集中市場,643,13,9,0,647,16543,0,0,0,0,0,0,3309,977,0,0,0,0,977,6617,0,0,0,0,0,0,0,0,0,0,0,0,0,3309
2024-06-25,集中市場,647,4,4,0,647,16543,0,0,0,0,0,0,3309,977,0,0,0,0,977,6617,0,0,0,0,0,0,0,0,0,0,0,0,0,3309
2024-06-26,集中市場,647,0,14,0,633,16543,0,0,0,0,0,0,3309,977,0,0,0,0,977,6617,0,0,0,0,0,0,0,0,0,0,0,0,0,3309
2024-06-27,集中市場,633,3,11,0,625,16543,0,0,0,0,0,0,3309,977,0,0,0,0,977,6617,0,0,0,0,0,0,0,0,0,0,0,0,0,3309
2024-06-28,集中市場,625,114,8,0,731,16543,0,0,0,0,0,0,3309,977,0,0,0,0,977,6617,0,0,0,0,0,0,0,0,0,0,0,0,0,3309
2024-07-01,集中市場,731,10,4,0,737,16543,0,0,0,0,0,0,3309,977,0,0,0,0,977,6617,0,0,0,0,0,0,0,0,0,0,0,0,0,3309
2024-07-02,集中市場,737,19,86,0,670,16543,0,0,0,0,0,0,3309,977,0,0,0,0,977,6617,0,0,0,0,0,0,0,0,0,0,0,0,0,3309
2024-07-03,集中市場,670,1,0,0,671,16543,0,0,0,0,0,0,3309,977,0,0,0,0,977,6617,0,0,0,0,0,0,0,0,0,0,0,0,0,3309
2024-07-04,集中市場,671,12,42,0,641,16543,0,0,0,0,0,0,3309,977,0,0,0,0,977,6617,0,0,0,0,0,0,0,0,0,0,0,0,0,3309
2024-07-05,集中市場,641,16,4,0,653,16543,0,0,0,0,0,0,3309,977,0,0,0,0,977,6617,0,0,0,0,0,0,0,0,0,0,0,0,0,3309
2024-07-08,集中市場,653,15,12,0,656,16543,0,0,0,0,0,0,3309,977,0,0,0,0,977,6617,0,0,0,0,0,0,0,0,0,0,0,0,0,3309
2024-07-09,集中市場,656,174,140,0,690,16543,0,0,0,0,0,0,3309,977,0,0,0,0,977,6617,0,0,0,0,0,0,0,0,0,0,0,0,0,3309
2024-07-10,集中市場,690,55,31,0,714,16543,0,0,0,0,0,0,3309,977,0,0,0,0,977,6617,0,0,0,0,0,0,0,0,0,0,0,0,0,3309
2024-07-11,集中市場,714,23,51,0,686,16543,0,0,0,0,0,0,3309,977,0,5,0,0,972,6617,0,0,0,0,0,0,0,0,0,0,0,0,0,3309
2024-07-12,集中市場,686,6,17,0,675,16543,0,0,0,0,0,0,3309,972,0,0,0,0,972,6617,0,0,0,0,0,0,0,0,0,0,0,0,0,3309
2024-07-15,集中市場,675,11,28,0,658,16543,0,0,0,0,0,0,3309,972,0,0,0,0,972,6617,0,0,0,0,0,0,0,0,0,0,0,0,0,3309
2024-07-16,集中市場,658,6,10,0,654,16543,0,0,0,0,0,0,3309,972,0,0,0,0,972,6617,0,0,0,0,0,0,0,0,0,0,0,0,0,3309
2024-07-17,集中市場,654,2,12,0,644,16543,0,0,0,0,0,0,3309,972,0,0,0,0,972,6617,0,0,0,0,0,0,0,0,0,0,0,0,0,3309
2024-07-18,集中市場,644,14,18,0,640,16543,0,0,0,0,0,0,3309,972,0,0,0,0,972,6617,0,0,0,0,0,0,0,0,0,0,0,0,0,3309
2024-07-19,集中市場,640,29,22,0,647,16543,0,0,0,0,0,0,3309,972,0,0,0,0,972,6617,0,0,0,0,0,0,0,0,0,0,0,0,0,3309
2024-07-22,集中市場,647,10,13,0,644,16543,0,0,0,0,0,0,3309,972,0,0,0,0,972,6617,0,0,0,0,0,0,0,0,0,0,0,0,0,3309
2024-07-23,集中市場,644,3,24,0,623,16543,0,0,0,0,0,0,3309,972,0,0,0,0,972,6617,0,0,0,0,0,0,0,0,0,0,0,0,0,3309
2024-07-26,集中市場,623,11,2,0,632,16543,0,0,0,0,0,0,3309,972,0,0,0,0,972,6617,0,0,0,0,0,0,0,0,0,0,0,0,0,3309
2024-07-29,集中市場,632,13,14,0,631,16543,0,0,0,0,0,0,3309,972,0,0,0,660,312,6617,0,0,0,0,0,0,0,0,0,0,0,0,0,3309
2024-07-30,集中市場,631,0,10,0,621,16543,0,0,0,0,0,0,3309,312,0,0,0,0,312,6617,0,0,0,0,0,0,0,0,0,0,0,0,0,3309
2024-07-31,集中市場,621,10,2,0,629,16543,0,0,0,0,0,0,3309,312,0,0,0,0,312,6617,0,0,0,0,0,0,0,0,0,0,0,0,0,3309
2024-08-01,集中市場,629,4,17,0,616,16543,0,0,0,0,0,0,3309,312,0,0,0,0,312,6617,0,0,0,0,0,0,0,0,0,0,0,0,0,3309
2024-08-02,集中市場,616,2,6,2,610,16543,0,0,0,0,0,0,3309,312,0,0,0,0,312,6617,0,0,0,0,0,0,0,0,0,0,0,0,0,3309
2024-08-05,集中市場,610,19,99,0,530,16543,0,0,0,0,0,0,3309,312,0,0,0,0,312,6617,0,0,0,0,0,0,0,0,0,0,0,0,0,3309
2024-08-06,集中市場,530,11,34,0,507,16543,0,0,0,0,0,0,3309,312,0,0,0,0,312,6617,0,0,0,0,0,0,0,0,0,0,0,0,0,3309
2024-08-07,集中市場,507,1,4,0,504,16543,0,0,0,0,0,0,3309,312,0,0,0,0,312,6617,0,0,0,0,0,0,0,0,0,0,0,0,0,3309
2024-08-08,集中市場,504,18,1,0,521,16543,0,0,0,0,0,0,3309,312,15,0,0,0,327,6617,0,0,0,0,0,0,0,0,0,0,0,0,0,3309
2024-08-09,集中市場,521,5,20,0,506,16543,0,0,0,0,0,0,3309,327,0,0,0,15,312,6617,0,0,0,0,0,0,0,0,0,0,0,0,0,3309
2024-08-12,集中市場,506,21,2,0,525,16543,0,0,0,0,0,0,3309,312,1,0,0,0,313,6617,0,0,0,0,0,0,0,0,0,0,0,0,0,3309
2024-08-13,集中市場,525,9,4,0,530,16543,0,0,0,0,0,0,3309,313,0,0,0,0,313,6617,0,0,0,0,0,0,0,0,0,0,0,0,0,3309
2024-08-14,集中市場,530,16,41,0,505,16543,0,0,0,0,0,0,3309,313,0,0,0,0,313,6617,0,0,0,0,0,0,0,0,0,0,0,0,0,3309
2024-08-15,集中市場,505,36,0,0,541,16543,0,0,0,0,0,0,3309,313,0,0,0,1,312,6617,0,0,0,0,0,0,0,0,0,0,0,0,0,3309
2024-08-16,集中市場,541,10,30,0,521,16543,0,0,0,0,0,0,3309,312,0,0,0,0,312,6617,0,0,0,0,0,0,0,0,0,0,0,0,0,3309
2024-08-19,集中市場,521,34,2,0,553,16543,0,0,0,0,0,0,3309,312,0,0,0,0,312,6617,0,0,0,0,0,0,0,0,0,0,0,0,0,3309
2024-08-20,集中市場,553,11,3,0,561,16543,0,0,0,0,0,0,3309,312,0,0,0,0,312,6617,0,0,0,0,0,0,0,0,0,0,0,0,0,3309
2024-08-21,集中市場,561,13,50,2,522,16543,0,0,0,0,0,0,3309,312,0,0,0,0,312,6617,0,0,0,0,0,0,0,0,0,0,0,0,0,3309
2024-08-22,集中市場,522,14,19,0,517,16543,0,0,0,0,0,0,3309,312,2,0,0,0,314,6617,0,0,0,0,0,0,0,0,0,0,0,0,0,3309
2024-08-23,集中市場,517,7,2,0,522,16543,0,0,0,0,0,0,3309,314,0,0,0,0,314,6617,0,0,0,0,0,0,0,0,0,0,0,0,0,3309
2024-08-26,集中市場,522,51,14,0,559,16543,0,0,0,0,0,0,3309,314,0,0,0,2,312,6617,0,0,0,0,0,0,0,0,0,0,0,0,0,3309
2024-08-27,集中市場,559,3,13,0,549,16543,0,0,0,0,0,0,3309,312,0,0,0,0,312,6617,0,0,0,0,0,0,0,0,0,0,0,0,0,3309
2024-08-28,集中市場,549,5,14,0,540,16543,0,0,0,0,0,0,3309,312,0,0,0,0,312,6617,0,0,0,0,0,0,0,0,0,0,0,0,0,3309
2024-08-29,集中市場,540,4,20,0,524,16543,0,0,0,0,0,0,3309,312,0,0,0,0,312,6617,0,0,0,0,0,0,0,0,0,0,0,0,0,3309
2024-08-30,集中市場,524,11,17,0,518,16543,0,0,0,0,0,0,3309,312,0,0,0,0,312,6617,0,0,0,0,0,0,0,0,0,0,0,0,0,3309
2024-09-02,集中市場,518,44,14,0,548,16543,0,0,0,0,0,0,3309,312,0,0,0,0,312,6617,0,0,0,0,0,0,0,0,0,0,0,0,0,3309
2024-09-03,集中市場,548,6,19,0,535,16543,0,0,0,0,0,0,3309,312,0,0,0,0,312,6617,0,0,0,0,0,0,0,0,0,0,0,0,0,3309
2024-09-04,集中市場,535,33,13,0,555,16543,0,0,0,0,0,0,3309,312,1,0,0,0,313,6617,0,0,0,0,0,0,0,0,0,0,0,0,0,3309
2024-09-05,集中市場,555,14,5,0,564,16543,0,0,0,0,0,0,3309,313,0,0,0,0,313,6617,0,0,0,0,0,0,0,0,0,0,0,0,0,3309
2024-09-06,集中市場,564,3,16,0,551,16543,0,0,0,0,0,0,3309,313,1,0,0,0,314,6617,0,0,0,0,0,0,0,0,0,0,0,0,0,3309
2024-09-09,集中市場,551,10,19,0,542,16543,0,0,0,0,0,0,3309,314,0,0,0,0,314,6617,0,0,0,0,0,0,0,0,0,0,0,0,0,3309
2024-09-10,集中市場,542,30,1,0,571,16543,0,0,0,0,0,0,3309,314,0,0,0,0,314,6617,0,0,0,0,0,0,0,0,0,0,0,0,0,3309
2024-09-11,集中市場,571,14,10,0,575,16543,0,0,0,0,0,0,3309,314,0,0,0,0,314,6617,0,0,0,0,0,0,0,0,0,0,0,0,0,3309
2024-09-12,集中市場,575,17,17,0,575,16543,0,0,0,0,0,0,3309,314,0,0,0,0,314,6617,0,0,0,0,0,0,0,0,0,0,0,0,0,3309
2024-09-13,集中市場,575,1,6,0,570,16543,0,0,0,0,0,0,3309,314,0,0,0,0,314,6617,0,0,0,0,0,0,0,0,0,0,0,0,0,3309
2024-09-16,集中市場,570,2,8,0,564,16543,0,0,0,0,0,0,3309,314,0,0,0,0,314,6617,0,0,0,0,0,0,0,0,0,0,0,0,0,3309
2024-09-18,集中市場,564,1,11,0,554,16543,0,0,0,0,0,0,3309,314,0,0,0,0,314,6617,0,0,0,0,0,0,0,0,0,0,0,0,0,3309
2024-09-19,集中市場,554,24,2,6,570,16543,0,0,0,0,0,0,3309,314,0,0,0,0,314,6617,0,0,0,0,0,0,0,0,0,0,0,0,0,3309
2024-09-20,集中市場,570,3,33,3,537,16543,0,0,0,0,0,0,3309,314,0,0,0,0,314,6617,0,0,0,0,0,0,0,0,0,0,0,0,0,3309
2024-09-23,集中市場,537,14,47,0,504,16543,0,0,0,0,0,0,3309,314,0,0,0,0,314,6617,0,0,0,0,0,0,0,0,0,0,0,0,0,3309
2024-09-24,集中市場,504,13,14,0,503,16543,0,0,0,0,0,0,3309,314,0,0,0,0,314,6617,0,0,0,0,0,0,0,0,0,0,0,0,0,3309
2024-09-25,集中市場,503,8,19,0,492,16543,0,0,0,0,0,0,3309,314,0,0,0,0,314,6617,0,0,0,0,0,0,0,0,0,0,0,0,0,3309
2024-09-26,集中市場,492,2,7,0,487,16543,0,0,0,0,0,0,3309,314,0,0,0,0,314,6617,0,0,0,0,0,0,0,0,0,0,0,0,0,3309
2024-09-27,集中市場,487,13,20,0,480,16543,0,0,0,0,0,0,3309,314,0,0,0,0,314,6617,0,0,0,0,0,0,0,0,0,0,0,0,0,3309
2024-09-30,集中市場,480,3,7,0,476,16543,0,0,0,0,0,0,3309,314,0,0,0,0,314,6617,0,0,0,0,0,0,0,0,0,0,0,0,0,3309
2024-10-01,集中市場,476,44,13,0,507,16543,0,0,0,0,0,0,3309,314,0,0,0,0,314,6617,0,0,0,0,0,0,0,0,0,0,0,0,0,3309
2024-10-04,集中市場,507,12,34,0,485,16543,0,0,0,0,0,0,3309,314,0,0,0,0,314,6617,0,0,0,0,0,0,0,0,0,0,0,0,0,3309
2024-10-07,集中市場,485,18,7,0,496,16543,0,0,0,0,0,0,3309,314,0,0,0,0,314,6617,0,0,0,0,0,0,0,0,0,0,0,0,0,3309
2024-10-08,集中市場,496,9,6,0,499,16543,0,0,0,0,0,0,3309,314,10,0,0,0,324,6617,0,0,0,0,0,0,0,0,0,0,0,0,0,3309
2024-10-09,集中市場,499,4,7,0,496,16543,0,0,0,0,0,0,3309,324,0,0,0,0,324,6617,0,0,0,0,0,0,0,0,0,0,0,0,0,3309
2024-10-11,集中市場,496,7,3,0,500,16543,0,0,0,0,0,0,3309,324,0,0,0,0,324,6617,0,0,0,0,0,0,0,0,0,0,0,0,0,3309
2024-10-14,集中市場,500,76,2,0,574,16543,0,0,0,0,0,0,3309,324,0,0,0,0,324,6617,0,0,0,0,0,0,0,0,0,0,0,0,0,3309
2024-10-15,集中市場,574,18,18,0,574,16543,0,0,0,0,0,0,3309,324,0,0,0,0,324,6617,0,0,0,0,0,0,0,0,0,0,0,0,0,3309
2024-10-16,集中市場,574,19,55,0,538,16543,0,0,0,0,0,0,3309,324,0,0,0,0,324,6617,0,0,0,0,0,0,0,0,0,0,0,0,0,3309
2024-10-17,集中市場,538,18,61,0,495,16543,0,0,0,0,0,0,3309,324,0,0,0,0,324,6617,0,0,0,0,0,0,0,0,0,0,0,0,0,3309
2024-10-18,集中市場,495,17,13,0,499,16543,0,0,0,0,0,0,3309,324,0,0,0,0,324,6617,0,0,0,0,0,0,0,0,0,0,0,0,0,3309
2024-10-21,集中市場,499,49,16,2,530,16543,0,0,0,0,0,0,3309,324,0,0,0,0,324,6617,0,0,0,0,0,0,0,0,0,0,0,0,0,3309
2024-10-22,集中市場,530,13,32,0,511,16543,0,0,0,0,0,0,3309,324,0,0,0,0,324,6617,0,0,0,0,0,0,0,0,0,0,0,0,0,3309
2024-10-23,集中市場,511,7,13,0,505,16543,0,0,0,0,0,0,3309,324,0,0,0,0,324,6617,0,0,0,0,0,0,0,0,0,0,0,0,0,3309
2024-10-24,集中市場,505,9,5,0,509,16543,0,0,0,0,0,0,3309,324,0,0,0,0,324,6617,0,0,0,0,0,0,0,0,0,0,0,0,0,3309
2024-10-25,集中市場,509,39,19,0,529,16543,0,0,0,0,0,0,3309,324,0,0,0,0,324,6617,0,0,0,0,0,0,0,0,0,0,0,0,0,3309
2024-10-28,集中市場,529,36,19,8,538,16543,0,0,0,0,0,0,3309,324,0,0,0,0,324,6617,0,0,0,0,0,0,0,0,0,0,0,0,0,3309
2024-10-29,集中市場,538,15,47,0,506,16543,0,0,0,0,0,0,3309,324,0,0,0,0,324,6617,0,0,0,0,0,0,0,0,0,0,0,0,0,3309
2024-10-30,集中市場,506,90,19,0,577,16543,0,0,0,0,0,0,3309,324,0,0,0,0,324,6617,0,0,0,0,0,0,0,0,0,0,0,0,0,3309
2024-11-01,集中市場,577,37,44,0,570,16543,0,0,0,0,0,0,3309,324,0,0,0,0,324,6617,0,0,0,0,0,0,0,0,0,0,0,0,0,3309
2024-11-04,集中市場,570,20,25,0,565,16543,0,0,0,0,0,0,3309,324,0,0,0,0,324,6617,0,0,0,0,0,0,0,0,0,0,0,0,0,3309
2024-11-05,集中市場,565,5,10,0,560,16543,0,0,0,0,0,0,3309,324,0,0,0,0,324,6617,0,0,0,0,0,0,0,0,0,0,0,0,0,3309
2024-11-06,集中市場,560,4,3,0,561,16543,0,0,0,0,0,0,3309,324,0,0,0,0,324,6617,0,0,0,0,0,0,0,0,0,0,0,0,0,3309
2024-11-07,集中市場,561,10,11,0,560,16543,0,0,0,0,0,0,3309,324,0,0,0,0,324,6617,0,0,0,0,0,0,0,0,0,0,0,0,0,3309
2024-11-08,集中市場,560,54,43,0,571,16543,0,0,0,0,0,0,3309,324,0,0,0,0,324,6617,0,0,0,0,0,0,0,0,0,0,0,0,0,3309
2024-11-11,集中市場,571,25,19,0,577,16543,0,0,0,0,0,0,3309,324,0,0,0,0,324,6617,0,0,0,0,0,0,0,0,0,0,0,0,0,3309
2024-11-12,集中市場,577,21,17,0,581,16543,0,0,0,0,0,0,3309,324,0,0,0,0,324,6617,0,0,0,0,0,0,0,0,0,0,0,0,0,3309
2024-11-13,集中市場,581,3,1,0,583,16543,0,0,0,0,0,0,3309,324,0,0,0,0,324,6617,0,0,0,0,0,0,0,0,0,0,0,0,0,3309
2024-11-14,集中市場,583,8,18,0,573,16543,0,0,0,0,0,0,3309,324,0,0,0,0,324,6617,0,0,0,0,0,0,0,0,0,0,0,0,0,3309
2024-11-15,集中市場,573,0,2,0,571,16543,0,0,0,0,0,0,3309,324,0,0,0,0,324,6617,0,0,0,0,0,0,0,0,0,0,0,0,0,3309
2024-11-18,集中市場,571,0,6,0,565,16543,0,0,0,0,0,0,3309,324,0,0,0,0,324,6617,0,0,0,0,0,0,0,0,0,0,0,0,0,3309
2024-11-19,集中市場,565,9,2,0,572,16543,0,0,0,0,0,0,3309,324,0,0,0,0,324,6617,0,0,0,0,0,0,0,0,0,0,0,0,0,3309
2024-11-20,集中市場,572,4,2,0,574,16543,0,0,0,0,0,0,3309,324,0,0,0,0,324,6617,0,0,0,0,0,0,0,0,0,0,0,0,0,3309
2024-11-21,集中市場,574,0,2,1,571,16543,0,0,0,0,0,0,3309,324,0,0,0,0,324,6617,0,0,0,0,0,0,0,0,0,0,0,0,0,3309
2024-11-22,集中市場,571,0,5,0,566,16543,0,0,0,0,0,0,3309,324,0,0,0,0,324,6617,0,0,0,0,0,0,0,0,0,0,0,0,0,3309
2024-11-25,集中市場,566,0,4,0,562,16543,0,0,0,0,0,0,3309,324,0,0,0,0,324,6617,0,0,0,0,0,0,0,0,0,0,0,0,0,3309
2024-11-26,集中市場,562,1,4,0,559,16543,0,0,0,0,0,0,3309,324,0,0,0,0,324,6617,0,0,0,0,0,0,0,0,0,0,0,0,0,3309
2024-11-27,集中市場,559,7,11,0,555,16543,0,0,0,0,0,0,3309,324,0,0,0,10,314,6617,0,0,0,0,0,0,0,0,0,0,0,0,0,3309
2024-11-28,集中市場,555,2,9,0,548,16543,0,0,0,0,0,0,3309,314,0,0,0,0,314,6617,0,0,0,0,0,0,0,0,0,0,0,0,0,3309
2024-11-29,集中市場,548,0,1,0,547,16543,0,0,0,0,0,0,3309,314,0,0,0,0,314,6617,0,0,0,0,0,0,0,0,0,0,0,0,0,3309
2024-12-02,集中市場,547,1,0,0,548,16543,0,0,0,0,0,0,3309,314,0,0,0,0,314,6617,0,0,0,0,0,0,0,0,0,0,0,0,0,3309
2024-12-03,集中市場,548,8,5,0,551,16543,0,0,0,0,0,0,3309,314,0,0,0,0,314,6617,0,0,0,0,0,0,0,0,0,0,0,0,0,3309
2024-12-04,集中市場,551,0,3,0,548,16543,0,0,0,0,0,0,3309,314,0,0,0,1,313,6617,0,0,0,0,0,0,0,0,0,0,0,0,0,3309
2024-12-05,集中市場,548,4,2,0,550,16543,0,0,0,0,0,0,3309,313,0,0,0,0,313,6617,0,0,0,0,0,0,0,0,0,0,0,0,0,3309
2024-12-06,集中市場,550,4,7,0,547,16543,0,0,0,0,0,0,3309,313,0,0,0,0,313,6617,0,0,0,0,0,0,0,0,0,0,0,0,0,3309
2024-12-09,集中市場,547,16,9,0,554,16543,0,0,0,0,0,0,3309,313,0,0,0,0,313,6617,0,0,0,0,0,0,0,0,0,0,0,0,0,3309
2024-12-10,集中市場,554,0,1,0,553,16543,0,0,0,0,0,0,3309,313,0,0,0,0,313,6617,0,0,0,0,0,0,0,0,0,0,0,0,0,3309
2024-12-11,集中市場,553,2,8,0,547,16543,0,0,0,0,0,0,3309,313,0,0,0,0,313,6617,0,0,0,0,0,0,0,0,0,0,0,0,0,3309
2024-12-12,集中市場,547,1,0,0,548,16543,0,0,0,0,0,0,3309,313,1,0,0,0,314,6617,0,0,0,0,0,0,0,0,0,0,0,0,0,3309
2024-12-13,集中市場,548,1,1,0,548,16543,0,0,0,0,0,0,3309,314,0,0,0,0,314,6617,0,0,0,0,0,0,0,0,0,0,0,0,0,3309
2024-12-16,集中市場,548,1,2,0,547,16543,0,0,0,0,0,0,3309,314,0,0,0,0,314,6617,0,0,0,0,0,0,0,0,0,0,0,0,0,3309
2024-12-17,集中市場,547,1,0,1,547,16543,0,0,0,0,0,0,3309,314,0,0,0,0,314,6617,0,0,0,0,0,0,0,0,0,0,0,0,0,3309
2024-12-18,集中市場,547,3,1,0,549,16543,0,0,0,0,0,0,3309,314,0,0,0,0,314,6617,0,0,0,0,0,0,0,0,0,0,0,0,0,3309
2024-12-19,集中市場,549,42,7,3,581,16543,0,0,0,0,0,0,3309,314,0,0,0,0,314,6617,0,0,0,0,0,0,0,0,0,0,0,0,0,3309
2024-12-20,集中市場,581,1,10,0,572,16543,0,0,0,0,0,0,3309,314,3,0,0,0,317,6617,0,0,0,0,0,0,0,0,0,0,0,0,0,3309
2024-12-23,集中市場,572,3,28,0,547,16543,0,0,0,0,0,0,3309,317,0,0,0,0,317,6617,0,0,0,0,0,0,0,0,0,0,0,0,0,3309
2024-12-24,集中市場,547,0,14,0,533,16543,0,0,0,0,0,0,3309,317,3,17,0,0,303,6617,0,0,0,0,0,0,0,0,0,0,0,0,0,3309
2024-12-25,集中市場,533,3,5,0,531,16543,0,0,0,0,0,0,3309,303,8,0,0,0,311,6617,0,0,0,0,0,0,0,0,0,0,0,0,0,3309
2024-12-26,集中市場,531,1,5,0,527,16543,0,0,0,0,0,0,3309,311,3,0,0,0,314,6617,0,0,0,0,0,0,0,0,0,0,0,0,0,3309
2024-12-27,集中市場,527,0,3,0,524,16543,0,0,0,0,0,0,3309,314,0,0,0,0,314,6617,0,0,0,0,0,0,0,0,0,0,0,0,0,3309
2024-12-30,集中市場,524,0,1,0,523,16543,0,0,0,0,0,0,3309,314,0,0,0,0,314,6617,0,0,0,0,0,0,0,0,0,0,0,0,0,3309
2024-12-31,集中市場,523,3,1,0,525,16543,0,0,0,0,0,0,3309,314,0,0,0,0,314,6617,0,0,0,0,0,0,0,0,0,0,0,0,0,3309
2025-01-02,集中市場,525,13,3,0,535,16543,0,0,0,0,0,0,3309,314,1,0,0,0,315,6617,0,0,0,0,0,0,0,0,0,0,0,0,0,3309
2025-01-03,集中市場,535,16,10,0,541,16543,0,0,0,0,0,0,3309,315,0,0,0,0,315,6617,0,0,0,0,0,0,0,0,0,0,0,0,0,3309
2025-01-06,集中市場,541,4,7,0,538,16543,0,0,0,0,0,0,3309,315,0,0,0,0,315,6617,0,0,0,0,0,0,0,0,0,0,0,0,0,3309
2025-01-07,集中市場,538,1,0,0,539,16543,0,0,0,0,0,0,3309,315,0,0,0,0,315,6617,0,0,0,0,0,0,0,0,0,0,0,0,0,3309
2025-01-08,集中市場,539,6,2,0,543,16543,0,0,0,0,0,0,3309,315,21,0,0,0,336,6617,0,0,0,0,0,0,0,0,0,0,0,0,0,3309
2025-01-09,集中市場,543,8,18,0,533,16543,0,0,0,0,0,0,3309,336,0,0,0,0,336,6617,0,0,0,0,0,0,0,0,0,0,0,0,0,3309
2025-01-10,集中市場,533,9,8,0,534,16543,0,0,0,0,0,0,3309,336,0,0,0,20,316,6617,0,0,0,0,0,0,0,0,0,0,0,0,0,3309
2025-01-13,集中市場,534,13,18,0,529,16543,0,0,0,0,0,0,3309,316,0,0,0,0,316,6617,0,0,0,0,0,0,0,0,0,0,0,0,0,3309
2025-01-14,集中市場,529,0,0,0,529,16543,0,0,0,0,0,0,3309,316,0,0,1,0,315,6617,0,0,0,0,0,0,0,0,0,0,0,0,0,3309
2025-01-15,集中市場,529,2,2,0,529,16543,0,0,0,0,0,0,3309,315,0,0,0,0,315,6617,0,0,0,0,0,0,0,0,0,0,0,0,0,3309
2025-01-16,集中市場,529,3,49,0,483,16543,0,0,0,0,0,0,3309,315,0,0,0,0,315,6617,0,0,0,0,0,0,0,0,0,0,0,0,0,3309
2025-01-17,集中市場,483,0,0,0,483,16543,0,0,0,0,0,0,3309,315,1,0,0,0,316,6617,0,0,0,0,0,0,0,0,0,0,0,0,0,3309
2025-01-20,集中市場,483,1,0,1,483,16543,0,0,0,0,0,0,3309,316,2,0,0,0,318,6617,0,0,0,0,0,0,0,0,0,0,0,0,0,3309
2025-01-21,集中市場,483,3,11,0,475,16543,0,0,0,0,0,0,3309,318,0,0,0,0,318,6617,0,0,0,0,0,0,0,0,0,0,0,0,0,3309
2025-01-22,集中市場,475,1,3,5,468,16543,0,0,0,0,0,0,3309,318,13,0,0,0,331,6617,0,0,0,0,0,0,0,0,0,0,0,0,0,3309
2025-02-03,集中市場,468,1,17,0,452,16543,0,0,0,0,0,0,3309,331,0,0,0,0,331,6617,0,0,0,0,0,0,0,0,0,0,0,0,0,3309
2025-02-04,集中市場,452,5,5,0,452,16543,0,0,0,0,0,0,3309,331,177,0,0,0,508,6617,0,0,0,0,0,0,0,0,0,0,0,0,0,3309
2025-02-05,集中市場,452,22,13,0,461,16543,0,0,0,0,0,0,3309,508,0,0,0,0,508,6617,0,0,0,0,0,0,0,0,0,0,0,0,0,3309
2025-02-06,集中市場,461,43,3,0,501,16543,0,0,0,0,0,0,3309,508,0,0,0,0,508,6617,0,0,0,0,0,0,0,0,0,0,0,0,0,3309
2025-02-07,集中市場,501,57,31,0,527,16543,0,0,0,0,0,0,3309,508,0,0,0,0,508,6617,0,0,0,0,0,0,0,0,0,0,0,0,0,3309
2025-02-10,集中市場,527,44,11,0,560,16543,0,0,0,0,0,0,3309,508,0,0,0,0,508,6617,0,0,0,0,0,0,0,0,0,0,0,0,0,3309
2025-02-11,集中市場,560,33,36,0,557,16543,0,0,0,0,0,0,3309,508,0,0,0,0,508,6617,0,0,0,0,0,0,0,0,0,0,0,0,0,3309
2025-02-12,集中市場,557,25,20,0,562,16543,0,0,0,0,0,0,3309,508,0,0,0,0,508,6617,0,0,0,0,0,0,0,0,0,0,0,0,0,3309
2025-02-13,集中市場,562,5,17,0,550,16543,0,0,0,0,0,0,3309,508,0,0,0,0,508,6617,0,0,0,0,0,0,0,0,0,0,0,0,0,3309
2025-02-14,集中市場,550,35,0,0,585,16543,0,0,0,0,0,0,3309,508,0,0,0,0,508,6617,0,0,0,0,0,0,0,0,0,0,0,0,0,3309
2025-02-17,集中市場,585,32,81,6,530,16543,0,0,0,0,0,0,3309,508,3,0,0,0,511,6617,0,0,0,0,0,0,0,0,0,0,0,0,0,3309
2025-02-18,集中市場,530,10,18,0,522,16543,0,0,0,0,0,0,3309,511,0,0,0,0,511,6617,0,0,0,0,0,0,0,0,0,0,0,0,0,3309
2025-02-19,集中市場,522,10,19,0,513,16543,0,0,0,0,0,0,3309,511,0,0,0,0,511,6617,0,0,0,0,0,0,0,0,0,0,0,0,0,3309
2025-02-20,集中市場,513,3,33,0,483,16543,0,0,0,0,0,0,3309,511,0,0,0,0,511,6617,0,0,0,0,0,0,0,0,0,0,0,0,0,3309
2025-02-21,集中市場,483,53,7,0,529,16543,0,0,0,0,0,0,3309,511,0,0,1,1,509,6617,0,0,0,0,0,0,0,0,0,0,0,0,0,3309
2025-02-24,集中市場,529,19,24,0,524,16543,0,0,0,0,0,0,3309,509,0,0,0,0,509,6617,0,0,0,0,0,0,0,0,0,0,0,0,0,3309
2025-02-25,集中市場,524,14,2,0,536,16543,0,0,0,0,0,0,3309,509,0,0,0,0,509,6617,0,0,0,0,0,0,0,0,0,0,0,0,0,3309
2025-02-26,集中市場,536,285,100,0,721,16543,0,0,0,0,0,0,3309,509,0,0,0,0,509,6617,0,0,0,0,0,0,0,0,0,0,0,0,0,3309
2025-02-27,集中市場,721,122,221,0,622,16543,0,0,0,0,0,0,3309,509,0,0,0,0,509,6617,0,0,0,0,0,0,0,0,0,0,0,0,0,3309
2025-03-03,集中市場,622,24,50,0,596,16543,0,0,0,0,0,0,3309,509,0,0,0,2,507,6617,0,0,0,0,0,0,0,0,0,0,0,0,0,3309
2025-03-04,集中市場,596,109,41,0,664,16543,0,0,0,0,0,0,3309,507,162,1,3,0,665,6617,0,0,0,0,0,0,0,0,0,0,0,0,0,3309
2025-03-05,集中市場,664,96,113,0,647,16543,0,0,0,0,0,0,3309,665,0,0,0,0,665,6617,0,0,0,0,0,0,0,0,0,0,0,0,0,3309
2025-03-06,集中市場,647,146,121,0,672,16543,0,0,0,0,0,0,3309,665,0,0,0,0,665,6617,0,0,0,0,0,0,0,0,0,0,0,0,0,3309
2025-03-07,集中市場,672,165,60,0,777,16543,0,0,0,0,0,0,3309,665,3,0,0,0,668,6617,0,0,0,0,0,0,0,0,0,0,0,0,0,3309
2025-03-10,集中市場,777,171,42,0,906,16543,0,0,0,0,0,0,3309,668,0,1,0,0,667,6617,0,0,0,0,0,0,0,0,0,0,0,0,0,3309
2025-03-11,集中市場,906,72,76,0,902,16543,0,0,0,0,0,0,3309,667,1,0,0,0,668,6617,0,0,0,0,0,0,0,0,0,0,0,0,0,3309
2025-03-12,集中市場,902,15,46,0,871,16543,0,0,0,0,0,0,3309,668,0,0,0,0,668,6617,0,0,0,0,0,0,0,0,0,0,0,0,0,3309
2025-03-13,集中市場,871,15,66,0,820,16543,0,0,0,0,0,0,3309,668,0,0,0,2,666,6617,0,0,0,0,0,0,0,0,0,0,0,0,0,3309
2025-03-14,集中市場,820,62,263,0,619,16543,0,0,0,0,0,0,3309,666,1,0,0,6,661,6617,0,0,0,0,0,0,0,0,0,0,0,0,0,3309
2025-03-17,集中市場,619,43,15,0,647,16543,0,0,0,0,0,0,3309,661,6,0,0,0,667,6617,0,0,0,0,0,0,0,0,0,0,0,0,0,3309
2025-03-18,集中市場,647,12,62,0,597,16543,0,0,0,0,0,0,3309,667,2,0,0,1,668,6617,0,0,0,0,0,0,0,0,0,0,0,0,0,3309
2025-03-19,集中市場,597,14,7,0,604,16543,0,0,0,0,0,0,3309,668,1,0,0,0,669,6617,0,0,0,0,0,0,0,0,0,0,0,0,0,3309
2025-03-20,集中市場,604,33,39,0,598,16543,0,0,0,0,0,0,3309,669,0,0,0,0,669,6617,0,0,0,0,0,0,0,0,0,0,0,0,0,3309
2025-03-21,集中市場,598,14,38,1,573,16543,0,0,0,0,0,0,3309,669,0,0,0,0,669,6617,0,0,0,0,0,0,0,0,0,0,0,0,0,3309
2025-03-24,集中市場,573,32,16,0,589,16543,0,0,0,0,0,0,3309,669,0,0,0,1,668,6617,0,0,0,0,0,0,0,0,0,0,0,0,0,3309
2025-03-25,集中市場,589,52,23,0,618,16543,0,0,0,0,0,0,3309,668,1,0,0,0,669,6617,0,0,0,0,0,0,0,0,0,0,0,0,0,3309
2025-03-26,集中市場,618,17,52,0,583,16543,0,0,0,0,0,0,3309,669,0,0,0,1,668,6617,0,0,0,0,0,0,0,0,0,0,0,0,0,3309
2025-03-27,集中市場,583,36,65,0,554,16543,0,0,0,0,0,0,3309,668,1,0,0,0,669,6617,0,0,0,0,0,0,0,0,0,0,0,0,0,3309
2025-03-28,集中市場,554,15,4,0,565,16543,0,0,0,0,0,0,3309,669,0,0,0,0,669,6617,0,0,0,0,0,0,0,0,0,0,0,0,0,3309
2025-03-31,集中市場,565,24,30,0,559,16543,0,0,0,0,0,0,3309,669,57,7,0,0,719,6617,0,0,0,0,0,0,0,0,0,0,0,0,0,3309
2025-04-01,集中市場,559,1,60,0,500,16543,0,0,0,0,0,0,3309,719,0,0,0,1,718,6617,0,0,0,0,0,0,0,0,0,0,0,0,0,3309
2025-04-02,集中市場,500,15,1,0,514,16543,0,0,0,0,0,0,3309,718,1,0,0,0,719,6617,0,0,0,0,0,0,0,0,0,0,0,0,0,3309
2025-04-07,集中市場,514,7,9,0,512,16543,0,0,0,0,0,0,3309,719,0,0,0,0,719,6617,0,0,0,0,0,0,0,0,0,0,0,0,0,3309
2025-04-08,集中市場,512,21,100,0,433,16543,0,0,0,0,0,0,3309,719,10,0,0,1,728,6617,0,0,0,0,0,0,0,0,0,0,0,0,0,3309
2025-04-09,集中市場,433,9,76,14,352,16543,0,0,0,0,0,0,3309,728,0,4,0,0,724,6617,0,0,0,0,0,0,0,0,0,0,0,0,0,3309
2025-04-10,集中市場,352,12,7,1,356,16543,0,0,0,0,0,0,3309,724,0,0,0,0,724,6617,0,0,0,0,0,0,0,0,0,0,0,0,0,3309
2025-04-11,集中市場,356,2,1,0,357,16543,0,0,0,0,0,0,3309,724,0,57,0,0,667,6617,0,0,0,0,0,0,0,0,0,0,0,0,0,3309
2025-04-14,集中市場,357,4,8,0,353,16543,0,0,0,0,0,0,3309,667,68,0,0,0,735,6617,0,0,0,0,0,0,0,0,0,0,0,0,0,3309
2025-04-15,集中市場,353,17,6,0,364,16543,0,0,0,0,0,0,3309,735,0,0,0,0,735,6617,0,0,0,0,0,0,0,0,0,0,0,0,0,3309
2025-04-16,集中市場,364,39,2,0,401,16543,0,0,0,0,0,0,3309,735,0,0,0,0,735,6617,0,0,0,0,0,0,0,0,0,0,0,0,0,3309
2025-04-17,集中市場,401,5,30,1,375,16543,0,0,0,0,0,0,3309,735,0,0,0,0,735,6617,0,0,0,0,0,0,0,0,0,0,0,0,0,3309
2025-04-18,集中市場,375,60,3,0,432,16543,0,0,0,0,0,0,3309,735,0,0,0,0,735,6617,0,0,0,0,0,0,0,0,0,0,0,0,0,3309
2025-04-21,集中市場,432,15,4,0,443,16543,0,0,0,0,0,0,3309,735,2,0,0,0,737,6617,0,0,0,0,0,0,0,0,0,0,0,0,0,3309
2025-04-22,集中市場,443,0,10,1,432,16543,0,0,0,0,0,0,3309,737,0,0,0,0,737,6617,0,0,0,0,0,0,0,0,0,0,0,0,0,3309
2025-04-23,集中市場,432,1,15,0,418,16543,0,0,0,0,0,0,3309,737,0,0,0,0,737,6617,0,0,0,0,0,0,0,0,0,0,0,0,0,3309
2025-04-24,集中市場,418,7,26,0,399,16543,0,0,0,0,0,0,3309,737,0,0,0,0,737,6617,0,0,0,0,0,0,0,0,0,0,0,0,0,3309
2025-04-25,集中市場,399,4,4,0,399,16543,0,0,0,0,0,0,3309,737,0,2,0,0,735,6617,0,0,0,0,0,0,0,0,0,0,0,0,0,3309
2025-04-28,集中市場,399,2,1,0,400,16543,0,0,0,0,0,0,3309,735,0,0,0,0,735,6617,0,0,0,0,0,0,0,0,0,0,0,0,0,3309
2025-04-29,集中市場,400,28,6,0,422,16543,0,0,0,0,0,0,3309,735,0,0,0,0,735,6617,0,0,0,0,0,0,0,0,0,0,0,0,0,3309
2025-04-30,集中市場,422,93,13,0,502,16543,0,0,0,0,0,0,3309,735,0,0,0,0,735,6617,0,0,0,0,0,0,0,0,0,0,0,0,0,3309
2025-05-02,集中市場,502,23,32,2,491,16543,0,0,0,0,0,0,3309,735,0,0,0,0,735,6617,0,0,0,0,0,0,0,0,0,0,0,0,0,3309
2025-05-05,集中市場,491,77,5,0,563,16543,0,0,0,0,0,0,3309,735,0,0,0,0,735,6617,0,0,0,0,0,0,0,0,0,0,0,0,0,3309
2025-05-06,集中市場,563,4,43,0,524,16543,0,0,0,0,0,0,3309,735,0,0,0,0,735,6617,0,0,0,0,0,0,0,0,0,0,0,0,0,3309
2025-05-07,集中市場,524,65,26,0,563,16543,0,0,0,0,0,0,3309,735,0,0,0,0,735,6617,0,0,0,0,0,0,0,0,0,0,0,0,0,3309
2025-05-08,集中市場,563,3,59,0,507,16543,0,0,0,0,0,0,3309,735,0,0,0,0,735,6617,0,0,0,0,0,0,0,0,0,0,0,0,0,3309
2025-05-09,集中市場,507,1,8,0,500,16543,0,0,0,0,0,0,3309,735,1,0,0,0,736,6617,0,0,0,0,0,0,0,0,0,0,0,0,0,3309
2025-05-12,集中市場,500,17,76,0,441,16543,0,0,0,0,0,0,3309,736,0,0,0,0,736,6617,0,0,0,0,0,0,0,0,0,0,0,0,0,3309
2025-05-13,集中市場,441,18,13,0,446,16543,0,0,0,0,0,0,3309,736,0,0,0,1,735,6617,0,0,0,0,0,0,0,0,0,0,0,0,0,3309
2025-05-14,集中市場,446,27,7,0,466,16543,0,0,0,0,0,0,3309,735,0,0,0,0,735,6617,0,0,0,0,0,0,0,0,0,0,0,0,0,3309
2025-05-15,集中市場,466,60,4,0,522,16543,0,0,0,0,0,0,3309,735,0,0,0,0,735,6617,0,0,0,0,0,0,0,0,0,0,0,0,0,3309
2025-05-16,集中市場,522,39,48,0,513,16543,0,0,0,0,0,0,3309,735,0,0,0,0,735,6617,0,0,0,0,0,0,0,0,0,0,0,0,0,3309
2025-05-19,集中市場,513,98,9,0,602,16543,0,0,0,0,0,0,3309,735,1,0,0,0,736,6617,0,0,0,0,0,0,0,0,0,0,0,0,0,3309
2025-05-20,集中市場,602,3,11,0,594,16543,0,2,0,0,0,2,3309,736,1,0,0,0,737,6617,0,0,0,0,0,0,0,0,0,0,0,0,0,3309
2025-05-21,集中市場,594,10,1,0,603,16543,2,0,2,0,0,0,3309,737,0,0,0,0,737,6617,0,0,0,0,0,0,0,0,0,0,0,0,0,3309
2025-05-22,集中市場,603,4,5,0,602,16543,0,0,0,0,0,0,3309,737,23,0,0,0,760,6617,0,0,0,0,0,0,0,0,0,0,0,0,0,3309
2025-05-23,集中市場,602,17,61,0,558,16543,0,2,0,0,0,2,3309,760,0,0,0,0,760,6617,0,0,0,0,0,0,0,0,0,0,0,0,0,3309
2025-05-26,集中市場,558,4,12,0,550,16543,2,0,1,0,0,1,3309,760,0,0,0,0,760,6617,0,0,0,0,0,0,0,0,0,0,0,0,0,3309
2025-05-27,集中市場,550,12,57,0,505,16543,1,0,1,0,0,0,3309,760,0,3,0,0,757,6617,0,0,0,0,0,0,0,0,0,0,0,0,0,3309
2025-05-28,集中市場,505,0,14,0,491,16543,0,0,0,0,0,0,3309,757,0,0,0,0,757,6617,0,0,0,0,0,0,0,0,0,0,0,0,0,3309
2025-05-29,集中市場,491,5,19,0,477,16543,0,0,0,0,0,0,3309,757,0,0,0,0,757,6617,0,0,0,0,0,0,0,0,0,0,0,0,0,3309
2025-06-02,集中市場,477,35,6,0,506,16543,0,1,0,0,0,1,3309,757,0,0,0,0,757,6617,0,0,0,0,0,0,0,0,0,0,0,0,0,3309
2025-06-03,集中市場,506,8,4,0,510,16543,1,0,1,0,0,0,3309,757,0,0,0,0,757,6617,0,0,0,0,0,0,0,0,0,0,0,0,0,3309
2025-06-04,集中市場,510,12,7,0,515,16543,0,1,0,0,0,1,3309,757,0,0,0,0,757,6617,0,0,0,0,0,0,0,0,0,0,0,0,0,3309
2025-06-05,集中市場,515,17,12,0,520,16543,1,1,0,0,0,2,3309,757,0,0,0,0,757,6617,0,0,0,0,0,0,0,0,0,0,0,0,0,3309
2025-06-06,集中市場,520,3,0,0,523,16543,2,0,0,0,0,2,3309,757,0,0,0,0,757,6617,0,0,0,0,0,0,0,0,0,0,0,0,0,3309
2025-06-09,集中市場,523,6,3,0,526,16543,2,0,2,0,0,0,3309,757,0,0,0,0,757,6617,0,0,0,0,0,0,0,0,0,0,0,0,0,3309
2025-06-10,集中市場,526,6,28,0,504,16543,0,2,0,0,0,2,3309,757,0,0,0,0,757,6617,0,0,0,0,0,0,0,0,0,0,0,0,0,3309
2025-06-11,集中市場,504,8,26,0,486,16543,2,0,0,0,0,2,3309,757,0,0,0,0,757,6617,0,0,0,0,0,0,0,0,0,0,0,0,0,3309
2025-06-12,集中市場,486,26,1,0,511,16543,2,0,0,0,0,2,3309,757,3,0,0,0,760,6617,0,0,0,0,0,0,0,0,0,0,0,0,0,3309
2025-06-13,集中市場,511,45,13,0,543,16543,2,0,2,0,0,0,3309,760,0,0,0,0,760,6617,0,0,0,0,0,0,0,0,0,0,0,0,0,3309
2025-06-16,集中市場,543,9,29,0,523,16543,0,2,0,0,0,2,3309,760,0,1,0,0,759,6617,0,0,0,0,0,0,0,0,0,0,0,0,0,3309
2025-06-17,集中市場,523,18,73,0,468,16543,2,0,2,0,0,0,3309,759,0,0,0,0,759,6617,0,0,0,0,0,0,0,0,0,0,0,0,0,3309
2025-06-18,集中市場,468,22,43,0,447,16543,0,2,0,0,0,2,3309,759,0,0,0,0,759,6617,0,0,0,0,0,0,0,0,0,0,0,0,0,3309
2025-06-19,集中市場,447,23,20,0,450,16543,2,0,2,0,0,0,3309,759,0,3,0,0,756,6617,0,0,0,0,0,0,0,0,0,0,0,0,0,3309
2025-06-20,集中市場,450,12,15,3,444,16543,0,0,0,0,0,0,3309,756,0,0,0,0,756,6617,0,0,0,0,0,0,0,0,0,0,0,0,0,3309
2025-06-23,集中市場,444,96,22,0,518,16543,0,0,0,0,0,0,3309,756,0,0,0,0,756,6617,0,0,0,0,0,0,0,0,0,0,0,0,0,3309
2025-06-24,集中市場,518,133,30,0,621,16543,0,0,0,0,0,0,3309,756,0,0,0,0,756,6617,0,0,0,0,0,0,0,0,0,0,0,0,0,3309
2025-06-25,集中市場,621,182,85,0,718,16543,0,1,0,0,0,1,3309,756,4,0,0,0,760,6617,0,0,0,0,0,0,0,0,0,0,0,0,0,3309
2025-06-26,集中市場,718,18,82,0,654,16543,1,0,0,0,0,1,3309,760,0,0,0,0,760,6617,0,0,0,0,0,0,0,0,0,0,0,0,0,3309
2025-06-27,集中市場,654,32,19,9,658,16543,1,0,0,0,0,1,3309,760,0,0,0,0,760,6617,0,0,0,0,0,0,0,0,0,0,0,0,0,3309
2025-06-30,集中市場,658,43,60,0,641,16543,1,0,1,0,0,0,3309,760,0,0,0,0,760,6617,0,0,0,0,0,0,0,0,0,0,0,0,0,3309
2025-07-01,集中市場,641,15,20,0,636,16543,0,0,0,0,0,0,3309,760,0,0,0,0,760,6617,0,0,0,0,0,0,0,0,0,0,0,0,0,3309
2025-07-02,集中市場,636,19,7,0,648,16543,0,0,0,0,0,0,3309,760,0,0,0,0,760,6617,0,0,0,0,0,0,0,0,0,0,0,0,0,3309
2025-07-03,集中市場,648,10,24,0,634,16543,0,0,0,0,0,0,3309,760,0,0,0,0,760,6617,0,0,0,0,0,0,0,0,0,0,0,0,0,3309
2025-07-04,集中市場,634,28,41,0,621,16543,0,0,0,0,0,0,3309,760,2,0,0,0,762,6617,0,0,0,0,0,0,0,0,0,0,0,0,0,3309
2025-07-07,集中市場,621,8,6,0,623,16543,0,0,0,0,0,0,3309,762,0,0,0,0,762,6617,0,0,0,0,0,0,0,0,0,0,0,0,0,3309
2025-07-08,集中市場,623,12,7,0,628,16543,0,0,0,0,0,0,3309,762,0,0,0,0,762,6617,0,0,0,0,0,0,0,0,0,0,0,0,0,3309
2025-07-09,集中市場,628,10,0,0,638,16543,0,1,0,0,0,1,3309,762,0,0,0,0,762,6617,0,0,0,0,0,0,0,0,0,0,0,0,0,3309
2025-07-10,集中市場,638,9,2,0,645,16543,1,0,1,0,0,0,3309,762,0,0,0,0,762,6617,0,0,0,0,0,0,0,0,0,0,0,0,0,3309
2025-07-11,集中市場,645,1,2,0,644,16543,0,0,0,0,0,0,3309,762,0,0,0,0,762,6617,0,0,0,0,0,0,0,0,0,0,0,0,0,3309
2025-07-14,集中市場,644,88,22,5,705,16543,0,0,0,0,0,0,3309,762,1,0,0,0,763,6617,0,0,0,0,0,0,0,0,0,0,0,0,0,3309
2025-07-15,集中市場,705,21,26,0,700,16543,0,0,0,0,0,0,3309,763,0,0,0,0,763,6617,0,0,0,0,0,0,0,0,0,0,0,0,0,3309
2025-07-16,集中市場,700,1,5,0,696,16543,0,0,0,0,0,0,3309,763,0,0,0,0,763,6617,0,0,0,0,0,0,0,0,0,0,0,0,0,3309
2025-07-17,集中市場,696,9,17,0,688,16543,0,1,0,0,0,1,3309,763,0,0,0,0,763,6617,0,0,0,0,0,0,0,0,0,0,0,0,0,3309
2025-07-18,集中市場,688,15,2,0,701,16543,1,0,1,0,0,0,3309,763,0,0,0,0,763,6617,0,0,0,0,0,0,0,0,0,0,0,0,0,3309
2025-07-21,集中市場,701,5,0,0,706,16543,0,0,0,0,0,0,3309,763,4,0,0,0,767,6617,0,0,0,0,0,0,0,0,0,0,0,0,0,3309
2025-07-22,集中市場,706,12,14,0,704,16543,0,0,0,0,0,0,3309,767,0,0,0,0,767,6617,0,0,0,0,0,0,0,0,0,0,0,0,0,3309
2025-07-23,集中市場,704,4,7,0,701,16543,0,0,0,0,0,0,3309,767,0,0,0,0,767,6617,0,0,0,0,0,0,0,0,0,0,0,0,0,3309
2025-07-24,集中市場,701,5,12,0,694,16543,0,0,0,0,0,0,3309,767,0,0,0,0,767,6617,0,0,0,0,0,0,0,0,0,0,0,0,0,3309
2025-07-25,集中市場,694,0,16,0,678,16543,0,0,0,0,0,0,3309,767,0,0,0,0,767,6617,0,0,0,0,0,0,0,0,0,0,0,0,0,3309
2025-07-28,集中市場,678,1,5,0,674,16543,0,0,0,0,0,0,3309,767,0,0,0,0,767,6617,0,0,0,0,0,0,0,0,0,0,0,0,0,3309
2025-07-29,集中市場,674,2,5,0,671,16543,0,0,0,0,0,0,3309,767,0,0,0,0,767,6617,0,0,0,0,0,0,0,0,0,0,0,0,0,3309
2025-07-30,集中市場,671,1,1,0,671,16543,0,0,0,0,0,0,3309,767,2,0,0,0,769,6617,0,0,0,0,0,0,0,0,0,0,0,0,0,3309
2025-07-31,集中市場,671,0,1,0,670,16543,0,0,0,0,0,0,3309,769,47,0,0,0,816,6617,0,0,0,0,0,0,0,0,0,0,0,0,0,3309
2025-08-01,集中市場,670,0,0,0,670,16543,0,0,0,0,0,0,3309,816,0,0,0,0,816,6617,0,0,0,0,0,0,0,0,0,0,0,0,0,3309
2025-08-04,集中市場,670,1,5,0,666,16543,0,0,0,0,0,0,3309,816,0,0,0,0,816,6617,0,0,0,0,0,0,0,0,0,0,0,0,0,3309
2025-08-05,集中市場,666,3,10,0,659,16543,0,0,0,0,0,0,3309,816,0,0,0,0,816,6617,0,0,0,0,0,0,0,0,0,0,0,0,0,3309
2025-08-06,集中市場,659,2,1,0,660,16543,0,0,0,0,0,0,3309,816,0,0,0,0,816,6617,0,0,0,0,0,0,0,0,0,0,0,0,0,3309
2025-08-07,集中市場,660,2,2,0,660,16543,0,0,0,0,0,0,3309,816,0,0,0,0,816,6617,0,0,0,0,0,0,0,0,0,0,0,0,0,3309
2025-08-08,集中市場,660,1,0,0,661,16543,0,0,0,0,0,0,3309,816,0,0,0,0,816,6617,0,0,0,0,0,0,0,0,0,0,0,0,0,3309
2025-08-11,集中市場,661,3,2,0,662,16543,0,0,0,0,0,0,3309,816,0,0,0,0,816,6617,0,0,0,0,0,0,0,0,0,0,0,0,0,3309
2025-08-12,集中市場,662,75,36,1,700,16543,0,0,0,0,0,0,3309,816,0,0,8,1,807,6617,0,0,0,0,0,0,0,0,0,0,0,0,0,3309
2025-08-13,集中市場,700,5,10,0,695,16543,0,0,0,0,0,0,3309,807,4,0,0,0,811,6617,0,0,0,0,0,0,0,0,0,0,0,0,0,3309
2025-08-14,集中市場,695,4,8,0,691,16543,0,0,0,0,0,0,3309,811,0,0,0,1,810,6617,0,0,0,0,0,0,0,0,0,0,0,0,0,3309
2025-08-15,集中市場,691,4,24,0,671,16543,0,0,0,0,0,0,3309,810,0,0,0,0,810,6617,0,0,0,0,0,0,0,0,0,0,0,0,0,3309
2025-08-18,集中市場,671,2,6,0,667,16543,0,0,0,0,0,0,3309,810,6,0,0,0,816,6617,0,0,0,0,0,0,0,0,0,0,0,0,0,3309
2025-08-19,集中市場,667,5,3,0,669,16543,0,0,0,0,0,0,3309,816,3,0,0,0,819,6617,0,0,0,0,0,0,0,0,0,0,0,0,0,3309
2025-08-20,集中市場,669,13,6,0,676,16543,0,0,0,0,0,0,3309,819,0,0,0,2,817,6617,0,0,0,0,0,0,0,0,0,0,0,0,0,3309
2025-08-21,集中市場,676,32,13,0,695,16543,0,0,0,0,0,0,3309,817,2,0,0,0,819,6617,0,0,0,0,0,0,0,0,0,0,0,0,0,3309
2025-08-22,集中市場,695,28,11,0,712,16543,0,0,0,0,0,0,3309,819,0,0,0,0,819,6617,0,0,0,0,0,0,0,0,0,0,0,0,0,3309
2025-08-25,集中市場,712,8,4,0,716,16543,0,0,0,0,0,0,3309,819,1,0,0,10,810,6617,0,0,0,0,0,0,0,0,0,0,0,0,0,3309
2025-08-26,集中市場,716,33,15,0,734,16543,0,0,0,0,0,0,3309,810,2,2,0,0,810,6617,0,0,0,0,0,0,0,0,0,0,0,0,0,3309
2025-08-27,集中市場,734,0,15,0,719,16543,0,0,0,0,0,0,3309,810,0,0,0,0,810,6617,0,0,0,0,0,0,0,0,0,0,0,0,0,3309
2025-08-28,集中市場,719,7,0,0,726,16543,0,0,0,0,0,0,3309,810,0,0,0,0,810,6617,0,0,0,0,0,0,0,0,0,0,0,0,0,3309
2025-08-29,集中市場,726,0,7,0,719,16543,0,0,0,0,0,0,3309,810,2,0,0,1,811,6617,0,0,0,0,0,0,0,0,0,0,0,0,0,3309
2025-09-01,集中市場,719,154,37,0,836,16543,0,0,0,0,0,0,3309,811,0,8,0,0,803,6617,0,0,0,0,0,0,0,0,0,0,0,0,0,3309
2025-09-02,集中市場,836,82,65,0,853,16543,0,0,0,0,0,0,3309,803,0,0,0,1,802,6617,0,0,0,0,0,0,0,0,0,0,0,0,0,3309
2025-09-03,集中市場,853,77,54,0,876,16543,0,0,0,0,0,0,3309,802,0,1,0,0,801,6617,0,0,0,0,0,0,0,0,0,0,0,0,0,3309
2025-09-04,集中市場,876,19,61,0,834,16543,0,0,0,0,0,0,3309,801,1,0,0,0,802,6617,0,0,0,0,0,0,0,0,0,0,0,0,0,3309
2025-09-05,集中市場,834,13,12,0,835,16543,0,0,0,0,0,0,3309,802,0,0,0,0,802,6617,0,0,0,0,0,0,0,0,0,0,0,0,0,3309
2025-09-08,集中市場,835,2,10,0,827,16543,0,0,0,0,0,0,3309,802,0,0,0,0,802,6617,0,0,0,0,0,0,0,0,0,0,0,0,0,3309
2025-09-09,集中市場,827,1,23,1,804,16543,0,0,0,0,0,0,3309,802,0,0,0,0,802,6617,0,0,0,0,0,0,0,0,0,0,0,0,0,3309
2025-09-10,集中市場,804,9,0,0,813,16543,0,0,0,0,0,0,3309,802,0,0,1,0,801,6617,0,0,0,0,0,0,0,0,0,0,0,0,0,3309
2025-09-11,集中市場,813,0,4,0,809,16543,0,0,0,0,0,0,3309,801,0,0,0,0,801,6617,0,0,0,0,0,0,0,0,0,0,0,0,0,3309
2025-09-12,集中市場,809,1,3,0,807,16543,0,0,0,0,0,0,3309,801,1,1,0,0,801,6617,0,0,0,0,0,0,0,0,0,0,0,0,0,3309
2025-09-15,集中市場,807,3,9,0,801,16543,0,0,0,0,0,0,3309,801,2,0,0,0,803,6617,0,0,0,0,0,0,0,0,0,0,0,0,0,3309
2025-09-16,集中市場,801,4,1,0,804,16543,0,0,0,0,0,0,3309,803,0,0,0,0,803,6617,0,0,0,0,0,0,0,0,0,0,0,0,0,3309
2025-09-17,集中市場,804,0,5,0,799,16543,0,0,0,0,0,0,3309,803,0,1,0,2,800,6617,0,0,0,0,0,0,0,0,0,0,0,0,0,3309
2025-09-18,集中市場,799,1,2,1,797,16543,0,0,0,0,0,0,3309,800,0,0,0,0,800,6617,0,0,0,0,0,0,0,0,0,0,0,0,0,3309
2025-09-19,集中市場,797,0,0,0,797,16543,0,0,0,0,0,0,3309,800,0,0,0,0,800,6617,0,0,0,0,0,0,0,0,0,0,0,0,0,3309
2025-09-22,集中市場,797,0,1,0,796,16543,0,0,0,0,0,0,3309,800,0,0,0,0,800,6617,0,0,0,0,0,0,0,0,0,0,0,0,0,3309
2025-09-23,集中市場,796,1,0,1,796,16543,0,0,0,0,0,0,3309,800,0,0,0,0,800,6617,0,0,0,0,0,0,0,0,0,0,0,0,0,3309
2025-09-24,集中市場,796,0,0,0,796,16543,0,0,0,0,0,0,3309,800,10,0,0,0,810,6617,0,0,0,0,0,0,0,0,0,0,0,0,0,3309
2025-09-25,集中市場,796,5,0,0,801,16543,0,0,0,0,0,0,3309,810,44,0,0,0,854,6617,0,0,0,0,0,0,0,0,0,0,0,0,0,3309
2025-09-26,集中市場,801,0,0,0,801,16543,0,0,0,0,0,0,3309,854,0,0,0,0,854,6617,0,0,0,0,0,0,0,0,0,0,0,0,0,3309
2025-09-30,集中市場,801,1,0,0,802,16543,0,0,0,0,0,0,3309,854,0,0,0,0,854,6617,0,0,0,0,0,0,0,0,0,0,0,0,0,3309
2025-10-01,集中市場,802,7,1,0,808,16543,0,0,0,0,0,0,3309,854,0,0,0,0,854,6617,0,0,0,0,0,0,0,0,0,0,0,0,0,3309
2025-10-02,集中市場,808,3,14,0,797,16543,0,0,0,0,0,0,3309,854,0,0,0,0,854,6617,0,0,0,0,0,0,0,0,0,0,0,0,0,3309
2025-10-03,集中市場,797,25,5,1,816,16543,0,0,0,0,0,0,3309,854,0,0,0,0,854,6617,0,0,0,0,0,0,0,0,0,0,0,0,0,3309
2025-10-07,集中市場,816,3,1,20,798,16543,0,0,0,0,0,0,3309,854,0,0,0,0,854,6617,0,0,0,0,0,0,0,0,0,0,0,0,0,3309
2025-10-08,集中市場,798,1,2,0,797,16543,0,0,0,0,0,0,3309,854,0,0,10,0,844,6617,0,0,0,0,0,0,0,0,0,0,0,0,0,3309
2025-10-09,集中市場,797,0,7,0,790,16543,0,0,0,0,0,0,3309,844,10,0,0,0,854,6617,0,0,0,0,0,0,0,0,0,0,0,0,0,3309
2025-10-13,集中市場,790,3,1,1,791,16543,0,0,0,0,0,0,3309,854,0,0,0,0,854,6617,0,0,0,0,0,0,0,0,0,0,0,0,0,3309
2025-10-14,集中市場,791,1,15,0,777,16543,0,0,0,0,0,0,3309,854,0,0,0,0,854,6617,0,0,0,0,0,0,0,0,0,0,0,0,0,3309
2025-10-15,集中市場,777,1,2,1,775,16543,0,0,0,0,0,0,3309,854,0,0,0,0,854,6617,0,0,0,0,0,0,0,0,0,0,0,0,0,3309
2025-10-16,集中市場,775,2,1,0,776,16543,0,0,0,0,0,0,3309,854,0,0,0,0,854,6617,0,0,0,0,0,0,0,0,0,0,0,0,0,3309
2025-10-17,集中市場,776,2,8,0,770,16543,0,0,0,0,0,0,3309,854,0,0,0,0,854,6617,0,0,0,0,0,0,0,0,0,0,0,0,0,3309
2025-10-20,集中市場,770,1,6,0,765,16543,0,0,0,0,0,0,3309,854,0,0,0,0,854,6617,0,0,0,0,0,0,0,0,0,0,0,0,0,3309
2025-10-21,集中市場,765,0,3,0,762,16543,0,0,0,0,0,0,3309,854,0,0,10,0,844,6617,0,0,0,0,0,0,0,0,0,0,0,0,0,3309
2025-10-22,集中市場,762,6,3,0,765,16543,0,0,0,0,0,0,3309,844,0,0,0,0,844,6617,0,0,0,0,0,0,0,0,0,0,0,0,0,3309
2025-10-23,集中市場,765,2,0,0,767,16543,0,0,0,0,0,0,3309,844,10,0,0,0,854,6617,0,0,0,0,0,0,0,0,0,0,0,0,0,3309
2025-10-27,集中市場,767,0,3,0,764,16543,0,0,0,0,0,0,3309,854,7,0,7,0,854,6617,0,0,0,0,0,0,0,0,0,0,0,0,0,3309
2025-10-28,集中市場,764,4,4,0,764,16543,0,0,0,0,0,0,3309,854,7,0,0,0,861,6617,0,0,0,0,0,0,0,0,0,0,0,0,0,3309
2025-10-29,集中市場,764,0,0,1,763,16543,0,0,0,0,0,0,3309,861,0,0,0,0,861,6617,0,0,0,0,0,0,0,0,0,0,0,0,0,3309
2025-10-30,集中市場,763,1,0,0,764,16543,0,0,0,0,0,0,3309,861,0,0,0,0,861,6617,0,0,0,0,0,0,0,0,0,0,0,0,0,3309
2025-10-31,集中市場,764,0,0,0,764,16543,0,0,0,0,0,0,3309,861,0,0,0,0,861,6617,0,0,0,0,0,0,0,0,0,0,0,0,0,3309
2025-11-03,集中市場,764,0,0,2,762,16543,0,0,0,0,0,0,3309,861,0,0,0,0,861,6617,0,0,0,0,0,0,0,0,0,0,0,0,0,3309
2025-11-04,集中市場,762,1,2,0,761,16543,0,0,0,0,0,0,3309,861,1,0,0,0,862,6617,0,0,0,0,0,0,0,0,0,0,0,0,0,3309
2025-11-05,集中市場,761,2,3,2,758,16543,0,0,0,0,0,0,3309,862,0,0,0,0,862,6617,0,0,0,0,0,0,0,0,0,0,0,0,0,3309
2025-11-06,集中市場,758,0,2,0,756,16543,0,0,0,0,0,0,3309,862,0,0,0,0,862,6617,0,0,0,0,0,0,0,0,0,0,0,0,0,3309
2025-11-07,集中市場,756,3,1,0,758,16543,0,0,0,0,0,0,3309,862,0,0,0,0,862,6617,0,0,0,0,0,0,0,0,0,0,0,0,0,3309
2025-11-10,集中市場,758,2,1,0,759,16543,0,0,0,0,0,0,3309,862,0,0,0,0,862,6617,0,0,0,0,0,0,0,0,0,0,0,0,0,3309
2025-11-11,集中市場,759,4,1,0,762,16543,0,0,0,0,0,0,3309,862,0,0,0,0,862,6617,0,0,0,0,0,0,0,0,0,0,0,0,0,3309
2025-11-12,集中市場,762,2,8,0,756,16543,0,0,0,0,0,0,3309,862,0,0,0,0,862,6617,0,0,0,0,0,0,0,0,0,0,0,0,0,3309
2025-11-13,集中市場,756,3,2,0,757,16543,0,0,0,0,0,0,3309,862,0,0,0,0,862,6617,0,0,0,0,0,0,0,0,0,0,0,0,0,3309
2025-11-14,集中市場,757,1,0,1,757,16543,0,0,0,0,0,0,3309,862,0,0,0,0,862,6617,0,0,0,0,0,0,0,0,0,0,0,0,0,3309
2025-11-17,集中市場,757,1,5,0,753,16543,0,0,0,0,0,0,3309,862,0,0,0,0,862,6617,0,0,0,0,0,0,0,0,0,0,0,0,0,3309
2025-11-18,集中市場,753,2,4,0,751,16543,0,0,0,0,0,0,3309,862,0,0,0,0,862,6617,0,0,0,0,0,0,0,0,0,0,0,0,0,3309
2025-11-19,集中市場,751,0,0,0,751,16543,0,0,0,0,0,0,3309,862,0,0,0,0,862,6617,0,0,0,0,0,0,0,0,0,0,0,0,0,3309
2025-11-20,集中市場,751,0,1,0,750,16543,0,0,0,0,0,0,3309,862,0,0,0,0,862,6617,0,0,0,0,0,0,0,0,0,0,0,0,0,3309
2025-11-21,集中市場,750,1,2,0,749,16543,0,0,0,0,0,0,3309,862,0,0,0,0,862,6617,0,0,0,0,0,0,0,0,0,0,0,0,0,3309
2025-11-24,集中市場,749,0,0,0,749,16543,0,0,0,0,0,0,3309,862,12,0,0,0,874,6617,0,0,0,0,0,0,0,0,0,0,0,0,0,3309
2025-11-25,集中市場,749,0,0,0,749,16543,0,0,0,0,0,0,3309,874,0,0,20,0,854,6617,0,0,0,0,0,0,0,0,0,0,0,0,0,3309
2025-11-26,集中市場,749,1,0,0,750,16543,0,0,0,0,0,0,3309,854,0,0,0,0,854,6617,0,0,0,0,0,0,0,0,0,0,0,0,0,3309
2025-11-27,集中市場,750,2,1,0,751,16543,0,0,0,0,0,0,3309,854,0,0,0,0,854,6617,0,0,0,0,0,0,0,0,0,0,0,0,0,3309
2025-11-28,集中市場,751,5,8,0,748,16543,0,0,0,0,0,0,3309,854,0,0,0,0,854,6617,0,0,0,0,0,0,0,0,0,0,0,0,0,3309
2025-12-01,集中市場,748,11,10,0,749,16543,0,0,0,0,0,0,3309,854,22,0,0,22,854,6617,0,0,0,0,0,0,0,0,0,0,0,0,0,3309
2025-12-02,集中市場,749,0,0,0,749,16543,0,0,0,0,0,0,3309,854,0,0,0,0,854,6617,0,0,0,0,0,0,0,0,0,0,0,0,0,3309
2025-12-03,集中市場,749,0,1,0,748,16543,0,0,0,0,0,0,3309,854,0,0,0,0,854,6617,0,0,0,0,0,0,0,0,0,0,0,0,0,3309
2025-12-04,集中市場,748,0,0,0,748,16543,0,0,0,0,0,0,3309,854,0,0,0,1,853,6617,0,0,0,0,0,0,0,0,0,0,0,0,0,3309
2025-12-05,集中市場,748,1,2,0,747,16543,0,0,0,0,0,0,3309,853,0,0,0,0,853,6617,0,0,0,0,0,0,0,0,0,0,0,0,0,3309
2025-12-08,集中市場,747,4,3,0,748,16543,0,0,0,0,0,0,3309,853,0,0,0,0,853,6617,0,0,0,0,0,0,0,0,0,0,0,0,0,3309
2025-12-09,集中市場,748,0,1,0,747,16543,0,0,0,0,0,0,3309,853,0,0,0,0,853,6617,0,0,0,0,0,0,0,0,0,0,0,0,0,3309
2025-12-10,集中市場,747,4,0,0,751,16543,0,0,0,0,0,0,3309,853,0,0,0,0,853,6617,0,0,0,0,0,0,0,0,0,0,0,0,0,3309
2025-12-11,集中市場,751,1,2,0,750,16543,0,0,0,0,0,0,3309,853,0,0,0,0,853,6617,0,0,0,0,0,0,0,0,0,0,0,0,0,3309
2025-12-12,集中市場,750,3,3,0,750,16543,0,0,0,0,0,0,3309,853,0,0,0,5,848,6617,0,0,0,0,0,0,0,0,0,0,0,0,0,3309
2025-12-15,集中市場,750,2,0,0,752,16543,0,0,0,0,0,0,3309,848,0,0,0,2,846,6617,0,0,0,0,0,0,0,0,0,0,0,0,0,3309
2025-12-16,集中市場,752,1,3,0,750,16543,0,0,0,0,0,0,3309,846,0,0,0,0,846,6617,0,0,0,0,0,0,0,0,0,0,0,0,0,3309
2025-12-17,集中市場,750,2,1,0,751,16543,0,0,0,0,0,0,3309,846,0,0,0,0,846,6617,0,0,0,0,0,0,0,0,0,0,0,0,0,3309
2025-12-18,集中市場,751,6,5,0,752,16543,0,0,0,0,0,0,3309,846,0,0,0,0,846,6617,0,0,0,0,0,0,0,0,0,0,0,0,0,3309
2025-12-19,集中市場,752,0,2,0,750,16543,0,0,0,0,0,0,3309,846,0,0,0,0,846,6617,0,0,0,0,0,0,0,0,0,0,0,0,0,3309
2025-12-22,集中市場,750,0,1,0,749,16543,0,0,0,0,0,0,3309,846,0,0,0,0,846,6617,0,0,0,0,0,0,0,0,0,0,0,0,0,3309
2025-12-23,集中市場,749,0,1,0,748,16543,0,0,0,0,0,0,3309,846,0,0,0,0,846,6617,0,0,0,0,0,0,0,0,0,0,0,0,0,3309
2025-12-24,集中市場,748,0,0,0,748,16543,0,0,0,0,0,0,3309,846,0,0,0,0,846,6617,0,0,0,0,0,0,0,0,0,0,0,0,0,3309
2025-12-26,集中市場,748,2,0,0,750,16543,0,0,0,0,0,0,3309,846,0,0,0,3,843,6617,0,0,0,0,0,0,0,0,0,0,0,0,0,3309
2025-12-29,集中市場,750,0,2,0,748,16543,0,0,0,0,0,0,3309,843,0,0,0,0,843,6617,0,0,0,0,0,0,0,0,0,0,0,0,0,3309
2025-12-30,集中市場,748,1,0,3,746,16543,0,0,0,0,0,0,3309,843,0,0,0,0,843,6617,0,0,0,0,0,0,0,0,0,0,0,0,0,3309
2025-12-31,集中市場,746,1,0,0,747,16543,0,0,0,0,0,0,3309,843,0,0,0,0,843,6617,0,0,0,0,0,0,0,0,0,0,0,0,0,3309
2026-01-02,集中市場,747,4,3,0,748,16543,0,0,0,0,0,0,3309,843,0,0,0,0,843,6617,0,0,0,0,0,0,0,0,0,0,0,0,0,3309
2026-01-05,集中市場,748,6,5,1,748,16543,0,0,0,0,0,0,3309,843,0,0,0,0,843,6617,0,0,0,0,0,0,0,0,0,0,0,0,0,3309
2026-01-06,集中市場,748,0,1,0,747,16543,0,0,0,0,0,0,3309,843,0,0,0,0,843,6617,0,0,0,0,0,0,0,0,0,0,0,0,0,3309
2026-01-07,集中市場,747,0,0,0,747,16543,0,0,0,0,0,0,3309,843,2,0,0,0,845,6617,0,0,0,0,0,0,0,0,0,0,0,0,0,3309
2026-01-08,集中市場,747,0,0,0,747,16543,0,0,0,0,0,0,3309,845,0,0,0,0,845,6617,0,0,0,0,0,0,0,0,0,0,0,0,0,3309
2026-01-09,集中市場,747,0,0,0,747,16543,0,0,0,0,0,0,3309,845,0,0,0,0,845,6617,0,0,0,0,0,0,0,0,0,0,0,0,0,3309
2026-01-12,集中市場,747,1,9,0,739,16543,0,0,0,0,0,0,3309,845,0,0,0,0,845,6617,0,0,0,0,0,0,0,0,0,0,0,0,0,3309
2026-01-13,集中市場,739,0,7,0,732,16543,0,0,0,0,0,0,3309,845,0,0,0,0,845,6617,0,0,0,0,0,0,0,0,0,0,0,0,0,3309
2026-01-14,集中市場,732,1,0,0,733,16543,0,0,0,0,0,0,3309,845,0,0,0,0,845,6617,0,0,0,0,0,0,0,0,0,0,0,0,0,3309
2026-01-15,集中市場,733,7,0,0,740,16543,0,0,0,0,0,0,3309,845,0,0,0,0,845,6617,0,0,0,0,0,0,0,0,0,0,0,0,0,3309
2026-01-16,集中市場,740,12,9,0,743,16543,0,0,0,0,0,0,3309,845,0,0,0,0,845,6617,0,0,0,0,0,0,0,0,0,0,0,0,0,3309
2026-01-19,集中市場,743,56,7,0,792,16543,0,0,0,0,0,0,3309,845,0,0,0,0,845,6617,0,0,0,0,0,0,0,0,0,0,0,0,0,3309
2026-01-20,集中市場,792,17,6,0,803,16543,0,0,0,0,0,0,3309,845,0,0,0,0,845,6617,0,0,0,0,0,0,0,0,0,0,0,0,0,3309
2026-01-21,集中市場,803,3,15,0,791,16543,0,0,0,0,0,0,3309,845,0,0,0,0,845,6617,0,0,0,0,0,0,0,0,0,0,0,0,0,3309
2026-01-22,集中市場,791,2,1,0,792,16543,0,0,0,0,0,0,3309,845,0,0,0,0,845,6617,0,0,0,0,0,0,0,0,0,0,0,0,0,3309
2026-01-23,集中市場,792,5,1,0,796,16543,0,0,0,0,0,0,3309,845,0,0,0,0,845,6617,0,0,0,0,0,0,0,0,0,0,0,0,0,3309
2026-01-26,集中市場,796,0,3,0,793,16543,0,0,0,0,0,0,3309,845,0,0,0,0,845,6617,0,0,0,0,0,0,0,0,0,0,0,0,0,3309
2026-01-27,集中市場,793,9,0,0,802,16543,0,0,0,0,0,0,3309,845,0,0,0,0,845,6617,0,0,0,0,0,0,0,0,0,0,0,0,0,3309
2026-01-28,集中市場,802,3,0,0,805,16543,0,0,0,0,0,0,3309,845,0,0,0,0,845,6617,0,0,0,0,0,0,0,0,0,0,0,0,0,3309
2026-01-29,集中市場,805,2,0,0,807,16543,0,0,0,0,0,0,3309,845,0,0,0,0,845,6617,0,0,0,0,0,0,0,0,0,0,0,0,0,3309
2026-01-30,集中市場,807,3,56,0,754,16543,0,0,0,0,0,0,3309,845,0,0,0,0,845,6617,0,0,0,0,0,0,0,0,0,0,0,0,0,3309
2026-02-02,集中市場,754,2,10,0,746,16543,0,0,0,0,0,0,3309,845,0,0,0,0,845,6617,0,0,0,0,0,0,0,0,0,0,0,0,0,3309
2026-02-03,集中市場,746,0,11,0,735,16543,0,0,0,0,0,0,3309,845,0,0,0,0,845,6617,0,0,0,0,0,0,0,0,0,0,0,0,0,3309
2026-02-04,集中市場,735,11,4,0,742,16543,0,0,0,0,0,0,3309,845,0,0,0,0,845,6617,0,0,0,0,0,0,0,0,0,0,0,0,0,3309
2026-02-05,集中市場,742,1,11,0,732,16543,0,0,0,0,0,0,3309,845,0,0,0,0,845,6617,0,0,0,0,0,0,0,0,0,0,0,0,0,3309
2026-02-06,集中市場,732,2,0,0,734,16543,0,0,0,0,0,0,3309,845,0,0,0,0,845,6617,0,0,0,0,0,0,0,0,0,0,0,0,0,3309
2026-02-09,集中市場,734,0,0,0,734,16543,0,0,0,0,0,0,3309,845,0,0,0,0,845,6617,0,0,0,0,0,0,0,0,0,0,0,0,0,3309
2026-02-10,集中市場,734,0,1,4,729,16543,0,0,0,0,0,0,3309,845,0,0,0,0,845,6617,0,0,0,0,0,0,0,0,0,0,0,0,0,3309
2026-02-11,集中市場,729,2,1,0,730,16543,0,0,0,0,0,0,3309,845,0,0,0,0,845,6617,0,0,0,0,0,0,0,0,0,0,0,0,0,3309
2026-02-23,集中市場,730,16,0,0,746,16543,0,0,0,0,0,0,3309,845,0,0,0,0,845,6617,0,0,0,0,0,0,0,0,0,0,0,0,0,3309
2026-02-24,集中市場,746,4,0,0,750,16543,0,0,0,0,0,0,3309,845,0,0,0,0,845,6617,0,0,0,0,0,0,0,0,0,0,0,0,0,3309
2026-02-25,集中市場,750,15,0,0,765,16543,0,0,0,0,0,0,3309,845,0,0,0,0,845,6617,0,0,0,0,0,0,0,0,0,0,0,0,0,3309
2026-02-26,集中市場,765,3,6,0,762,16543,0,0,0,0,0,0,3309,845,0,0,0,0,845,6617,0,0,0,0,0,0,0,0,0,0,0,0,0,3309
2026-03-02,集中市場,762,21,9,0,774,16543,0,0,0,0,0,0,3309,845,0,0,0,0,845,6617,0,0,0,0,0,0,0,0,0,0,0,0,0,3309
2026-03-03,集中市場,774,4,3,0,775,16543,0,0,0,0,0,0,3309,845,0,4,0,0,841,6617,0,0,0,0,0,0,0,0,0,0,0,0,0,3309
2026-03-04,集中市場,775,1,18,0,758,16543,0,0,0,0,0,0,3309,841,0,0,0,0,841,6617,0,0,0,0,0,0,0,0,0,0,0,0,0,3309
2026-03-05,集中市場,758,2,3,0,757,16543,0,0,0,0,0,0,3309,841,0,0,0,0,841,6617,0,0,0,0,0,0,0,0,0,0,0,0,0,3309
2026-03-06,集中市場,757,10,18,0,749,16543,0,0,0,0,0,0,3309,841,0,0,0,0,841,6617,0,0,0,0,0,0,0,0,0,0,0,0,0,3309
2026-03-09,集中市場,749,1,3,0,747,16543,0,0,0,0,0,0,3309,841,0,0,0,0,841,6617,0,0,0,0,0,0,0,0,0,0,0,0,0,3309
2026-03-10,集中市場,747,1,5,0,743,16543,0,0,0,0,0,0,3309,841,2,0,0,0,843,6617,0,0,0,0,0,0,0,0,0,0,0,0,0,3309
2026-03-11,集中市場,743,1,0,0,744,16543,0,0,0,0,0,0,3309,843,0,2,0,0,841,6617,0,0,0,0,0,0,0,0,0,0,0,0,0,3309
2026-03-12,集中市場,744,19,2,0,761,16543,0,0,0,0,0,0,3309,841,0,1,1,0,839,6617,0,0,0,0,0,0,0,0,0,0,0,0,0,3309
2026-03-13,集中市場,761,1,5,0,757,16543,0,0,0,0,0,0,3309,839,0,0,0,47,792,6617,0,0,0,0,0,0,0,0,0,0,0,0,0,3309
2026-03-16,集中市場,757,0,0,0,757,16543,0,0,0,0,0,0,3309,792,0,0,0,0,792,6617,0,0,0,0,0,0,0,0,0,0,0,0,0,3309
2026-03-17,集中市場,757,0,0,0,757,16543,0,0,0,0,0,0,3309,792,0,0,0,0,792,6617,0,0,0,0,0,0,0,0,0,0,0,0,0,3309
2026-03-18,集中市場,757,1,2,0,756,16543,0,0,0,0,0,0,3309,792,0,0,0,15,777,6617,0,0,0,0,0,0,0,0,0,0,0,0,0,3309
2026-03-19,集中市場,756,14,0,0,770,16543,0,0,0,0,0,0,3309,777,1,0,0,35,743,6617,0,0,0,0,0,0,0,0,0,0,0,0,0,3309
2026-03-20,集中市場,770,0,0,0,770,16543,0,0,0,0,0,0,3309,743,0,0,0,0,743,6617,0,0,0,0,0,0,0,0,0,0,0,0,0,3309
2026-03-23,集中市場,770,2,2,0,770,16543,0,0,0,0,0,0,3309,743,0,0,0,0,743,6617,0,0,0,0,0,0,0,0,0,0,0,0,0,3309
2026-03-24,集中市場,770,0,12,0,758,16543,0,0,0,0,0,0,3309,743,0,4,0,0,739,6617,0,0,0,0,0,0,0,0,0,0,0,0,0,3309
2026-03-25,集中市場,758,0,2,0,756,16543,0,0,0,0,0,0,3309,739,0,0,0,0,739,6617,0,0,0,0,0,0,0,0,0,0,0,0,0,3309
2026-03-26,集中市場,756,1,13,0,744,16543,0,0,0,0,0,0,3309,739,0,0,0,0,739,6617,0,0,0,0,0,0,0,0,0,0,0,0,0,3309
2026-03-27,集中市場,744,0,0,0,744,16543,0,0,0,0,0,0,3309,739,0,12,0,0,727,6617,0,0,0,0,0,0,0,0,0,0,0,0,0,3309
2026-03-30,集中市場,744,0,9,0,735,16543,0,0,0,0,0,0,3309,727,25,0,0,0,752,6617,0,0,0,0,0,0,0,0,0,0,0,0,0,3309
2026-03-31,集中市場,735,22,8,0,749,16543,0,0,0,0,0,0,3309,752,0,0,0,0,752,6617,0,0,0,0,0,0,0,0,0,0,0,0,0,3309
2026-04-01,集中市場,749,35,9,0,775,16543,0,0,0,0,0,0,3309,752,0,0,0,0,752,6617,0,0,0,0,0,0,0,0,0,0,0,0,0,3309
2026-04-02,集中市場,775,0,0,0,775,16543,0,0,0,0,0,0,3309,752,0,0,0,0,752,6617,0,0,0,0,0,0,0,0,0,0,0,0,0,3309
2026-04-07,集中市場,775,1,4,5,767,16543,0,0,0,0,0,0,3309,752,0,0,0,0,752,6617,0,0,0,0,0,0,0,0,0,0,0,0,0,3309
2026-04-08,集中市場,767,142,1,0,908,16543,0,0,0,0,0,0,3309,752,0,10,0,0,742,6617,0,0,0,0,0,0,0,0,0,0,0,0,0,3309
2026-04-09,集中市場,908,71,5,0,974,16543,0,0,0,0,0,0,3309,742,0,0,0,0,742,6617,0,0,0,0,0,0,0,0,0,0,0,0,0,3309
2026-04-10,集中市場,974,1,46,0,929,16543,0,0,0,0,0,0,3309,742,0,10,0,0,732,6617,0,0,0,0,0,0,0,0,0,0,0,0,0,3309
2026-04-13,集中市場,929,1,50,0,880,16543,0,0,0,0,0,0,3309,732,0,0,0,0,732,6617,0,0,0,0,0,0,0,0,0,0,0,0,0,3309
2026-04-14,集中市場,880,3,131,0,752,16543,0,0,0,0,0,0,3309,732,1,0,0,0,733,6617,0,0,0,0,0,0,0,0,0,0,0,0,0,3309
2026-04-15,集中市場,752,2,11,0,743,16543,0,0,0,0,0,0,3309,733,1,0,0,0,734,6617,0,0,0,0,0,0,0,0,0,0,0,0,0,3309
2026-04-16,集中市場,743,30,10,0,763,16543,0,0,0,0,0,0,3309,734,0,0,0,11,723,6617,0,0,0,0,0,0,0,0,0,0,0,0,0,3309
2026-04-17,集中市場,763,30,0,0,793,16543,0,0,0,0,0,0,3309,723,0,0,0,10,713,6617,0,0,0,0,0,0,0,0,0,0,0,0,0,3309
2026-04-20,集中市場,793,5,27,0,771,16543,0,0,0,0,0,0,3309,713,1,0,0,10,704,6617,0,0,0,0,0,0,0,0,0,0,0,0,0,3309
2026-04-21,集中市場,771,10,0,0,781,16543,0,0,0,0,0,0,3309,704,0,0,0,0,704,6617,0,0,0,0,0,0,0,0,0,0,0,0,0,3309
2026-04-22,集中市場,781,0,22,0,759,16543,0,0,0,0,0,0,3309,704,6,0,0,0,710,6617,0,0,0,0,0,0,0,0,0,0,0,0,0,3309
2026-04-23,集中市場,759,44,8,0,795,16543,0,0,0,0,0,0,3309,710,0,0,0,0,710,6617,0,0,0,0,0,0,0,0,0,0,0,0,0,3309
2026-04-24,集中市場,795,36,4,0,827,16543,0,0,0,0,0,0,3309,710,0,0,0,0,710,6617,0,0,0,0,0,0,0,0,0,0,0,0,0,3309
2026-04-27,集中市場,827,181,25,0,983,16543,0,0,0,0,0,0,3309,710,0,0,0,0,710,6617,0,0,0,0,0,0,0,0,0,0,0,0,0,3309
2026-04-28,集中市場,983,2,16,5,964,16543,0,0,0,0,0,0,3309,710,0,1,0,0,709,6617,0,0,0,0,0,0,0,0,0,0,0,0,0,3309
2026-04-29,集中市場,964,6,78,0,892,16543,0,0,0,0,0,0,3309,709,0,0,0,0,709,6617,0,0,0,0,0,0,0,0,0,0,0,0,0,3309
2026-04-30,集中市場,892,17,126,0,783,16543,0,0,0,0,0,0,3309,709,0,0,0,1,708,6617,0,0,0,0,0,0,0,0,0,0,0,0,0,3309
2026-05-04,集中市場,783,18,15,0,786,16543,0,0,0,0,0,0,3309,708,1,0,0,0,709,6617,0,0,0,0,0,0,0,0,0,0,0,0,0,3309
2026-05-05,集中市場,786,11,4,0,793,16543,0,0,0,0,0,0,3309,709,0,0,0,7,702,6617,0,0,0,0,0,0,0,0,0,0,0,0,0,3309
2026-05-06,集中市場,793,18,0,0,811,16543,0,0,0,0,0,0,3309,702,0,0,0,1,701,6617,0,0,0,0,0,0,0,0,0,0,0,0,0,3309
2026-05-07,集中市場,811,2,0,15,798,16543,0,0,0,0,0,0,3309,701,0,0,0,0,701,6617,0,0,0,0,0,0,0,0,0,0,0,0,0,3309
2026-05-08,集中市場,798,2,20,0,780,16543,0,0,0,0,0,0,3309,701,1,0,0,0,702,6617,0,0,0,0,0,0,0,0,0,0,0,0,0,3309
2026-05-11,集中市場,780,23,7,0,796,16543,0,0,0,0,0,0,3309,702,0,0,0,0,702,6617,0,0,0,0,0,0,0,0,0,0,0,0,0,3309
2026-05-12,集中市場,796,7,11,0,792,16543,0,0,0,0,0,0,3309,702,0,0,0,0,702,6617,0,0,0,0,0,0,0,0,0,0,0,0,0,3309
2026-05-13,集中市場,792,4,8,0,788,16543,0,0,0,0,0,0,3309,702,0,0,0,1,701,6617,0,0,0,0,0,0,0,0,0,0,0,0,0,3309
2026-05-14,集中市場,788,186,0,0,974,16543,0,0,0,0,0,0,3309,701,0,0,0,0,701,6617,0,0,0,0,0,0,0,0,0,0,0,0,0,3309
2026-05-15,集中市場,974,2,46,0,930,16543,0,0,0,0,0,0,3309,701,0,0,0,1,700,6617,0,0,0,0,0,0,0,0,0,0,0,0,0,3309
2026-05-18,集中市場,930,6,112,0,824,16543,0,0,0,0,0,0,3309,700,0,0,0,0,700,6617,0,0,0,0,0,0,0,0,0,0,0,0,0,3309
2026-05-19,集中市場,824,0,28,0,796,16543,0,0,0,0,0,0,3309,700,0,0,0,0,700,6617,0,0,0,0,0,0,0,0,0,0,0,0,0,3309
2026-05-20,集中市場,796,0,0,0,796,16543,0,0,0,0,0,0,3309,700,0,0,0,0,700,6617,0,0,0,0,0,0,0,0,0,0,0,0,0,3309
2026-05-21,集中市場,796,2,23,0,775,16543,0,0,0,0,0,0,3309,700,0,0,0,0,700,6617,0,0,0,0,0,0,0,0,0,0,0,0,0,3309
2026-05-22,集中市場,775,0,1,0,774,16543,0,0,0,0,0,0,3309,700,0,0,0,0,700,6617,0,0,0,0,0,0,0,0,0,0,0,0,0,3309
2026-05-25,集中市場,774,20,2,0,792,16543,0,0,0,0,0,0,3309,700,0,0,0,0,700,6617,0,0,0,0,0,0,0,0,0,0,0,0,0,3309
2026-05-26,集中市場,792,4,3,0,793,16543,0,4,0,0,0,4,3309,700,0,0,0,0,700,6617,0,0,0,0,0,0,0,0,0,0,0,0,0,3309
2026-05-27,集中市場,793,21,1,0,813,16543,4,0,4,0,0,0,3309,700,0,0,0,0,700,6617,0,0,0,0,0,0,0,0,0,0,0,0,0,3309
2026-05-28,集中市場,813,84,9,0,888,16543,0,0,0,0,0,0,3309,700,0,0,0,0,700,6617,0,0,0,0,0,0,0,0,0,0,0,0,0,3309
2026-05-29,集中市場,888,59,3,0,944,16543,0,0,0,0,0,0,3309,700,22,0,0,22,700,6617,0,0,0,0,0,0,0,0,0,0,0,0,0,3309
2026-06-01,集中市場,944,13,155,0,802,16543,0,0,0,0,0,0,3309,700,0,0,0,1,699,6617,0,0,0,0,0,0,0,0,0,0,0,0,0,3309
2026-06-02,集中市場,802,18,0,0,820,16543,0,0,0,0,0,0,3309,699,0,0,0,0,699,6617,0,0,0,0,0,0,0,0,0,0,0,0,0,3309
2026-06-03,集中市場,820,26,0,0,846,16543,0,0,0,0,0,0,3309,699,0,0,0,4,695,6617,0,0,0,0,0,0,0,0,0,0,0,0,0,3309
2026-06-04,集中市場,846,7,8,0,845,16543,0,0,0,0,0,0,3309,695,0,0,0,0,695,6617,0,0,0,0,0,0,0,0,0,0,0,0,0,3309
2026-06-05,集中市場,845,18,36,0,827,16543,0,0,0,0,0,0,3309,695,1,0,0,35,661,6617,0,0,0,0,0,0,0,0,0,0,0,0,0,3309
2026-06-08,集中市場,827,9,7,0,829,16543,0,0,0,0,0,0,3309,661,30,0,0,0,691,6617,0,0,0,0,0,0,0,0,0,0,0,0,0,3309
2026-06-09,集中市場,829,12,0,0,841,16543,0,0,0,0,0,0,3309,691,0,0,0,0,691,6617,0,0,0,0,0,0,0,0,0,0,0,0,0,3309
2026-06-10,集中市場,841,5,7,0,839,16543,0,0,0,0,0,0,3309,691,1,0,0,0,692,6617,0,0,0,0,0,0,0,0,0,0,0,0,0,3309
2026-06-11,集中市場,839,18,13,0,844,16543,0,0,0,0,0,0,3309,692,0,0,0,0,692,6617,0,0,0,0,0,0,0,0,0,0,0,0,0,3309
2026-06-12,集中市場,844,5,0,0,849,16543,0,0,0,0,0,0,3309,692,0,0,0,0,692,6617,0,0,0,0,0,0,0,0,0,0,0,0,0,3309
2026-06-15,集中市場,849,3,8,0,844,16543,0,0,0,0,0,0,3309,692,0,0,0,0,692,6617,0,0,0,0,0,0,0,0,0,0,0,0,0,3309
2026-06-16,集中市場,844,1,1,0,844,16543,0,0,0,0,0,0,3309,692,0,0,0,1,691,6617,0,0,0,0,0,0,0,0,0,0,0,0,0,3309
2026-06-17,集中市場,844,0,1,0,843,16543,0,0,0,0,0,0,3309,691,0,0,0,0,691,6617,0,0,0,0,0,0,0,0,0,0,0,0,0,3309
2026-06-18,集中市場,843,3,1,0,845,16543,0,0,0,0,0,0,3309,691,0,0,0,0,691,6617,0,0,0,0,0,0,0,0,0,0,0,0,0,3309
2026-06-22,集中市場,845,0,3,0,842,16543,0,0,0,0,0,0,3309,691,0,0,0,0,691,6617,0,0,0,0,0,0,0,0,0,0,0,0,0,3309
2026-06-23,集中市場,842,1,1,0,842,16543,0,0,0,0,0,0,3309,691,0,0,0,0,691,6617,0,0,0,0,0,0,0,0,0,0,0,0,0,3309
2026-06-24,集中市場,842,0,0,0,842,16543,0,0,0,0,0,0,3309,691,0,0,0,0,691,6617,0,0,0,0,0,0,0,0,0,0,0,0,0,3309
2026-06-25,集中市場,843,3,1,0,845,16543,0,0,0,0,0,0,3309,691,0,0,0,0,691,6617,0,0,0,0,0,0,0,0,0,0,0,0,0,3309
2026-06-26,集中市場,841,7,1,0,847,16543,0,0,0,0,0,0,3309,691,1,0,0,0,692,6617,0,0,0,0,0,0,0,0,0,0,0,0,0,3309
2026-06-29,集中市場,847,1,0,0,848,16543,0,0,0,0,0,0,3309,692,0,0,0,0,692,6617,0,0,0,0,0,0,0,0,0,0,0,0,0,3309
2026-06-30,集中市場,848,2,0,0,850,16543,0,0,0,0,0,0,3309,692,0,0,0,0,692,6617,0,0,0,0,0,0,0,0,0,0,0,0,0,3309
2026-07-01,集中市場,850,0,2,0,848,16543,0,0,0,0,0,0,3309,692,0,0,0,0,692,6617,0,0,0,0,0,0,0,0,0,0,0,0,0,3309
2026-07-02,集中市場,848,0,0,0,848,16543,0,0,0,0,0,0,3309,692,0,0,0,1,691,6617,0,0,0,0,0,0,0,0,0,0,0,0,0,3309
2026-07-03,集中市場,848,0,0,1,847,16543,0,0,0,0,0,0,3309,691,0,0,0,0,691,6617,0,0,0,0,0,0,0,0,0,0,0,0,0,3309
2026-07-06,集中市場,847,1,1,0,847,16543,0,0,0,0,0,0,3309,691,0,0,0,0,691,6617,0,0,0,0,0,0,0,0,0,0,0,0,0,3309
2026-07-07,集中市場,847,1,2,0,846,16543,0,0,0,0,0,0,3309,691,0,0,0,0,691,6617,0,0,0,0,0,0,0,0,0,0,0,0,0,3309
2026-07-08,集中市場,846,3,3,0,846,16543,0,0,0,0,0,0,3309,691,1,0,0,0,692,6617,0,0,0,0,0,0,0,0,0,0,0,0,0,3309
2026-07-09,集中市場,846,1,0,0,847,16543,0,0,0,0,0,0,3309,692,2,0,0,0,694,6617,0,0,0,0,0,0,0,0,0,0,0,0,0,3309
2026-07-13,集中市場,847,2,6,0,843,16543,0,0,0,0,0,0,3309,694,0,0,0,0,694,6617,0,0,0,0,0,0,0,0,0,0,0,0,0,3309
2026-07-14,集中市場,843,4,2,0,845,16543,0,0,0,0,0,0,3309,694,0,0,0,1,693,6617,0,0,0,0,0,0,0,0,0,0,0,0,0,3309
2026-07-15,集中市場,845,0,1,0,844,16543,0,0,0,0,0,0,3309,693,0,0,0,0,693,6617,0,0,0,0,0,0,0,0,0,0,0,0,0,3309
2026-07-16,集中市場,844,1,0,0,845,16543,0,0,0,0,0,0,3309,693,0,0,0,0,693,6617,0,0,0,0,0,0,0,0,0,0,0,0,0,3309
2026-07-17,集中市場,845,3,0,22,826,16543,0,0,0,0,0,0,3309,693,0,0,0,50,643,6617,0,0,0,0,0,0,0,0,0,0,0,0,0,3309
2026-07-20,集中市場,826,2,3,0,825,16543,0,0,0,0,0,0,3309,643,0,0,0,0,643,6617,0,0,0,0,0,0,0,0,0,0,0,0,0,3309
