date,end_date,reason
2015-04-01,2015-04-08,股東常會
2015-07-09,2015-07-14,除息
2016-04-08,2016-04-13,股東常會
2016-07-08,2016-07-13,除息
2016-10-14,2016-10-19,現增除權
2017-04-10,2017-04-13,股東常會
2017-07-07,2017-07-12,除息
2017-10-20,2017-10-25,現增除權
2018-04-03,2018-04-11,股東常會
2018-07-04,2018-07-09,除息
2019-04-12,2019-04-17,股東常會
2019-07-01,2019-07-04,除息
2020-04-10,2020-04-15,股東常會
2020-07-01,2020-07-06,除息
2021-04-09,2021-04-14,股東常會
2021-09-09,2021-09-14,除息
2022-04-08,2022-04-13,除息
2023-04-21,2023-04-26,股東常會
2023-06-27,2023-06-30,除息
2024-04-08,2024-04-11,股東常會
2024-07-08,2024-07-11,除息
2025-04-11,2025-04-16,股東常會
2025-07-17,2025-07-22,除息
2026-03-12,2026-03-17,現增除權
2026-04-10,2026-04-15,股東常會
2026-07-21,2026-07-24,除息
