date,broker_id,broker_name,buy_shares,sell_shares,net_shares,avg_buy_price,avg_sell_price
2026-05-14,1042,臺銀臺南,100,0,100,37.2,
2026-05-14,1590,花旗環球,0,2000,-2000,,36.975
2026-05-14,1650,瑞銀,1000,0,1000,36.95,
2026-05-14,5853,統一中壢,1000,1000,0,37.1,37.35
2026-05-14,5857,統一新竹,0,62,-62,,37.25
2026-05-14,8440,摩根大通,0,1000,-1000,,36.95
2026-05-14,8561,新光台中,0,40,-40,,37.15
2026-05-14,8563,新光新竹,1000,1000,0,37.15,37.65
2026-05-14,8565,新光桃園,0,1000,-1000,,37.65
2026-05-14,8882,國泰台中,1000,0,1000,37.0,
2026-05-14,8888,國泰敦南,1005,0,1005,36.802,
2026-05-14,9268,凱基台北,1000,2000,-1000,37.05,37.075
2026-05-14,9288,凱基埔墘,0,1000,-1000,,37.6
2026-05-14,9319,華南鶯歌,0,95,-95,,37.2
2026-05-14,9326,華南南京,40,0,40,37.15,
2026-05-14,961M,富邦木柵,0,10,-10,,37.2
2026-05-14,9800,元大,5000,0,5000,37.7,
2026-05-14,981r,元大屏南,1000,0,1000,36.8,
2026-05-14,9898,元大新莊,0,1000,-1000,,37.2
2026-05-14,9899,元大淡水,0,1000,-1000,,37.75
2026-05-14,989P,元大敦南,5000,1000,4000,37.39,37.1
2026-05-14,989V,元大北重,62,0,62,37.25,
2026-05-14,9A00,永豐金,0,2000,-2000,,36.925
2026-05-14,9B2m,台新成功,0,3000,-3000,,37.7
2026-05-15,1034,土銀嘉義,0,10,-10,,36.8
2026-05-15,104C,臺銀高雄,1100,0,1100,36.6182,
2026-05-15,1480,美商高盛,0,2000,-2000,,36.825
2026-05-15,1590,花旗環球,0,1000,-1000,,36.95
2026-05-15,1650,瑞銀,0,1000,-1000,,36.85
2026-05-15,6950,福勝,1000,0,1000,36.7,
2026-05-15,779D,國票台南,0,1000,-1000,,36.75
2026-05-15,8565,新光桃園,1000,1000,0,36.85,36.95
2026-05-15,8847,玉山台南,2000,2480,-480,36.7,36.8411
2026-05-15,8881,國泰高雄,25,0,25,36.85,
2026-05-15,8888,國泰敦南,0,2000,-2000,,37.2
2026-05-15,9268,凱基台北,0,3000,-3000,,36.8
2026-05-15,9278,凱基永康,200,0,200,36.8,
2026-05-15,961K,富邦七賢,140,0,140,36.8,
2026-05-15,9623,富邦台北,500,0,500,37.0,
2026-05-15,981y,元大善化,0,1000,-1000,,36.85
2026-05-15,9859,元大經國,1000,0,1000,36.7,
2026-05-15,9892,元大屏東,0,3067,-3067,,36.7022
2026-05-15,989C,元大板橋,878,0,878,36.8,
2026-05-15,989F,元大高雄,1200,0,1200,36.7167,
2026-05-15,989P,元大敦南,5000,0,5000,37.2,
2026-05-15,989Y,元大基隆,14,0,14,36.85,
2026-05-15,989e,元大中和,3000,0,3000,37.1333,
2026-05-15,9A9Q,永豐豐原,0,1000,-1000,,38.2
2026-05-15,9B00,台新證券,1000,0,1000,36.7,
2026-05-15,9B2g,台新中原,0,1000,-1000,,36.7
2026-05-15,9B2w,台新佳里,500,0,500,36.8,
2026-05-15,9B2z,台新文心,1000,0,1000,36.75,
2026-05-18,1034,土銀嘉義,10,0,10,37.25,
2026-05-18,1042,臺銀臺南,200,0,200,37.0,
2026-05-18,1590,花旗環球,0,1000,-1000,,36.9
2026-05-18,1650,瑞銀,1000,0,1000,36.95,
2026-05-18,5264,美好高雄,1000,0,1000,36.9,
2026-05-18,5853,統一中壢,1000,0,1000,36.9,
2026-05-18,8560,新光,134,0,134,37.2,
2026-05-18,8562,新光高雄,1000,1000,0,36.95,36.9
2026-05-18,8847,玉山台南,0,334,-334,,37.0802
2026-05-18,8888,國泰敦南,0,1000,-1000,,37.0
2026-05-18,888A,國泰館前,0,1000,-1000,,36.95
2026-05-18,9268,凱基台北,0,2000,-2000,,36.925
2026-05-18,989F,元大高雄,0,1047,-1047,,37.4888
2026-05-18,989P,元大敦南,2000,0,2000,37.65,
2026-05-18,9A00,永豐金,2000,1000,1000,36.95,37.8
2026-05-18,9B2q,台新屏新,37,0,37,37.25,
2026-05-19,1042,臺銀臺南,100,0,100,37.2,
2026-05-19,1590,花旗環球,0,1000,-1000,,36.75
2026-05-19,1650,瑞銀,0,1000,-1000,,36.75
2026-05-19,538W,第一華江,134,0,134,37.65,
2026-05-19,5853,統一中壢,1000,2000,-1000,36.65,37.05
2026-05-19,8565,新光桃園,1000,1000,0,36.75,36.9
2026-05-19,8847,玉山台南,0,186,-186,,37.396
2026-05-19,888A,國泰館前,0,1003,-1003,,37.1515
2026-05-19,9288,凱基埔墘,1000,1000,0,36.95,37.5
2026-05-19,9676,富邦仁愛,0,50,-50,,37.65
2026-05-19,981I,元大天母,1000,0,1000,37.15,
2026-05-19,9899,元大淡水,0,1000,-1000,,36.75
2026-05-19,989J,元大彰生,5,0,5,37.2,
2026-05-19,989P,元大敦南,5000,0,5000,37.01,
2026-05-19,9A9S,永豐南京,0,1000,-1000,,36.65
2026-05-20,1480,美商高盛,0,1000,-1000,,36.85
2026-05-20,1590,花旗環球,0,1000,-1000,,36.85
2026-05-20,5382,第一台中,0,5,-5,,38.0
2026-05-20,538D,第一忠孝,0,1000,-1000,,36.85
2026-05-20,538E,第一自由,0,2000,-2000,,37.0
2026-05-20,6164,中信託文,0,70,-70,,38.0
2026-05-20,8561,新光台中,4,0,4,37.0,
2026-05-20,8565,新光桃園,1000,1000,0,36.85,36.85
2026-05-20,888A,國泰館前,0,1006,-1006,,36.8569
2026-05-20,888K,國泰板橋,0,1000,-1000,,36.85
2026-05-20,9134,群益開元,0,2000,-2000,,36.825
2026-05-20,9206,凱基高雄,0,5,-5,,37.0
2026-05-20,9225,凱基內埔,5000,0,5000,36.85,
2026-05-20,9268,凱基台北,1000,0,1000,37.0,
2026-05-20,9288,凱基埔墘,0,1000,-1000,,37.5
2026-05-20,961K,富邦七賢,0,9,-9,,38.0
2026-05-20,981S,元大崇德,0,1000,-1000,,38.0
2026-05-20,981r,元大屏南,1000,0,1000,36.8,
2026-05-20,9833,元大敦化,0,1000,-1000,,36.85
2026-05-20,989L,元大成功,1000,0,1000,36.85,
2026-05-20,989P,元大敦南,3000,0,3000,37.7,
2026-05-20,9A00,永豐金,1000,0,1000,36.85,
2026-05-20,9A97,永豐新竹,1000,0,1000,37.0,
2026-05-20,9B2m,台新成功,0,1000,-1000,,37.6
2026-05-20,9B2v,台新桃園,91,0,91,37.989,
2026-05-21,1042,臺銀臺南,25,0,25,38.0,
2026-05-21,1470,台灣摩根,0,1000,-1000,,36.95
2026-05-21,1590,花旗環球,0,2000,-2000,,36.95
2026-05-21,1650,瑞銀,1000,0,1000,36.95,
2026-05-21,5261,美好蘆洲,0,1000,-1000,,37.4
2026-05-21,5320,高橋,0,25,-25,,38.0
2026-05-21,5382,第一台中,0,3,-3,,37.9
2026-05-21,585U,統一南京,0,1000,-1000,,37.1
2026-05-21,888A,國泰館前,3,0,3,37.9,
2026-05-21,888K,國泰板橋,1000,0,1000,36.9,
2026-05-21,9101,群益敦南,2000,0,2000,36.95,
2026-05-21,9183,群益高雄,1000,0,1000,37.0,
2026-05-21,920A,凱基板橋,0,1000,-1000,,36.9
2026-05-21,9268,凱基台北,1000,3000,-2000,36.9,37.15
2026-05-21,9623,富邦台北,1000,1000,0,37.4,37.95
2026-05-21,9655,富邦板橋,1000,0,1000,37.1,
2026-05-21,983N,元大大安,0,1000,-1000,,37.0
2026-05-21,989P,元大敦南,1000,0,1000,37.95,
2026-05-21,9A00,永豐金,3000,1000,2000,37.15,36.9
2026-05-22,1650,瑞銀,1000,1000,0,36.8,36.7
2026-05-22,5382,第一台中,0,10,-10,,36.85
2026-05-22,611A,中銀豐原,5000,0,5000,36.7,
2026-05-22,6160,中國信託,150,0,150,36.9,
2026-05-22,6163,中信託永,1000,0,1000,36.75,
2026-05-22,6380,光和,2000,0,2000,36.8,
2026-05-22,6381,光和溪湖,1000,0,1000,36.7,
2026-05-22,6464,大昌新店,4000,0,4000,36.75,
2026-05-22,8564,新光台南,0,3000,-3000,,36.75
2026-05-22,8565,新光桃園,1000,0,1000,36.8,
2026-05-22,884B,玉山台中,1000,0,1000,37.0,
2026-05-22,884D,玉山左營,1000,0,1000,36.8,
2026-05-22,8888,國泰敦南,10,12200,-12190,36.9,36.8016
2026-05-22,888A,國泰館前,0,5,-5,,36.9
2026-05-22,9101,群益敦南,2000,0,2000,36.7,
2026-05-22,9184,群益台中,1000,0,1000,36.75,
2026-05-22,9188,群益三民,0,1000,-1000,,36.7
2026-05-22,918J,群益永和,1000,1000,0,36.75,36.75
2026-05-22,921E,凱基三峽,4000,0,4000,36.8,
2026-05-22,9229,凱基中山,1000,0,1000,36.7,
2026-05-22,9268,凱基台北,5000,1000,4000,36.8,36.75
2026-05-22,9288,凱基埔墘,1000,0,1000,36.75,
2026-05-22,9623,富邦台北,1000,0,1000,36.75,
2026-05-22,9814,元大大益,1000,0,1000,36.7,
2026-05-22,981Z,元大潮州,0,15000,-15000,,36.79
2026-05-22,9831,元大四維,5,0,5,36.8,
2026-05-22,9834,元大中壢,0,6000,-6000,,36.7167
2026-05-22,9896,元大台南,0,1000,-1000,,36.8
2026-05-22,989F,元大高雄,50,0,50,36.9,
2026-05-22,989L,元大成功,4000,1000,3000,36.8,36.75
2026-05-22,9A9X,永豐竹科,2000,0,2000,36.75,
2026-05-22,9B00,台新證券,1000,0,1000,37.0,
2026-05-22,9B2z,台新文心,1000,0,1000,36.8,
2026-05-25,1029,合庫鳳山,0,10000,-10000,,36.45
2026-05-25,1042,臺銀臺南,200,0,200,37.0,
2026-05-25,104C,臺銀高雄,100,0,100,36.75,
2026-05-25,1470,台灣摩根,1000,0,1000,36.45,
2026-05-25,1650,瑞銀,0,1000,-1000,,36.45
2026-05-25,5382,第一台中,0,10,-10,,36.65
2026-05-25,538W,第一華江,1000,0,1000,36.85,
2026-05-25,585D,統一新台中,0,1000,-1000,,36.45
2026-05-25,6160,中國信託,200,0,200,36.8,
2026-05-25,8380,安泰,1000,0,1000,36.45,
2026-05-25,8562,新光高雄,50,0,50,36.45,
2026-05-25,8843,玉山高雄,0,1000,-1000,,36.5
2026-05-25,8847,玉山台南,9000,760,8240,36.4611,36.8009
2026-05-25,884C,玉山信義,100,0,100,36.7,
2026-05-25,884E,玉山城中,1000,0,1000,36.45,
2026-05-25,8888,國泰敦南,1010,1000,10,36.7015,36.5
2026-05-25,9101,群益敦南,1000,0,1000,36.5,
2026-05-25,918E,群益南京,2000,0,2000,36.5,
2026-05-25,918J,群益永和,1000,0,1000,36.75,
2026-05-25,9268,凱基台北,2000,2000,0,36.65,36.6
2026-05-25,9275,凱基三多,1000,0,1000,36.45,
2026-05-25,9288,凱基埔墘,0,1000,-1000,,36.45
2026-05-25,962Q,富邦北高,0,2000,-2000,,36.5
2026-05-25,9693,富邦新營,1000,0,1000,36.45,
2026-05-25,981B,元大竹北,2000,0,2000,36.45,
2026-05-25,981Z,元大潮州,0,1000,-1000,,36.5
2026-05-25,9825,元大新營,0,67,-67,,36.5515
2026-05-25,9858,元大龍潭,100,0,100,36.65,
2026-05-25,9862,元大南京,0,1000,-1000,,36.85
2026-05-25,988V,元大長庚,0,1000,-1000,,36.45
2026-05-25,989F,元大高雄,1000,0,1000,36.5,
2026-05-25,989V,元大北重,71,0,71,36.65,
2026-05-25,9A00,永豐金,0,4000,-4000,,36.65
2026-05-25,9A89,永豐敦北,0,1,-1,,37.0
2026-05-25,9B20,台新台北,7,0,7,36.85,
2026-05-25,9B2m,台新成功,1000,0,1000,36.55,
2026-05-26,1023,合庫高雄,0,1000,-1000,,36.5
2026-05-26,1042,臺銀臺南,200,0,200,36.3,
2026-05-26,104C,臺銀高雄,1200,0,1200,36.35,
2026-05-26,1470,台灣摩根,0,1000,-1000,,36.3
2026-05-26,5382,第一台中,0,10,-10,,36.45
2026-05-26,5384,第一台南,1000,0,1000,36.3,
2026-05-26,538W,第一華江,1000,0,1000,36.35,
2026-05-26,6160,中國信託,200,0,200,36.2,
2026-05-26,6451,永全南崁,10000,0,10000,36.3,
2026-05-26,8492,京城嘉義,0,1000,-1000,,36.35
2026-05-26,8581,聯邦高雄,276,0,276,36.2,
2026-05-26,8847,玉山台南,2000,956,1044,36.35,36.2678
2026-05-26,8882,國泰台中,10,0,10,36.3,
2026-05-26,8886,國泰新莊,55,0,55,36.4,
2026-05-26,8888,國泰敦南,1010,1000,10,36.2495,36.65
2026-05-26,918J,群益永和,0,1000,-1000,,36.5
2026-05-26,9206,凱基高雄,54,0,54,36.5,
2026-05-26,9268,凱基台北,1000,2000,-1000,36.35,36.4
2026-05-26,9274,凱基鳳山,1000,0,1000,36.4,
2026-05-26,961Y,富邦屏東,0,15000,-15000,,36.29
2026-05-26,9623,富邦台北,1000,0,1000,36.2,
2026-05-26,9667,富邦台南,0,6000,-6000,,36.35
2026-05-26,9676,富邦仁愛,0,200,-200,,36.5
2026-05-26,9686,富邦宜蘭,0,1,-1,,36.6
2026-05-26,9692,富邦嘉義,0,1000,-1000,,36.65
2026-05-26,9800,元大,1000,1000,0,36.5,36.35
2026-05-26,981B,元大竹北,7000,0,7000,36.35,
2026-05-26,981q,元大萬華,1000,0,1000,36.35,
2026-05-26,9825,元大新營,0,320,-320,,36.2
2026-05-26,9831,元大四維,95,0,95,36.5,
2026-05-26,9833,元大敦化,1000,0,1000,36.2,
2026-05-26,9858,元大龍潭,200,0,200,36.2,
2026-05-26,989G,元大大同,50,0,50,36.6,
2026-05-26,989J,元大彰生,4,0,4,36.45,
2026-05-26,989V,元大北重,10,0,10,36.2,
2026-05-26,9A00,永豐金,1000,2000,-1000,36.5,36.4
2026-05-26,9A92,永豐萬盛,0,1000,-1000,,36.35
2026-05-26,9A9S,永豐南京,2000,0,2000,36.35,
2026-05-26,9B1n,台新屏東,0,2000,-2000,,36.35
2026-05-26,9B21,台新九如,123,0,123,36.2,
2026-05-26,9B2z,台新文心,3000,0,3000,36.6,
2026-05-27,1470,台灣摩根,1000,1000,0,37.0,36.9
2026-05-27,5382,第一台中,0,15,-15,,36.75
2026-05-27,538Y,第一中壢,30,0,30,36.75,
2026-05-27,5856,統一台中,3,0,3,36.75,
2026-05-27,585H,統一桃園,40,0,40,37.0,
2026-05-27,6620,口袋,1,0,1,37.0,
2026-05-27,8847,玉山台南,0,284,-284,,36.9621
2026-05-27,8881,國泰高雄,25,0,25,36.75,
2026-05-27,918A,群益中壢,200,0,200,37.0,
2026-05-27,9275,凱基三多,0,1000,-1000,,36.9
2026-05-27,9302,華南台中,1000,0,1000,36.8,
2026-05-27,9623,富邦台北,0,1000,-1000,,36.9
2026-05-27,9667,富邦台南,0,1000,-1000,,36.8
2026-05-27,989P,元大敦南,2000,0,2000,36.9,
2026-05-27,9B2X,台新草屯,1000,0,1000,36.9,
2026-05-27,9B2m,台新成功,0,1000,-1000,,37.0
2026-05-28,1029,合庫鳳山,40000,0,40000,36.1862,
2026-05-28,102F,合庫西台,5000,0,5000,36.3,
2026-05-28,1043,臺銀民權,0,1000,-1000,,36.0
2026-05-28,104C,臺銀高雄,1100,0,1100,35.8273,
2026-05-28,1470,台灣摩根,2000,0,2000,36.275,
2026-05-28,1480,美商高盛,0,1000,-1000,,36.35
2026-05-28,1590,花旗環球,1000,0,1000,36.4,
2026-05-28,1650,瑞銀,0,3000,-3000,,36.0
2026-05-28,5264,美好高雄,0,1000,-1000,,36.2
2026-05-28,538W,第一華江,0,2000,-2000,,35.975
2026-05-28,538Y,第一中壢,53,0,53,35.8,
2026-05-28,5850,統一,0,1000,-1000,,36.45
2026-05-28,5853,統一中壢,1000,1000,0,36.4,36.45
2026-05-28,601d,?亞鑫豐,1000,0,1000,36.1,
2026-05-28,6160,中國信託,200,1000,-800,36.2,36.1
2026-05-28,6164,中信託文,1000,0,1000,36.1,
2026-05-28,6464,大昌新店,1000,0,1000,36.3,
2026-05-28,6620,口袋,6,0,6,35.8,
2026-05-28,8380,安泰,300,0,300,36.2,
2026-05-28,8440,摩根大通,0,1000,-1000,,36.2
2026-05-28,845D,康和板橋,94,0,94,35.8936,
2026-05-28,8561,新光台中,90,0,90,35.95,
2026-05-28,8562,新光高雄,50,0,50,35.8,
2026-05-28,8841,玉山雙和,0,15,-15,,36.0
2026-05-28,8843,玉山高雄,0,1000,-1000,,36.0
2026-05-28,8847,玉山台南,0,12000,-12000,,36.175
2026-05-28,8849,玉山景美,0,1000,-1000,,36.1
2026-05-28,884H,玉山新竹,100,0,100,35.8,
2026-05-28,8881,國泰高雄,5,0,5,36.2,
2026-05-28,8888,國泰敦南,30,0,30,36.0,
2026-05-28,888A,國泰館前,3,0,3,36.25,
2026-05-28,918J,群益永和,1000,1000,0,36.4,36.4
2026-05-28,918L,群益建成,30,0,30,35.9333,
2026-05-28,920A,凱基板橋,1000,0,1000,35.95,
2026-05-28,9268,凱基台北,3000,26000,-23000,36.0667,36.1327
2026-05-28,9302,華南台中,1000,0,1000,36.1,
2026-05-28,9308,華南麻豆,140,0,140,36.0,
2026-05-28,9328,華南潮州,0,4060,-4060,,36.2
2026-05-28,9363,華南彰化,3,0,3,35.9333,
2026-05-28,9616,富邦岡山,0,4000,-4000,,36.0375
2026-05-28,9623,富邦台北,200,0,200,36.2,
2026-05-28,9654,富邦永和,1000,0,1000,36.0,
2026-05-28,9658,富邦建國,1000,0,1000,36.3,
2026-05-28,9663,富邦敦南,5000,0,5000,36.0,
2026-05-28,9666,富邦南屯,1000,0,1000,36.4,
2026-05-28,9667,富邦台南,0,6000,-6000,,36.05
2026-05-28,9800,元大,1000,0,1000,36.4,
2026-05-28,9814,元大大益,1000,0,1000,36.0,
2026-05-28,981Q,元大太平,1000,0,1000,36.1,
2026-05-28,982B,元大博愛,20,0,20,35.8,
2026-05-28,988V,元大長庚,1000,0,1000,36.0,
2026-05-28,9892,元大屏東,0,1000,-1000,,36.0
2026-05-28,989A,元大北投,0,1000,-1000,,36.5
2026-05-28,989C,元大板橋,0,5000,-5000,,36.1
2026-05-28,989E,元大草屯,1000,0,1000,36.0,
2026-05-28,989G,元大大同,0,1000,-1000,,36.2
2026-05-28,989J,元大彰生,4,0,4,36.25,
2026-05-28,989U,元大大甲,540,0,540,35.8,
2026-05-28,989Y,元大基隆,1014,0,1014,36.0035,
2026-05-28,9A69,永豐屏東,25,0,25,36.0,
2026-05-28,9A9J,永豐板新,1000,1000,0,36.5,36.1
2026-05-28,9A9S,永豐南京,0,2000,-2000,,36.4
2026-05-28,9B18,台新建北,0,1000,-1000,,36.5
2026-05-28,9B1g,台新高雄,0,40,-40,,36.2
2026-05-28,9B1h,台新台中,10000,10000,0,36.2,36.35
2026-05-28,9B29,台新府城,200,0,200,36.25,
2026-05-28,9B2C,台新潮州,1020,0,1020,36.0044,
2026-05-28,9B2U,台新宜蘭,1000,0,1000,36.0,
2026-05-28,9B2Z,台新安南,0,150,-150,,36.2
2026-05-28,9B2q,台新屏新,38,0,38,36.25,
2026-05-28,9B2z,台新文心,1000,0,1000,36.15,
2026-05-29,1029,合庫鳳山,2000,0,2000,36.425,
2026-05-29,1040,臺銀,0,1000,-1000,,36.65
2026-05-29,104A,臺銀臺中,0,1000,-1000,,36.55
2026-05-29,1470,台灣摩根,0,2000,-2000,,36.7
2026-05-29,1650,瑞銀,1000,0,1000,36.5,
2026-05-29,5382,第一台中,0,5,-5,,36.15
2026-05-29,5850,統一,0,1000,-1000,,36.65
2026-05-29,845D,康和板橋,5,0,5,36.15,
2026-05-29,8560,新光,0,4000,-4000,,36.5
2026-05-29,8561,新光台中,0,90,-90,,36.65
2026-05-29,8565,新光桃園,2000,3000,-1000,36.525,36.7667
2026-05-29,8888,國泰敦南,1000,1000,0,36.35,36.5
2026-05-29,888A,國泰館前,0,1003,-1003,,36.5493
2026-05-29,9135,群益東大,1000,0,1000,37.0,
2026-05-29,920A,凱基板橋,1000,0,1000,36.55,
2026-05-29,9268,凱基台北,7000,4000,3000,36.6286,36.625
2026-05-29,9288,凱基埔墘,1000,1000,0,36.7,37.9
2026-05-29,9309,華南古亭,3,0,3,36.3,
2026-05-29,9604,富邦陽明,1000,0,1000,36.5,
2026-05-29,9625,富邦竹東,1,0,1,36.55,
2026-05-29,9825,元大新營,0,1,-1,,36.55
2026-05-29,9884,元大斗信,90,0,90,36.65,
2026-05-29,989P,元大敦南,2000,0,2000,37.525,
2026-05-29,989V,元大北重,64,0,64,36.35,
2026-05-29,9A00,永豐金,1000,64,936,36.75,36.35
2026-05-29,9A9d,永豐古亭,0,1000,-1000,,36.7
2026-06-01,1022,合庫台南,0,5000,-5000,,36.8
2026-06-01,1029,合庫鳳山,0,1000,-1000,,36.9
2026-06-01,1040,臺銀,0,1000,-1000,,37.0
2026-06-01,1042,臺銀臺南,0,4000,-4000,,36.55
2026-06-01,104D,臺銀金山,1000,0,1000,37.45,
2026-06-01,1111,企銀台中,100,0,100,36.5,
2026-06-01,1470,台灣摩根,4000,0,4000,36.85,
2026-06-01,1480,美商高盛,1000,0,1000,36.85,
2026-06-01,1590,花旗環球,1000,0,1000,36.8,
2026-06-01,1650,瑞銀,1000,1000,0,36.85,36.85
2026-06-01,5382,第一台中,0,15,-15,,36.6
2026-06-01,5856,統一台中,10,0,10,36.5,
2026-06-01,6160,中國信託,0,1000,-1000,,36.85
2026-06-01,8380,安泰,0,1000,-1000,,36.8
2026-06-01,8562,新光高雄,1000,1000,0,36.85,36.75
2026-06-01,8888,國泰敦南,0,2000,-2000,,36.8
2026-06-01,920Z,凱基台東,4000,0,4000,36.55,
2026-06-01,9268,凱基台北,2000,2000,0,36.8,36.825
2026-06-01,9300,華南永昌,2000,0,2000,36.8,
2026-06-01,9319,華南鶯歌,0,100,-100,,36.5
2026-06-01,9677,富邦三重,5,0,5,36.8,
2026-06-01,9686,富邦宜蘭,1000,0,1000,36.8,
2026-06-01,9692,富邦嘉義,0,1000,-1000,,36.85
2026-06-01,9800,元大,1000,1000,0,37.0,37.45
2026-06-01,981E,元大發財,1000,0,1000,36.8,
2026-06-01,9825,元大新營,0,1000,-1000,,36.85
2026-06-01,9831,元大四維,1000,0,1000,36.85,
2026-06-01,989F,元大高雄,0,1000,-1000,,36.85
2026-06-01,989P,元大敦南,4000,0,4000,36.85,
2026-06-01,9B1g,台新高雄,0,1000,-1000,,37.0
2026-06-01,9B2N,台新虎尾,0,1000,-1000,,36.85
2026-06-02,103C,土銀白河,0,5000,-5000,,36.69
2026-06-02,1480,美商高盛,1000,0,1000,36.6,
2026-06-02,1650,瑞銀,0,1000,-1000,,36.9
2026-06-02,5382,第一台中,0,10,-10,,36.85
2026-06-02,611A,中銀豐原,5000,0,5000,36.6,
2026-06-02,6160,中國信託,104,0,104,36.85,
2026-06-02,6163,中信託永,2000,0,2000,36.85,
2026-06-02,6164,中信託文,0,1000,-1000,,36.8
2026-06-02,7006,兆豐台南,2000,0,2000,36.7,
2026-06-02,845D,康和板橋,0,32,-32,,36.6
2026-06-02,8560,新光,0,6000,-6000,,36.6
2026-06-02,8886,國泰新莊,0,400,-400,,36.8501
2026-06-02,8888,國泰敦南,201,0,201,36.9995,
2026-06-02,888A,國泰館前,0,3,-3,,36.85
2026-06-02,9131,群益民權,32,0,32,36.6,
2026-06-02,920A,凱基板橋,2000,0,2000,36.55,
2026-06-02,9268,凱基台北,3000,0,3000,36.8,
2026-06-02,9288,凱基埔墘,1000,1000,0,36.65,36.45
2026-06-02,962C,富邦竹科,271,0,271,36.85,
2026-06-02,981G,元大彰化,0,1000,-1000,,37.0
2026-06-02,981r,元大屏南,1000,0,1000,36.7,
2026-06-02,9834,元大中壢,0,4000,-4000,,36.725
2026-06-02,9858,元大龍潭,1000,0,1000,36.8,
2026-06-02,989C,元大板橋,1000,0,1000,36.75,
2026-06-02,989F,元大高雄,0,200,-200,,37.0
2026-06-02,9B2q,台新屏新,37,0,37,36.85,
2026-06-03,5382,第一台中,0,20,-20,,36.45
2026-06-03,7790,國票綜合,133,0,133,36.5,
2026-06-03,8440,摩根大通,1000,0,1000,36.6,
2026-06-03,8562,新光高雄,1000,1000,0,36.55,36.45
2026-06-03,884M,玉山數位,0,1000,-1000,,36.45
2026-06-03,888A,國泰館前,0,3,-3,,36.45
2026-06-03,918E,群益南京,0,1000,-1000,,36.55
2026-06-03,9205,凱基三重,1000,0,1000,36.5,
2026-06-03,920M,凱基宜蘭,1000,0,1000,36.45,
2026-06-03,9268,凱基台北,3000,0,3000,36.6333,
2026-06-03,9337,華南內壢,1000,0,1000,36.6,
2026-06-03,961Y,富邦屏東,0,1000,-1000,,36.95
2026-06-03,9634,富邦羅東,15,0,15,36.5,
2026-06-03,9655,富邦板橋,0,1000,-1000,,36.55
2026-06-03,9677,富邦三重,30,0,30,36.5,
2026-06-03,981C,元大路竹,1000,0,1000,36.45,
2026-06-03,981E,元大發財,1000,0,1000,36.55,
2026-06-03,981G,元大彰化,0,1000,-1000,,36.6
2026-06-03,9825,元大新營,0,30,-30,,36.5
2026-06-03,9859,元大經國,0,1000,-1000,,36.5
2026-06-03,9A00,永豐金,0,158,-158,,36.5
2026-06-03,9A9J,永豐板新,1000,1000,0,36.6,36.45
2026-06-03,9B00,台新證券,33,0,33,36.4652,
2026-06-03,9B2P,台新同大,0,2000,-2000,,36.6
2026-06-03,9B2m,台新成功,0,1000,-1000,,36.5
2026-06-04,104C,臺銀高雄,1000,0,1000,36.25,
2026-06-04,5382,第一台中,0,20,-20,,36.4625
2026-06-04,538C,第一光復,1000,0,1000,36.2,
2026-06-04,6167,中信松江,1000,0,1000,36.2,
2026-06-04,7080,石橋,2000,0,2000,36.2,
2026-06-04,7790,國票綜合,0,132,-132,,36.4595
2026-06-04,8560,新光,0,1000,-1000,,36.2
2026-06-04,8565,新光桃園,1000,1000,0,36.25,36.35
2026-06-04,8888,國泰敦南,0,148,-148,,36.45
2026-06-04,920M,凱基宜蘭,0,1000,-1000,,36.25
2026-06-04,920Z,凱基台東,3000,0,3000,36.2,
2026-06-04,9211,凱基台南,0,11000,-11000,,36.2273
2026-06-04,9268,凱基台北,4000,0,4000,36.3375,
2026-06-04,9302,華南台中,1000,0,1000,36.35,
2026-06-04,9623,富邦台北,1000,0,1000,36.15,
2026-06-04,965U,富邦彰化,20,0,20,36.45,
2026-06-04,989L,元大成功,1000,0,1000,36.35,
2026-06-04,9A00,永豐金,250,0,250,36.45,
2026-06-04,9A9M,永豐南投,30,0,30,36.5,
2026-06-04,9B1g,台新高雄,0,2000,-2000,,36.4
2026-06-05,1043,臺銀民權,0,3000,-3000,,36.2
2026-06-05,1560,港商野村,1000,0,1000,36.2,
2026-06-05,2181,亞東板橋,0,1000,-1000,,36.25
2026-06-05,5382,第一台中,0,10,-10,,36.4
2026-06-05,538C,第一光復,0,1000,-1000,,36.95
2026-06-05,6380,光和,2000,0,2000,36.2,
2026-06-05,7790,國票綜合,0,1,-1,,36.45
2026-06-05,845D,康和板橋,55,0,55,36.2,
2026-06-05,8565,新光桃園,2000,2000,0,36.225,36.6
2026-06-05,8843,玉山高雄,0,55,-55,,36.2
2026-06-05,8882,國泰台中,0,59,-59,,36.45
2026-06-05,8888,國泰敦南,10,0,10,36.4,
2026-06-05,918E,群益南京,0,1000,-1000,,36.9
2026-06-05,918s,群益丹鳳,1000,0,1000,36.2,
2026-06-05,9268,凱基台北,3000,0,3000,36.35,
2026-06-05,9636,富邦中壢,30,0,30,36.45,
2026-06-05,9686,富邦宜蘭,4000,0,4000,36.7625,
2026-06-05,9852,元大永春,0,1000,-1000,,36.2
2026-06-05,9A00,永豐金,0,3000,-3000,,36.35
2026-06-05,9A9W,永豐市政,30,0,30,36.45,
2026-06-05,9B1y,台新中壢,0,1000,-1000,,36.2
2026-06-08,1042,臺銀臺南,300,0,300,36.5,
2026-06-08,1045,臺銀新竹,1,0,1,36.2,
2026-06-08,104C,臺銀高雄,1000,1000,0,35.85,36.05
2026-06-08,1480,美商高盛,0,1000,-1000,,36.05
2026-06-08,1590,花旗環球,0,1000,-1000,,36.05
2026-06-08,1650,瑞銀,0,1000,-1000,,35.85
2026-06-08,5382,第一台中,0,13,-13,,36.4692
2026-06-08,6163,中信託永,1000,0,1000,35.85,
2026-06-08,8440,摩根大通,0,1000,-1000,,36.05
2026-06-08,845D,康和板橋,0,103,-103,,36.4427
2026-06-08,8565,新光桃園,1000,0,1000,36.05,
2026-06-08,8882,國泰台中,0,250,-250,,36.5
2026-06-08,8888,國泰敦南,1028,0,1028,35.9595,
2026-06-08,888A,國泰館前,0,3,-3,,36.5
2026-06-08,918u,群益瑞豐,40,0,40,36.49,
2026-06-08,9268,凱基台北,5000,4000,1000,35.97,35.975
2026-06-08,9272,凱基竹科,0,1000,-1000,,35.95
2026-06-08,961K,富邦七賢,1000,0,1000,35.95,
2026-06-08,962B,富邦二林,0,1000,-1000,,36.0
2026-06-08,9686,富邦宜蘭,7000,0,7000,36.0071,
2026-06-08,981S,元大崇德,1000,0,1000,35.9,
2026-06-08,989N,元大內湖,0,5000,-5000,,35.95
2026-06-08,9B2D,台新大昌,0,2000,-2000,,35.9
2026-06-09,1029,合庫鳳山,9000,0,9000,35.9,
2026-06-09,1043,臺銀民權,0,27000,-27000,,35.9148
2026-06-09,104C,臺銀高雄,4,0,4,36.35,
2026-06-09,104D,臺銀金山,1000,0,1000,36.0,
2026-06-09,1470,台灣摩根,0,1000,-1000,,35.75
2026-06-09,1590,花旗環球,0,1000,-1000,,35.9
2026-06-09,1650,瑞銀,0,1000,-1000,,35.65
2026-06-09,5382,第一台中,0,5,-5,,36.35
2026-06-09,5384,第一台南,1000,0,1000,35.7,
2026-06-09,601d,?亞鑫豐,1000,0,1000,35.6,
2026-06-09,616K,中信託高,1000,0,1000,35.8,
2026-06-09,6380,光和,1000,0,1000,35.75,
2026-06-09,7080,石橋,2000,0,2000,35.85,
2026-06-09,8440,摩根大通,0,1000,-1000,,36.3
2026-06-09,845D,康和板橋,0,19,-19,,36.3
2026-06-09,8562,新光高雄,1000,1000,0,36.0,35.6
2026-06-09,8565,新光桃園,1000,0,1000,35.8,
2026-06-09,8710,陽信,0,1000,-1000,,36.0
2026-06-09,9131,群益民權,3,0,3,35.9,
2026-06-09,9137,群益士林,1000,0,1000,35.9,
2026-06-09,918c,群益鳳山,1000,0,1000,35.7,
2026-06-09,918d,群益內湖,1000,0,1000,35.7,
2026-06-09,920Z,凱基台東,3000,0,3000,36.0,
2026-06-09,9268,凱基台北,1000,7000,-6000,36.3,35.8429
2026-06-09,9288,凱基埔墘,1000,1000,0,35.95,35.7
2026-06-09,9328,華南潮州,10,0,10,36.44,
2026-06-09,9337,華南內壢,1000,0,1000,35.95,
2026-06-09,9386,華南東昇,1000,0,1000,35.65,
2026-06-09,9686,富邦宜蘭,4000,0,4000,35.9,
2026-06-09,981n,元大旗山,2000,0,2000,35.85,
2026-06-09,9852,元大永春,1000,0,1000,35.9,
2026-06-09,9859,元大經國,0,1000,-1000,,35.75
2026-06-09,9884,元大斗信,2000,10,1990,35.85,36.0
2026-06-09,989G,元大大同,10,0,10,36.0,
2026-06-09,989L,元大成功,1000,0,1000,36.05,
2026-06-09,9A00,永豐金,1000,0,1000,36.0,
2026-06-09,9A9D,永豐忠孝,0,1,-1,,36.45
2026-06-09,9A9J,永豐板新,1000,1000,0,35.9,35.7
2026-06-09,9B00,台新證券,8,1000,-992,36.3,35.9
2026-06-09,9B2m,台新成功,2000,0,2000,35.85,
2026-06-09,9B2u,台新世貿,1000,0,1000,35.8,
2026-06-09,9B2z,台新文心,1000,0,1000,35.9,
2026-06-10,1029,合庫鳳山,12000,0,12000,35.7583,
2026-06-10,1042,臺銀臺南,10,0,10,36.0,
2026-06-10,104C,臺銀高雄,1000,0,1000,35.55,
2026-06-10,1470,台灣摩根,0,2000,-2000,,35.625
2026-06-10,1480,美商高盛,0,2000,-2000,,35.8
2026-06-10,1650,瑞銀,0,1000,-1000,,35.8
2026-06-10,5382,第一台中,0,5,-5,,36.0
2026-06-10,538C,第一光復,1000,0,1000,35.6,
2026-06-10,616K,中信託高,1000,0,1000,35.55,
2026-06-10,6620,口袋,3,0,3,36.0,
2026-06-10,8563,新光新竹,1000,1000,0,35.65,35.8
2026-06-10,8565,新光桃園,2000,2000,0,35.625,35.85
2026-06-10,8882,國泰台中,0,5,-5,,36.0
2026-06-10,8888,國泰敦南,0,1000,-1000,,36.55
2026-06-10,888A,國泰館前,0,3,-3,,36.0
2026-06-10,918x,群益延平,1000,0,1000,35.6,
2026-06-10,9200,凱基,0,1000,-1000,,35.65
2026-06-10,9202,凱基中港,0,1000,-1000,,36.1
2026-06-10,9268,凱基台北,0,11000,-11000,,35.6591
2026-06-10,9623,富邦台北,1000,0,1000,35.7,
2026-06-10,9686,富邦宜蘭,2000,0,2000,35.55,
2026-06-10,9800,元大,5000,0,5000,36.04,
2026-06-10,9859,元大經國,0,1000,-1000,,35.55
2026-06-10,9A00,永豐金,0,2000,-2000,,35.575
2026-06-10,9A9a,永豐苓雅,1000,0,1000,35.8,
2026-06-10,9B1g,台新高雄,0,3000,-3000,,35.8167
2026-06-10,9B2m,台新成功,1000,1000,0,35.55,35.8
2026-06-11,1029,合庫鳳山,10000,0,10000,35.87,
2026-06-11,1045,臺銀新竹,0,1,-1,,36.0
2026-06-11,1470,台灣摩根,0,1000,-1000,,35.8
2026-06-11,1480,美商高盛,1000,1000,0,35.65,35.8
2026-06-11,538C,第一光復,0,1000,-1000,,36.35
2026-06-11,538W,第一華江,0,1000,-1000,,36.25
2026-06-11,601d,?亞鑫豐,1000,0,1000,35.6,
2026-06-11,8440,摩根大通,1000,1000,0,36.0,35.8
2026-06-11,8492,京城嘉義,0,1000,-1000,,35.65
2026-06-11,8563,新光新竹,1000,1000,0,35.5,35.8
2026-06-11,8843,玉山高雄,0,47,-47,,36.0
2026-06-11,8888,國泰敦南,0,1000,-1000,,36.0
2026-06-11,888A,國泰館前,0,3,-3,,36.0
2026-06-11,9268,凱基台北,1000,6000,-5000,35.8,35.7167
2026-06-11,9288,凱基埔墘,1000,1000,0,35.65,36.25
2026-06-11,9319,華南鶯歌,0,252,-252,,36.0
2026-06-11,9800,元大,5000,0,5000,36.29,
2026-06-11,981n,元大旗山,0,2000,-2000,,36.3
2026-06-11,981q,元大萬華,0,1000,-1000,,35.65
2026-06-11,9862,元大南京,0,1000,-1000,,35.9
2026-06-11,9894,元大桃興,0,1000,-1000,,36.0
2026-06-11,989G,元大大同,53,0,53,36.0,
2026-06-11,9A00,永豐金,250,0,250,36.0,
2026-06-11,9B2U,台新宜蘭,0,1000,-1000,,35.9
2026-06-11,9B2m,台新成功,1000,1000,0,35.5,35.8
2026-06-12,1470,台灣摩根,0,1000,-1000,,36.55
2026-06-12,5382,第一台中,0,5,-5,,36.0
2026-06-12,8440,摩根大通,1000,0,1000,36.15,
2026-06-12,8562,新光高雄,1000,1000,0,36.15,36.7
2026-06-12,8881,國泰高雄,0,1000,-1000,,36.55
2026-06-12,8882,國泰台中,0,1000,-1000,,36.15
2026-06-12,920A,凱基板橋,1000,0,1000,36.1,
2026-06-12,9268,凱基台北,0,1000,-1000,,36.6
2026-06-12,9337,華南內壢,0,2000,-2000,,36.55
2026-06-12,962A,富邦南港,1000,0,1000,36.25,
2026-06-12,9800,元大,5000,0,5000,36.78,
2026-06-12,981B,元大竹北,4000,0,4000,36.55,
2026-06-12,981Z,元大潮州,0,1000,-1000,,37.0
2026-06-12,982C,元大六合,0,1000,-1000,,36.15
2026-06-12,9896,元大台南,0,1000,-1000,,36.85
2026-06-12,989G,元大大同,5,0,5,36.0,
2026-06-12,9A00,永豐金,1000,0,1000,36.6,
2026-06-12,9A9J,永豐板新,10,0,10,39.0,
2026-06-12,9B29,台新府城,0,10,-10,,39.0
2026-06-12,9B2m,台新成功,0,2000,-2000,,36.675
2026-06-12,9B2w,台新佳里,0,2000,-2000,,36.175
2026-06-15,1040,臺銀,2,0,2,35.9,
2026-06-15,104C,臺銀高雄,208,0,208,35.9,
2026-06-15,1590,花旗環球,1000,0,1000,36.3,
2026-06-15,5382,第一台中,0,5,-5,,35.9
2026-06-15,700g,兆豐南門,1000,0,1000,36.1,
2026-06-15,779e,國票南科,79,0,79,35.9,
2026-06-15,8440,摩根大通,1082,0,1082,36.0152,
2026-06-15,845D,康和板橋,609,0,609,35.9,
2026-06-15,8562,新光高雄,1000,1000,0,36.3,36.0
2026-06-15,8848,玉山嘉義,1000,0,1000,36.2,
2026-06-15,8888,國泰敦南,0,1000,-1000,,36.4
2026-06-15,918J,群益永和,0,5000,-5000,,36.01
2026-06-15,9200,凱基,1000,0,1000,36.9,
2026-06-15,920A,凱基板橋,1000,0,1000,36.05,
2026-06-15,9268,凱基台北,1000,2000,-1000,36.4,36.55
2026-06-15,9319,華南鶯歌,0,100,-100,,35.9
2026-06-15,9363,華南彰化,0,1000,-1000,,36.1
2026-06-15,9634,富邦羅東,20,0,20,35.9,
2026-06-15,9825,元大新營,0,82,-82,,36.2
2026-06-15,9884,元大斗信,83,0,83,35.9,
2026-06-15,989E,元大草屯,1000,0,1000,36.0,
2026-06-15,9A00,永豐金,1000,0,1000,36.0,
2026-06-15,9A9h,永豐台南,0,896,-896,,35.9
2026-06-15,9B1g,台新高雄,0,1000,-1000,,36.1
2026-06-15,9B2m,台新成功,1000,0,1000,36.1,
2026-06-15,9B2q,台新屏新,2000,0,2000,36.0,
2026-06-15,9B2w,台新佳里,0,2000,-2000,,36.3
2026-06-16,1470,台灣摩根,3000,0,3000,36.0333,
2026-06-16,1480,美商高盛,1000,1000,0,35.95,35.95
2026-06-16,1590,花旗環球,1000,0,1000,36.0,
2026-06-16,1650,瑞銀,0,1000,-1000,,35.9
2026-06-16,5382,第一台中,0,5,-5,,36.0
2026-06-16,700Z,兆豐高雄,0,2000,-2000,,36.0
2026-06-16,845D,康和板橋,0,145,-145,,36.3914
2026-06-16,8565,新光桃園,1000,1000,0,36.0,35.95
2026-06-16,9131,群益民權,100,0,100,36.5,
2026-06-16,920A,凱基板橋,1000,0,1000,35.9,
2026-06-16,9268,凱基台北,1000,0,1000,35.95,
2026-06-16,9326,華南南京,0,1,-1,,36.0
2026-06-16,9800,元大,1000,0,1000,36.0,
2026-06-16,981Z,元大潮州,0,2000,-2000,,36.0
2026-06-16,9856,元大花蓮,0,1000,-1000,,36.0
2026-06-16,9893,元大大天,0,1000,-1000,,35.95
2026-06-16,989A,元大北投,0,1000,-1000,,36.1
2026-06-16,9A00,永豐金,1000,0,1000,36.0,
2026-06-16,9A9M,永豐南投,6,0,6,36.0,
2026-06-16,9B1g,台新高雄,0,1000,-1000,,36.0
2026-06-16,9B1h,台新台中,45,0,45,36.15,
2026-06-16,9B2m,台新成功,1000,0,1000,35.95,
2026-06-17,1029,合庫鳳山,3000,0,3000,35.85,
2026-06-17,104C,臺銀高雄,200,0,200,36.0,
2026-06-17,1470,台灣摩根,1000,1000,0,36.0,35.8
2026-06-17,1480,美商高盛,0,1000,-1000,,36.0
2026-06-17,5382,第一台中,0,5,-5,,35.9
2026-06-17,538Y,第一中壢,5,0,5,35.9,
2026-06-17,8562,新光高雄,18,0,18,36.0,
2026-06-17,8565,新光桃園,1000,1000,0,35.7,36.1
2026-06-17,8888,國泰敦南,0,1300,-1300,,35.8077
2026-06-17,888A,國泰館前,0,8,-8,,36.0
2026-06-17,888K,國泰板橋,1000,0,1000,36.1,
2026-06-17,920Z,凱基台東,3000,0,3000,35.7,
2026-06-17,962D,富邦新莊,2,0,2,36.0,
2026-06-17,9834,元大中壢,0,5000,-5000,,35.7
2026-06-17,989A,元大北投,0,1000,-1000,,35.8
2026-06-17,989V,元大北重,10,0,10,36.0,
2026-06-17,9A9J,永豐板新,1000,0,1000,35.8,
2026-06-17,9A9M,永豐南投,40,0,40,36.0,
2026-06-17,9B2m,台新成功,1000,1000,0,35.7,36.0
2026-06-17,9B2q,台新屏新,38,0,38,36.0,
2026-06-18,1029,合庫鳳山,14000,0,14000,35.7964,
2026-06-18,1040,臺銀,1000,0,1000,35.85,
2026-06-18,104C,臺銀高雄,1000,0,1000,35.7,
2026-06-18,1111,企銀台中,80,0,80,36.0,
2026-06-18,1590,花旗環球,1000,1000,0,36.1,35.75
2026-06-18,5382,第一台中,0,5,-5,,35.85
2026-06-18,538W,第一華江,0,1000,-1000,,35.8
2026-06-18,611A,中銀豐原,5000,0,5000,35.8,
2026-06-18,6160,中國信託,196,0,196,36.0,
2026-06-18,779v,國票台中,0,6000,-6000,,35.85
2026-06-18,8382,安泰楠梓,1000,0,1000,36.05,
2026-06-18,845D,康和板橋,0,380,-380,,36.0
2026-06-18,8711,陽信石牌,0,1000,-1000,,36.0
2026-06-18,8882,國泰台中,0,200,-200,,36.0
2026-06-18,888K,國泰板橋,1000,0,1000,36.0,
2026-06-18,9215,凱基高美,1400,0,1400,35.8214,
2026-06-18,9268,凱基台北,4000,0,4000,35.9625,
2026-06-18,9319,華南鶯歌,0,100,-100,,36.0
2026-06-18,961Y,富邦屏東,0,1000,-1000,,36.0
2026-06-18,9814,元大大益,0,1000,-1000,,36.0
2026-06-18,981G,元大彰化,1000,1000,0,35.7,36.0
2026-06-18,981a,元大歸仁,0,1000,-1000,,35.7
2026-06-18,9834,元大中壢,0,19000,-19000,,35.8447
2026-06-18,9859,元大經國,0,1000,-1000,,35.7
2026-06-18,9884,元大斗信,1000,0,1000,35.7,
2026-06-18,989J,元大彰生,4,0,4,36.0,
2026-06-18,9A00,永豐金,3005,0,3005,36.0996,
2026-06-18,9B1g,台新高雄,0,2000,-2000,,35.775
2026-06-18,9B2m,台新成功,2000,1000,1000,35.775,36.05
2026-06-22,1029,合庫鳳山,20000,0,20000,35.7575,
2026-06-22,102F,合庫西台,3000,0,3000,35.65,
2026-06-22,104C,臺銀高雄,106,0,106,36.0,
2026-06-22,5261,美好蘆洲,0,1000,-1000,,35.7
2026-06-22,5382,第一台中,0,10,-10,,36.0
2026-06-22,5853,統一中壢,1000,1000,0,35.75,35.95
2026-06-22,5858,統一嘉義,1000,0,1000,35.8,
2026-06-22,779v,國票台中,0,8000,-8000,,35.6562
2026-06-22,8440,摩根大通,1000,0,1000,35.75,
2026-06-22,845D,康和板橋,0,84,-84,,36.0
2026-06-22,8560,新光,69,0,69,36.0,
2026-06-22,8563,新光新竹,2000,2000,0,35.65,36.0
2026-06-22,8565,新光桃園,2000,2000,0,35.8,35.85
2026-06-22,8847,玉山台南,0,1000,-1000,,35.7
2026-06-22,8881,國泰高雄,10,0,10,36.0,
2026-06-22,8882,國泰台中,1000,0,1000,35.6,
2026-06-22,920Z,凱基台東,2000,2000,0,35.7,36.85
2026-06-22,921E,凱基三峽,0,6000,-6000,,35.65
2026-06-22,9268,凱基台北,2000,2000,0,35.8,35.6
2026-06-22,9288,凱基埔墘,1000,1000,0,36.05,36.8
2026-06-22,9314,華南嘉義,1000,0,1000,35.65,
2026-06-22,9604,富邦陽明,0,2000,-2000,,35.65
2026-06-22,962C,富邦竹科,1000,1000,0,35.7,35.7
2026-06-22,9666,富邦南屯,0,1000,-1000,,35.75
2026-06-22,9814,元大大益,1000,0,1000,35.6,
2026-06-22,981R,元大竹山,0,1000,-1000,,35.7
2026-06-22,981Z,元大潮州,0,3000,-3000,,36.0167
2026-06-22,9825,元大新營,1000,0,1000,35.8,
2026-06-22,9834,元大中壢,0,6000,-6000,,35.6583
2026-06-22,9838,元大豐原,1000,0,1000,35.7,
2026-06-22,9859,元大經國,0,3000,-3000,,35.7833
2026-06-22,9872,元大復北,0,180,-180,,36.0
2026-06-22,989L,元大成功,1000,0,1000,35.7,
2026-06-22,9A9h,永豐台南,1,0,1,36.0,
2026-06-22,9B1g,台新高雄,0,1000,-1000,,35.8
2026-06-22,9B1y,台新中壢,88,0,88,36.0,
2026-06-22,9B21,台新九如,1000,0,1000,35.7,
2026-06-22,9B29,台新府城,5000,5000,0,36.74,35.74
2026-06-22,9B2m,台新成功,5000,5000,0,35.78,36.18
2026-06-22,9B2z,台新文心,1000,0,1000,35.7,
2026-06-23,1029,合庫鳳山,3000,0,3000,35.8333,
2026-06-23,104C,臺銀高雄,195,0,195,36.0179,
2026-06-23,1470,台灣摩根,0,2000,-2000,,35.9
2026-06-23,1560,港商野村,1000,0,1000,35.8,
2026-06-23,538W,第一華江,2000,0,2000,35.85,
2026-06-23,5856,統一台中,10,0,10,36.0,
2026-06-23,601d,?亞鑫豐,1000,0,1000,35.65,
2026-06-23,8382,安泰楠梓,0,1000,-1000,,35.9
2026-06-23,8440,摩根大通,1000,0,1000,35.85,
2026-06-23,8888,國泰敦南,0,1000,-1000,,36.0
2026-06-23,9236,凱基虎尾,0,6000,-6000,,35.85
2026-06-23,9268,凱基台北,5000,0,5000,35.98,
2026-06-23,9274,凱基鳳山,0,155,-155,,36.1
2026-06-23,9275,凱基三多,83,0,83,36.0,
2026-06-23,9363,華南彰化,1,0,1,36.0,
2026-06-23,9604,富邦陽明,0,75,-75,,36.0
2026-06-23,981Q,元大太平,1000,0,1000,35.85,
2026-06-23,981S,元大崇德,0,3000,-3000,,35.8
2026-06-23,981Z,元大潮州,0,3000,-3000,,35.65
2026-06-23,981g,元大大里,1000,0,1000,35.8,
2026-06-23,9859,元大經國,0,1000,-1000,,35.8
2026-06-23,989A,元大北投,0,4000,-4000,,36.0
2026-06-23,989N,元大內湖,0,19,-19,,36.0
2026-06-23,989k,元大古亭,2000,0,2000,36.0,
2026-06-23,9B1g,台新高雄,0,40,-40,,35.7
2026-06-23,9B2m,台新成功,4000,0,4000,35.725,
2026-06-24,102F,合庫西台,0,1000,-1000,,35.6
2026-06-24,1470,台灣摩根,0,1000,-1000,,35.9
2026-06-24,1480,美商高盛,0,4000,-4000,,35.6
2026-06-24,1560,港商野村,2000,0,2000,35.6,
2026-06-24,1590,花旗環球,2000,0,2000,35.625,
2026-06-24,5382,第一台中,0,15,-15,,39.3
2026-06-24,6380,光和,2000,0,2000,35.6,
2026-06-24,8380,安泰,2000,0,2000,35.6,
2026-06-24,8565,新光桃園,1000,1000,0,35.6,35.9
2026-06-24,8884,國泰台南,0,2000,-2000,,35.6
2026-06-24,8885,國泰桃園,1000,0,1000,35.65,
2026-06-24,920F,凱基站前,1000,0,1000,35.65,
2026-06-24,9236,凱基虎尾,0,14027,-14027,,35.657
2026-06-24,9268,凱基台北,14000,1000,13000,35.6393,35.55
2026-06-24,9328,華南潮州,0,10,-10,,39.3
2026-06-24,9654,富邦永和,5000,0,5000,35.63,
2026-06-24,981S,元大崇德,0,3000,-3000,,35.65
2026-06-24,981p,元大松山,0,1000,-1000,,35.55
2026-06-24,989k,元大古亭,3000,0,3000,35.8,
2026-06-24,9A00,永豐金,250,0,250,39.3,
2026-06-24,9A9J,永豐板新,0,8000,-8000,,35.6
2026-06-24,9A9U,永豐中正,1,0,1,39.3,
2026-06-24,9B1y,台新中壢,0,1000,-1000,,35.65
2026-06-24,9B29,台新府城,0,199,-199,,39.3
2026-06-24,9B2m,台新成功,4000,0,4000,35.5875,
2026-06-25,1029,合庫鳳山,7000,0,7000,35.75,
2026-06-25,104C,臺銀高雄,150,0,150,35.7,
2026-06-25,1470,台灣摩根,0,2000,-2000,,35.7
2026-06-25,5382,第一台中,0,5,-5,,35.85
2026-06-25,6160,中國信託,128,0,128,35.7,
2026-06-25,6464,大昌新店,12000,0,12000,36.0,
2026-06-25,779v,國票台中,0,1000,-1000,,35.85
2026-06-25,8562,新光高雄,10,0,10,35.7,
2026-06-25,8565,新光桃園,1000,0,1000,35.75,
2026-06-25,884F,玉山桃園,1000,0,1000,35.75,
2026-06-25,884J,玉山大里,0,5000,-5000,,35.75
2026-06-25,8888,國泰敦南,0,515,-515,,35.6854
2026-06-25,9136,群益西松,0,10,-10,,35.7
2026-06-25,9235,凱基永華,2000,0,2000,35.8,
2026-06-25,9236,凱基虎尾,0,412,-412,,35.7
2026-06-25,9268,凱基台北,3000,2000,1000,35.85,35.725
2026-06-25,9278,凱基永康,0,1000,-1000,,36.0
2026-06-25,9319,華南鶯歌,0,50,-50,,35.85
2026-06-25,9672,富邦員林,0,4000,-4000,,35.85
2026-06-25,9815,元大大灣,0,9,-9,,35.85
2026-06-25,981R,元大竹山,0,1000,-1000,,36.0
2026-06-25,9834,元大中壢,0,10000,-10000,,36.0
2026-06-25,9884,元大斗信,150,0,150,35.65,
2026-06-25,989V,元大北重,14,0,14,35.85,
2026-06-25,989Y,元大基隆,0,1000,-1000,,35.75
2026-06-25,9A00,永豐金,50,0,50,35.85,
2026-06-25,9A9U,永豐中正,0,1,-1,,35.7
2026-06-25,9B29,台新府城,500,0,500,35.7,
2026-06-25,9B2m,台新成功,1000,0,1000,35.7,
2026-06-26,1029,合庫鳳山,10000,0,10000,35.46,
2026-06-26,1032,土銀台南,4000,0,4000,35.425,
2026-06-26,104C,臺銀高雄,1438,0,1438,35.4609,
2026-06-26,1470,台灣摩根,0,1000,-1000,,35.45
2026-06-26,1480,美商高盛,0,1000,-1000,,35.5
2026-06-26,1590,花旗環球,0,2000,-2000,,35.5
2026-06-26,5384,第一台南,1000,0,1000,35.5,
2026-06-26,538Y,第一中壢,38,0,38,35.6,
2026-06-26,5856,統一台中,0,1000,-1000,,35.5
2026-06-26,611A,中銀豐原,3000,0,3000,35.5,
2026-06-26,616K,中信託高,1000,0,1000,35.6,
2026-06-26,6464,大昌新店,2000,0,2000,35.4,
2026-06-26,8380,安泰,1000,0,1000,35.2,
2026-06-26,8440,摩根大通,1000,0,1000,35.45,
2026-06-26,8565,新光桃園,0,1000,-1000,,35.4
2026-06-26,8881,國泰高雄,10,0,10,35.6,
2026-06-26,9136,群益西松,0,252,-252,,35.6
2026-06-26,918c,群益鳳山,0,1000,-1000,,35.5
2026-06-26,9200,凱基,0,1000,-1000,,35.45
2026-06-26,9215,凱基高美,0,2000,-2000,,35.5
2026-06-26,9268,凱基台北,1000,9000,-8000,35.4,35.4556
2026-06-26,9331,華南鳳山,0,2000,-2000,,35.45
2026-06-26,962P,富邦頭份,100,0,100,35.6,
2026-06-26,981G,元大彰化,0,3000,-3000,,35.4333
2026-06-26,981e,元大佳里,0,1000,-1000,,35.2
2026-06-26,982B,元大博愛,0,50,-50,,35.6
2026-06-26,9868,元大文心,1000,0,1000,35.4,
2026-06-26,9874,元大雙和,0,1000,-1000,,35.6
2026-06-26,9884,元大斗信,677,0,677,35.6,
2026-06-26,989C,元大板橋,0,2000,-2000,,35.4
2026-06-26,989j,元大樹林,0,1000,-1000,,35.4
2026-06-26,9A98,永豐大園,1000,0,1000,35.45,
2026-06-26,9A9J,永豐板新,0,6000,-6000,,35.4
2026-06-26,9A9q,永豐潮州,5000,0,5000,35.4,
2026-06-26,9B2m,台新成功,2000,0,2000,35.45,
2026-06-26,9B2q,台新屏新,39,0,39,35.6,
2026-06-29,1029,合庫鳳山,1000,0,1000,35.85,
2026-06-29,1470,台灣摩根,0,2000,-2000,,35.85
2026-06-29,8440,摩根大通,3000,1000,2000,35.8,35.7
2026-06-29,8881,國泰高雄,37,1000,-963,35.5,35.5
2026-06-29,8888,國泰敦南,0,1000,-1000,,36.0
2026-06-29,9135,群益東大,0,1000,-1000,,35.4
2026-06-29,920Z,凱基台東,1000,0,1000,35.4,
2026-06-29,9268,凱基台北,0,3000,-3000,,35.7167
2026-06-29,9288,凱基埔墘,1000,1000,0,35.9,35.85
2026-06-29,962P,富邦頭份,0,100,-100,,35.5
2026-06-29,9634,富邦羅東,0,1000,-1000,,35.85
2026-06-29,9654,富邦永和,2000,0,2000,35.65,
2026-06-29,9814,元大大益,0,1000,-1000,,36.0
2026-06-29,982F,元大忠鼎,1000,0,1000,35.5,
2026-06-29,9A00,永豐金,50,0,50,35.5,
2026-06-29,9B21,台新九如,4000,1000,3000,35.925,35.9
2026-06-29,9B2C,台新潮州,13,0,13,35.5,
2026-06-30,1029,合庫鳳山,6000,0,6000,35.7167,
2026-06-30,1470,台灣摩根,0,1000,-1000,,35.6
2026-06-30,5382,第一台中,0,10,-10,,37.0
2026-06-30,5853,統一中壢,1000,1000,0,35.45,35.6
2026-06-30,8887,國泰忠孝,0,1000,-1000,,35.9
2026-06-30,8888,國泰敦南,137,0,137,38.0,
2026-06-30,9131,群益民權,0,100,-100,,38.0
2026-06-30,9254,凱基科園,0,1000,-1000,,35.45
2026-06-30,9634,富邦羅東,0,50,-50,,38.0
2026-06-30,9654,富邦永和,0,1000,-1000,,35.55
2026-06-30,982F,元大忠鼎,0,1000,-1000,,35.9
2026-06-30,989D,元大左營,0,2000,-2000,,35.65
2026-06-30,989P,元大敦南,1000,0,1000,35.55,
2026-06-30,9A9K,永豐三重,65,0,65,38.0,
2026-06-30,9B00,台新證券,10,0,10,37.0,
2026-06-30,9B29,台新府城,0,52,-52,,38.0
2026-07-01,1029,合庫鳳山,2000,0,2000,35.875,
2026-07-01,104C,臺銀高雄,21,0,21,37.0,
2026-07-01,1470,台灣摩根,1000,0,1000,35.65,
2026-07-01,1590,花旗環球,1000,0,1000,35.9,
2026-07-01,1650,瑞銀,1000,0,1000,35.6,
2026-07-01,8440,摩根大通,0,2000,-2000,,35.9
2026-07-01,8565,新光桃園,1000,1000,0,35.65,35.85
2026-07-01,8848,玉山嘉義,0,1000,-1000,,35.6
2026-07-01,9268,凱基台北,1000,2000,-1000,35.6,35.65
2026-07-01,961H,富邦新板,1,0,1,37.0,
2026-07-01,961Z,富邦永康,1000,0,1000,36.0,
2026-07-01,9663,富邦敦南,0,1000,-1000,,36.0
2026-07-01,989V,元大北重,10,0,10,36.4,
2026-07-01,9A00,永豐金,0,22,-22,,37.0
2026-07-01,9B29,台新府城,0,10,-10,,36.4
2026-07-01,9B2m,台新成功,1000,2000,-1000,36.35,35.975
2026-07-02,1029,合庫鳳山,0,1000,-1000,,36.25
2026-07-02,104C,臺銀高雄,25,0,25,36.0,
2026-07-02,8563,新光新竹,1000,1000,0,35.45,35.85
2026-07-02,8881,國泰高雄,0,1000,-1000,,35.8
2026-07-02,8888,國泰敦南,0,1000,-1000,,35.65
2026-07-02,913Y,群益館前,10,0,10,39.4,
2026-07-02,920Z,凱基台東,1000,0,1000,35.4,
2026-07-02,9268,凱基台北,2000,1000,1000,35.65,35.8
2026-07-02,9302,華南台中,1000,0,1000,35.8,
2026-07-02,9319,華南鶯歌,0,225,-225,,35.9111
2026-07-02,9623,富邦台北,1000,0,1000,35.65,
2026-07-02,962C,富邦竹科,175,0,175,35.9,
2026-07-02,9634,富邦羅東,25,0,25,35.9,
2026-07-02,981Z,元大潮州,1000,0,1000,36.25,
2026-07-02,989k,元大古亭,0,5000,-5000,,35.48
2026-07-02,9A00,永豐金,1000,1000,0,35.8,35.45
2026-07-02,9B29,台新府城,0,10,-10,,39.4
2026-07-02,9B2m,台新成功,4000,1000,3000,35.6125,35.9
2026-07-03,1023,合庫高雄,0,16000,-16000,,35.2969
2026-07-03,1029,合庫鳳山,1000,0,1000,35.35,
2026-07-03,104C,臺銀高雄,1000,0,1000,34.05,
2026-07-03,1480,美商高盛,1000,0,1000,35.35,
2026-07-03,5382,第一台中,0,10,-10,,36.05
2026-07-03,5384,第一台南,1000,0,1000,35.15,
2026-07-03,538C,第一光復,1000,0,1000,35.05,
2026-07-03,5858,統一嘉義,28,0,28,36.05,
2026-07-03,5859,統一屏東,6000,0,6000,35.3,
2026-07-03,601d,?亞鑫豐,2000,0,2000,35.0,
2026-07-03,6164,中信託文,1000,0,1000,35.4,
2026-07-03,6620,口袋,0,3,-3,,39.35
2026-07-03,8520,中農,2000,0,2000,35.0,
2026-07-03,8562,新光高雄,1000,1000,0,35.65,35.5
2026-07-03,8563,新光新竹,1000,1000,0,35.3,35.35
2026-07-03,8881,國泰高雄,1000,0,1000,35.2,
2026-07-03,8888,國泰敦南,2004,0,2004,34.9771,
2026-07-03,888K,國泰板橋,3,0,3,36.05,
2026-07-03,918X,群益台北,2000,0,2000,34.0,
2026-07-03,918x,群益延平,1000,0,1000,35.5,
2026-07-03,920F,凱基站前,2000,0,2000,34.65,
2026-07-03,920Z,凱基台東,3000,0,3000,35.25,
2026-07-03,9215,凱基高美,0,7000,-7000,,35.5071
2026-07-03,9268,凱基台北,0,2000,-2000,,35.85
2026-07-03,9288,凱基埔墘,1000,0,1000,35.3,
2026-07-03,9300,華南永昌,1000,1000,0,34.0,35.2
2026-07-03,961F,富邦公益,1000,0,1000,34.95,
2026-07-03,961K,富邦七賢,1000,20000,-19000,35.2,34.6925
2026-07-03,9634,富邦羅東,0,25,-25,,36.05
2026-07-03,9654,富邦永和,5000,0,5000,35.16,
2026-07-03,981G,元大彰化,2000,0,2000,34.8,
2026-07-03,981g,元大大里,50,0,50,39.35,
2026-07-03,989C,元大板橋,0,2000,-2000,,35.65
2026-07-03,9A00,永豐金,3000,0,3000,35.5667,
2026-07-03,9A9U,永豐中正,3,0,3,39.35,
2026-07-03,9B29,台新府城,1000,50,950,35.0,39.35
2026-07-03,9B2m,台新成功,7000,1000,6000,35.4571,35.45
2026-07-03,9B2z,台新文心,1000,1000,0,35.45,35.35
2026-07-06,1029,合庫鳳山,10000,0,10000,35.4,
2026-07-06,104C,臺銀高雄,300,4,296,35.9988,36.05
2026-07-06,5382,第一台中,0,10,-10,,35.95
2026-07-06,538W,第一華江,0,1000,-1000,,35.4
2026-07-06,8843,玉山高雄,0,294,-294,,36.0
2026-07-06,9239,凱基市政,0,2000,-2000,,35.4
2026-07-06,9268,凱基台北,2000,7000,-5000,34.85,35.4
2026-07-06,9288,凱基埔墘,0,1000,-1000,,35.4
2026-07-06,962C,富邦竹科,91,0,91,35.9,
2026-07-06,9658,富邦建國,10,0,10,36.0,
2026-07-06,981G,元大彰化,2000,0,2000,35.125,
2026-07-06,981g,元大大里,0,50,-50,,35.9
2026-07-06,989g,元大嘉義,0,40,-40,,35.9
2026-07-06,9A00,永豐金,0,2000,-2000,,34.85
2026-07-06,9A97,永豐新竹,0,1000,-1000,,34.85
2026-07-06,9A9U,永豐中正,0,3,-3,,35.95
2026-07-07,1029,合庫鳳山,6000,0,6000,34.9333,
2026-07-07,104C,臺銀高雄,210,0,210,35.8,
2026-07-07,1470,台灣摩根,1000,0,1000,34.95,
2026-07-07,1590,花旗環球,1000,0,1000,35.2,
2026-07-07,5382,第一台中,0,10,-10,,35.8
2026-07-07,8440,摩根大通,0,5000,-5000,,35.03
2026-07-07,8840,玉山,0,250,-250,,35.8
2026-07-07,8888,國泰敦南,0,1000,-1000,,35.4
2026-07-07,920A,凱基板橋,1000,0,1000,35.1,
2026-07-07,921E,凱基三峽,45,0,45,35.8,
2026-07-07,9268,凱基台北,0,2000,-2000,,35.2
2026-07-07,962C,富邦竹科,12,0,12,35.9,
2026-07-07,981G,元大彰化,0,3000,-3000,,34.9333
2026-07-07,989D,元大左營,0,2000,-2000,,34.7
2026-07-07,989E,元大草屯,1000,0,1000,35.0,
2026-07-07,989J,元大彰生,5,0,5,35.8,
2026-07-07,9B00,台新證券,150,0,150,38.0,
2026-07-07,9B29,台新府城,0,162,-162,,37.8444
2026-07-07,9B2m,台新成功,1000,0,1000,34.9,
2026-07-07,9B2z,台新文心,3000,1000,2000,35.1167,34.95
2026-07-08,1029,合庫鳳山,3000,0,3000,35.35,
2026-07-08,104C,臺銀高雄,6,0,6,37.9,
2026-07-08,1440,美林,0,2000,-2000,,35.2
2026-07-08,1480,美商高盛,1000,1000,0,35.0,35.1
2026-07-08,6160,中國信託,0,1000,-1000,,35.4
2026-07-08,8560,新光,1000,1000,0,35.5,35.8
2026-07-08,8565,新光桃園,1000,1000,0,35.1,35.7
2026-07-08,8881,國泰高雄,0,1000,-1000,,35.3
2026-07-08,8888,國泰敦南,0,1000,-1000,,35.3
2026-07-08,921E,凱基三峽,0,40,-40,,37.9
2026-07-08,9268,凱基台北,1000,3000,-2000,35.1,35.25
2026-07-08,9289,凱基興隆,10,0,10,35.4,
2026-07-08,961K,富邦七賢,0,1000,-1000,,35.0
2026-07-08,9658,富邦建國,0,10,-10,,35.4
2026-07-08,9892,元大屏東,0,1000,-1000,,35.5
2026-07-08,9A00,永豐金,3000,0,3000,35.4333,
2026-07-08,9A97,永豐新竹,34,0,34,37.9,
2026-07-08,9B1h,台新台中,2000,0,2000,35.4,
2026-07-08,9B2m,台新成功,2000,1000,1000,35.7,36.0
2026-07-09,1029,合庫鳳山,3000,0,3000,35.1667,
2026-07-09,1040,臺銀,1000,1000,0,35.0,35.4
2026-07-09,1560,港商野村,1000,0,1000,34.6,
2026-07-09,5382,第一台中,0,10,-10,,35.5
2026-07-09,5858,統一嘉義,1000,0,1000,35.5,
2026-07-09,920A,凱基板橋,1000,0,1000,34.6,
2026-07-09,9268,凱基台北,2000,4000,-2000,34.6,35.2125
2026-07-09,9288,凱基埔墘,1000,1000,0,35.15,35.6
2026-07-09,961H,富邦新板,0,1,-1,,35.5
2026-07-09,981h,元大屏生,0,3000,-3000,,34.6
2026-07-09,9825,元大新營,1000,0,1000,35.5,
2026-07-09,9892,元大屏東,0,6000,-6000,,35.2083
2026-07-09,9A00,永豐金,2000,3000,-1000,35.3,34.8
2026-07-09,9A9a,永豐苓雅,2000,0,2000,35.15,
2026-07-09,9A9h,永豐台南,11,0,11,35.5,
2026-07-09,9B2m,台新成功,4000,1000,3000,35.2125,35.5
2026-07-13,1029,合庫鳳山,3000,0,3000,34.9,
2026-07-13,104C,臺銀高雄,100,0,100,35.2,
2026-07-13,1480,美商高盛,1000,0,1000,34.65,
2026-07-13,5382,第一台中,0,5,-5,,35.15
2026-07-13,6164,中信託文,1000,0,1000,34.7,
2026-07-13,8440,摩根大通,2000,1000,1000,34.7,34.9
2026-07-13,8843,玉山高雄,0,1000,-1000,,34.7
2026-07-13,884H,玉山新竹,1000,0,1000,34.7,
2026-07-13,8888,國泰敦南,10,2000,-1990,35.2,34.65
2026-07-13,9212,凱基東港,0,4000,-4000,,35.0
2026-07-13,921E,凱基三峽,41,0,41,35.2,
2026-07-13,9268,凱基台北,0,5000,-5000,,34.84
2026-07-13,9800,元大,5000,0,5000,34.99,
2026-07-13,985F,元大岡山,0,208,-208,,35.2
2026-07-13,989D,元大左營,57,0,57,35.1956,
2026-07-13,989J,元大彰生,5,0,5,35.2,
2026-07-13,9A00,永豐金,1000,2000,-1000,35.1,34.7
2026-07-13,9B1h,台新台中,1000,0,1000,34.9,
2026-07-13,9B2m,台新成功,1000,1000,0,34.65,35.0
2026-07-13,9B2z,台新文心,1000,1000,0,34.7,34.95
2026-07-14,1040,臺銀,11,0,11,35.6,
2026-07-14,1470,台灣摩根,3000,0,3000,35.35,
2026-07-14,1560,港商野村,1000,0,1000,35.45,
2026-07-14,8440,摩根大通,1000,1000,0,35.05,35.4
2026-07-14,8565,新光桃園,1000,2000,-1000,35.2,35.3
2026-07-14,8881,國泰高雄,210,0,210,35.0,
2026-07-14,8888,國泰敦南,0,3010,-3010,,35.515
2026-07-14,9200,凱基,1000,0,1000,35.15,
2026-07-14,9268,凱基台北,0,1000,-1000,,35.15
2026-07-14,961K,富邦七賢,150,0,150,34.9,
2026-07-14,9800,元大,6000,0,6000,35.3333,
2026-07-14,981C,元大路竹,0,150,-150,,35.0
2026-07-14,981G,元大彰化,0,1000,-1000,,35.15
2026-07-14,981a,元大歸仁,0,1000,-1000,,35.4
2026-07-14,9859,元大經國,391,0,391,34.6,
2026-07-14,9872,元大復北,0,1000,-1000,,35.45
2026-07-14,9892,元大屏東,0,1000,-1000,,35.2
2026-07-14,9A00,永豐金,2000,1000,1000,35.4,35.05
2026-07-14,9A9M,永豐南投,0,1000,-1000,,35.1
2026-07-14,9B00,台新證券,100,1000,-900,35.0,35.45
2026-07-14,9B1g,台新高雄,0,1702,-1702,,35.0207
2026-07-15,126H,宏遠中和,0,2000,-2000,,35.6
2026-07-15,1470,台灣摩根,0,1000,-1000,,35.4
2026-07-15,1590,花旗環球,4000,0,4000,35.6125,
2026-07-15,5382,第一台中,0,10,-10,,35.175
2026-07-15,5859,統一屏東,0,1000,-1000,,35.65
2026-07-15,6160,中國信託,222,0,222,35.1,
2026-07-15,8440,摩根大通,3000,0,3000,35.4667,
2026-07-15,845D,康和板橋,174,0,174,35.1345,
2026-07-15,8562,新光高雄,10,0,10,35.175,
2026-07-15,8565,新光桃園,1000,1000,0,35.6,35.55
2026-07-15,8843,玉山高雄,0,1000,-1000,,35.6
2026-07-15,918K,群益東湖,0,1000,-1000,,35.6
2026-07-15,9268,凱基台北,2000,0,2000,35.575,
2026-07-15,9288,凱基埔墘,1000,1000,0,35.3,35.55
2026-07-15,961F,富邦公益,0,1000,-1000,,35.6
2026-07-15,961Y,富邦屏東,0,1000,-1000,,35.6
2026-07-15,9686,富邦宜蘭,3000,0,3000,35.6,
2026-07-15,9800,元大,9000,0,9000,35.5944,
2026-07-15,980d,元大沙鹿,0,2000,-2000,,35.5
2026-07-15,981C,元大路竹,6000,0,6000,35.5,
2026-07-15,981R,元大竹山,0,1000,-1000,,35.6
2026-07-15,9859,元大經國,0,396,-396,,35.1152
2026-07-15,9892,元大屏東,0,3000,-3000,,35.6
2026-07-15,9A00,永豐金,2000,2000,0,35.575,35.225
2026-07-15,9A9q,永豐潮州,0,5000,-5000,,35.6
2026-07-15,9A9x,永豐桃園,0,1000,-1000,,35.4
2026-07-15,9B21,台新九如,0,7000,-7000,,35.6
2026-07-16,1029,合庫鳳山,0,10000,-10000,,35.55
2026-07-16,1470,台灣摩根,1000,0,1000,35.6,
2026-07-16,1650,瑞銀,7000,0,7000,35.5429,
2026-07-16,5382,第一台中,0,5,-5,,35.5
2026-07-16,585Q,統一三多,2000,0,2000,35.5,
2026-07-16,616K,中信託高,1,0,1,35.5,
2026-07-16,7790,國票綜合,31,0,31,35.35,
2026-07-16,8440,摩根大通,1000,0,1000,35.6,
2026-07-16,845D,康和板橋,3,0,3,35.35,
2026-07-16,8560,新光,38,0,38,35.5,
2026-07-16,8565,新光桃園,1000,1000,0,35.8,35.5
2026-07-16,884E,玉山城中,100,0,100,34.5,
2026-07-16,9212,凱基東港,0,1000,-1000,,35.5
2026-07-16,9268,凱基台北,14000,0,14000,35.7286,
2026-07-16,9326,華南南京,1000,1000,0,34.7,35.5
2026-07-16,9600,富邦,0,34,-34,,35.5
2026-07-16,9686,富邦宜蘭,1000,0,1000,35.5,
2026-07-16,9800,元大,1000,0,1000,35.5,
2026-07-16,9892,元大屏東,0,2000,-2000,,35.6
2026-07-16,989A,元大北投,1000,0,1000,35.8,
2026-07-16,989G,元大大同,100,0,100,34.5,
2026-07-16,989N,元大內湖,0,234,-234,,34.6235
2026-07-16,9A00,永豐金,1000,0,1000,35.8,
2026-07-16,9B2m,台新成功,0,16000,-16000,,35.5938
2026-07-16,9B2z,台新文心,2000,2000,0,34.7,35.5
2026-07-17,1440,美林,5000,0,5000,35.74,
2026-07-17,1470,台灣摩根,1000,0,1000,35.8,
2026-07-17,1590,花旗環球,1000,0,1000,35.75,
2026-07-17,5859,統一屏東,0,5000,-5000,,35.74
2026-07-17,7790,國票綜合,0,31,-31,,36.2
2026-07-17,845D,康和板橋,0,48,-48,,36.2
2026-07-17,8888,國泰敦南,2000,1000,1000,35.8,35.8
2026-07-17,920Z,凱基台東,0,18000,-18000,,35.4
2026-07-17,921E,凱基三峽,0,21,-21,,36.2
2026-07-17,9268,凱基台北,17000,1000,16000,35.4,35.75
2026-07-17,9884,元大斗信,1000,0,1000,35.4,
2026-07-17,989A,元大北投,100,0,100,36.2,
2026-07-17,9B1g,台新高雄,0,2000,-2000,,35.8
2026-07-20,1029,合庫鳳山,7000,0,7000,35.4,
2026-07-20,104D,臺銀金山,1000,0,1000,34.9,
2026-07-20,1440,美林,0,3000,-3000,,34.9667
2026-07-20,1470,台灣摩根,1000,0,1000,35.1,
2026-07-20,1480,美商高盛,0,1000,-1000,,34.95
2026-07-20,1590,花旗環球,2000,0,2000,35.425,
2026-07-20,5853,統一中壢,1000,1000,0,34.65,35.2
2026-07-20,6160,中國信託,250,0,250,35.3,
2026-07-20,700h,兆豐三民,0,1000,-1000,,35.25
2026-07-20,8440,摩根大通,3000,2000,1000,35.5833,35.6
2026-07-20,845D,康和板橋,25,129,-104,34.75,35.7267
2026-07-20,8520,中農,1000,0,1000,35.0,
2026-07-20,8562,新光高雄,1000,1000,0,35.1,35.25
2026-07-20,8888,國泰敦南,0,285,-285,,35.2693
2026-07-20,918i,群益竹南,1000,0,1000,35.25,
2026-07-20,9200,凱基,1000,0,1000,35.6,
2026-07-20,9211,凱基台南,93,0,93,35.95,
2026-07-20,9268,凱基台北,0,5000,-5000,,35.39
2026-07-20,962E,富邦樹林,3000,0,3000,34.7667,
2026-07-20,9658,富邦建國,0,2000,-2000,,35.65
2026-07-20,9686,富邦宜蘭,0,14000,-14000,,34.9179
2026-07-20,981C,元大路竹,1000,0,1000,35.1,
2026-07-20,982F,元大忠鼎,1000,0,1000,35.65,
2026-07-20,9856,元大花蓮,0,1000,-1000,,35.6
2026-07-20,989D,元大左營,36,0,36,35.15,
2026-07-20,989V,元大北重,10,0,10,35.8,
2026-07-20,9A00,永豐金,1000,0,1000,35.6,
2026-07-20,9A9J,永豐板新,1000,1000,0,35.05,35.85
2026-07-20,9A9L,永豐台中,5000,0,5000,34.9,
2026-07-20,9B2m,台新成功,3000,2000,1000,35.1833,35.475
2026-07-20,9B2z,台新文心,1000,1000,0,35.0,35.5
2026-07-21,1029,合庫鳳山,12000,4000,8000,35.5833,35.4875
2026-07-21,104C,臺銀高雄,20,0,20,35.2,
2026-07-21,1440,美林,2000,0,2000,35.025,
2026-07-21,1480,美商高盛,0,1000,-1000,,35.75
2026-07-21,1590,花旗環球,2000,0,2000,35.125,
2026-07-21,5382,第一台中,0,5,-5,,35.8
2026-07-21,6164,中信託文,1000,0,1000,35.0,
2026-07-21,6451,永全南崁,1000,0,1000,35.25,
2026-07-21,700I,兆豐北高,1000,0,1000,35.2,
2026-07-21,700R,兆豐小港,1000,0,1000,35.05,
2026-07-21,845D,康和板橋,0,24,-24,,35.8
2026-07-21,8562,新光高雄,2000,1000,1000,35.125,35.1
2026-07-21,8565,新光桃園,1000,1000,0,35.1,35.2
2026-07-21,8888,國泰敦南,10,0,10,35.8,
2026-07-21,9268,凱基台北,0,4000,-4000,,35.0625
2026-07-21,9319,華南鶯歌,0,20,-20,,35.2
2026-07-21,962C,富邦竹科,1000,1000,0,34.95,35.75
2026-07-21,9686,富邦宜蘭,1000,6000,-5000,34.95,35.075
2026-07-21,9B00,台新證券,319,0,319,35.8,
2026-07-21,9B1g,台新高雄,0,4205,-4205,,35.0628
2026-07-21,9B29,台新府城,0,95,-95,,35.8
2026-07-21,9B2m,台新成功,3000,6000,-3000,35.0667,35.55
2026-07-21,9B2z,台新文心,1000,1000,0,35.1,35.5
2026-07-22,1040,臺銀,1000,0,1000,35.3,
2026-07-22,1480,美商高盛,0,2000,-2000,,35.325
2026-07-22,1590,花旗環球,2000,0,2000,35.375,
2026-07-22,1650,瑞銀,0,1000,-1000,,35.25
2026-07-22,6160,中國信託,1000,0,1000,35.35,
2026-07-22,6464,大昌新店,1000,0,1000,35.35,
2026-07-22,8887,國泰忠孝,0,1000,-1000,,35.35
2026-07-22,9200,凱基,0,1000,-1000,,35.45
2026-07-22,9268,凱基台北,1000,2000,-1000,35.2,35.325
2026-07-22,9283,凱基北門,2000,0,2000,35.375,
2026-07-22,9623,富邦台北,2000,0,2000,35.275,
2026-07-22,9686,富邦宜蘭,0,4000,-4000,,35.3375
2026-07-22,9A00,永豐金,0,2000,-2000,,35.2
2026-07-22,9B2m,台新成功,3000,0,3000,35.2833,
2026-07-23,1029,合庫鳳山,3000,1000,2000,35.55,35.55
2026-07-23,1042,臺銀臺南,0,1000,-1000,,35.0
2026-07-23,1480,美商高盛,0,1000,-1000,,34.95
2026-07-23,1590,花旗環球,0,1000,-1000,,34.85
2026-07-23,1650,瑞銀,0,1000,-1000,,34.9
2026-07-23,2186,亞東高雄,0,1000,-1000,,35.0
2026-07-23,611A,中銀豐原,2000,0,2000,35.1,
2026-07-23,6160,中國信託,1000,0,1000,35.15,
2026-07-23,700M,兆豐桃園,0,4000,-4000,,35.125
2026-07-23,8849,玉山景美,5000,0,5000,35.0,
2026-07-23,9268,凱基台北,2000,6000,-4000,35.55,35.0583
2026-07-23,9278,凱基永康,127,0,127,35.5,
2026-07-23,9283,凱基北門,0,2000,-2000,,34.775
2026-07-23,9686,富邦宜蘭,1000,4000,-3000,34.7,34.9875
2026-07-23,987A,元大楊梅,0,127,-127,,35.5
2026-07-23,9896,元大台南,1000,0,1000,34.85,
2026-07-23,9A00,永豐金,1000,0,1000,35.55,
2026-07-23,9B00,台新證券,1000,0,1000,34.9,
2026-07-23,9B1g,台新高雄,3000,0,3000,34.9667,
2026-07-23,9B2m,台新成功,6000,4000,2000,34.9667,35.55
2026-07-24,1029,合庫鳳山,15000,0,15000,35.28,
2026-07-24,1470,台灣摩根,1000,0,1000,35.1,
2026-07-24,1480,美商高盛,0,2000,-2000,,35.2
2026-07-24,5382,第一台中,0,5,-5,,35.1
2026-07-24,5853,統一中壢,1000,1000,0,34.7,35.15
2026-07-24,8440,摩根大通,0,1000,-1000,,34.9
2026-07-24,8563,新光新竹,2000,2000,0,34.6,35.1
2026-07-24,8565,新光桃園,1000,1000,0,34.8,34.9
2026-07-24,918d,群益內湖,0,5000,-5000,,35.2
2026-07-24,920A,凱基板橋,0,3000,-3000,,34.75
2026-07-24,921E,凱基三峽,0,1,-1,,37.9
2026-07-24,9225,凱基內埔,0,1000,-1000,,35.3
2026-07-24,9268,凱基台北,2000,4000,-2000,35.5,35.125
2026-07-24,9288,凱基埔墘,1000,1000,0,34.65,35.15
2026-07-24,9604,富邦陽明,0,5000,-5000,,34.64
2026-07-24,9623,富邦台北,1000,1000,0,34.9,35.2
2026-07-24,962C,富邦竹科,1000,0,1000,34.65,
2026-07-24,962E,富邦樹林,0,1000,-1000,,35.5
2026-07-24,9636,富邦中壢,5,0,5,35.1,
2026-07-24,9676,富邦仁愛,0,1000,-1000,,35.4
2026-07-24,9686,富邦宜蘭,6000,0,6000,35.0417,
2026-07-24,9892,元大屏東,0,2000,-2000,,35.5
2026-07-24,9A00,永豐金,2000,0,2000,35.4,
2026-07-24,9A9U,永豐中正,1,0,1,37.9,
2026-07-24,9B00,台新證券,0,1000,-1000,,35.15
2026-07-24,9B2m,台新成功,2000,4000,-2000,34.725,35.3
2026-07-24,9B2z,台新文心,1000,0,1000,34.7,
2026-07-27,1029,合庫鳳山,0,3000,-3000,,35.2
2026-07-27,1440,美林,2000,0,2000,35.175,
2026-07-27,1470,台灣摩根,0,1000,-1000,,35.15
2026-07-27,1650,瑞銀,1000,0,1000,35.15,
2026-07-27,8440,摩根大通,1000,0,1000,35.2,
2026-07-27,8561,新光台中,0,1000,-1000,,35.15
2026-07-27,8562,新光高雄,1000,0,1000,35.2,
2026-07-27,8881,國泰高雄,1000,0,1000,35.05,
2026-07-27,9211,凱基台南,0,1000,-1000,,35.05
2026-07-27,921E,凱基三峽,1,0,1,34.1,
2026-07-27,9268,凱基台北,1000,1000,0,35.05,35.15
2026-07-27,9667,富邦台南,59,0,59,35.15,
2026-07-27,981N,元大金門,0,59,-59,,35.15
2026-07-27,9A9U,永豐中正,0,1,-1,,34.1
2026-07-27,9B2z,台新文心,1000,1000,0,35.15,35.05
2026-07-28,104C,臺銀高雄,40,1000,-960,34.4,35.0
2026-07-28,1480,美商高盛,0,1000,-1000,,35.1
2026-07-28,616K,中信託高,1,0,1,35.0,
2026-07-28,845D,康和板橋,92,0,92,34.45,
2026-07-28,8562,新光高雄,51,1000,-949,34.45,35.0
2026-07-28,8881,國泰高雄,10,0,10,35.0,
2026-07-28,9200,凱基,1000,0,1000,35.0,
2026-07-28,9206,凱基高雄,57,0,57,35.0,
2026-07-28,921E,凱基三峽,10,0,10,35.0,
2026-07-28,9268,凱基台北,2000,1000,1000,35.1,35.0
2026-07-28,9634,富邦羅東,10,0,10,35.0,
2026-07-28,9654,富邦永和,0,50,-50,,35.0
2026-07-28,9661,富邦新店,0,90,-90,,34.4
2026-07-28,9686,富邦宜蘭,4000,0,4000,35.05,
2026-07-28,9812,元大台中,19,0,19,34.0,
2026-07-28,981Q,元大太平,0,5000,-5000,,35.08
2026-07-28,982B,元大博愛,50,0,50,34.45,
2026-07-28,989D,元大左營,0,231,-231,,34.5405
2026-07-28,989G,元大大同,50,0,50,34.4,
2026-07-28,9A00,永豐金,1000,0,1000,35.0,
2026-07-28,9B1g,台新高雄,1000,0,1000,35.1,
2026-07-28,9B2v,台新桃園,0,19,-19,,34.0
2026-07-29,1040,臺銀,1000,0,1000,34.0,
2026-07-29,104C,臺銀高雄,2000,1000,1000,33.6,34.55
2026-07-29,1470,台灣摩根,1000,0,1000,34.1,
2026-07-29,1480,美商高盛,0,1000,-1000,,34.1
2026-07-29,1590,花旗環球,1000,0,1000,34.1,
2026-07-29,2181,亞東板橋,1000,1000,0,33.7,34.1
2026-07-29,5384,第一台南,1000,0,1000,33.55,
2026-07-29,5858,統一嘉義,0,1000,-1000,,34.0
2026-07-29,601d,?亞鑫豐,1000,0,1000,33.6,
2026-07-29,6164,中信託文,1000,0,1000,34.0,
2026-07-29,6464,大昌新店,1000,0,1000,34.6,
2026-07-29,700C,兆豐來福,3000,0,3000,33.65,
2026-07-29,700f,兆豐鹿港,1000,0,1000,33.5,
2026-07-29,8440,摩根大通,3200,0,3200,35.0156,
2026-07-29,845D,康和板橋,0,93,-93,,34.6812
2026-07-29,8560,新光,72,0,72,34.65,
2026-07-29,8562,新光高雄,3000,3000,0,34.35,34.0667
2026-07-29,8563,新光新竹,1000,1000,0,33.7,34.1
2026-07-29,8565,新光桃園,2000,2000,0,34.725,34.925
2026-07-29,8888,國泰敦南,1000,1000,0,33.5,35.2
2026-07-29,9208,凱基桃園,0,3000,-3000,,33.4
2026-07-29,9268,凱基台北,8000,6000,2000,34.425,34.65
2026-07-29,9331,華南鳳山,1000,0,1000,33.2,
2026-07-29,962E,富邦樹林,2000,0,2000,34.725,
2026-07-29,9634,富邦羅東,20,0,20,34.65,
2026-07-29,9658,富邦建國,0,1000,-1000,,34.75
2026-07-29,9686,富邦宜蘭,0,21000,-21000,,33.8881
2026-07-29,9800,元大,3000,0,3000,33.9833,
2026-07-29,9825,元大新營,0,1335,-1335,,34.7731
2026-07-29,982F,元大忠鼎,1000,0,1000,34.6,
2026-07-29,9889,元大員林,1000,0,1000,33.7,
2026-07-29,989A,元大北投,100,0,100,34.65,
2026-07-29,989J,元大彰生,5,0,5,34.8,
2026-07-29,9A00,永豐金,1000,0,1000,33.5,
2026-07-29,9A9J,永豐板新,1000,1000,0,35.2,35.7
2026-07-29,9A9W,永豐市政,27,0,27,34.5,
2026-07-29,9B1g,台新高雄,1000,0,1000,34.1,
2026-07-29,9B20,台新台北,0,7,-7,,34.5
2026-07-29,9B2q,台新屏新,11,0,11,34.6,
2026-07-29,9B2z,台新文心,2000,1000,1000,34.0,34.1
2026-07-30,1480,美商高盛,0,1000,-1000,,33.75
2026-07-30,6164,中信託文,1000,0,1000,33.85,
2026-07-30,700I,兆豐北高,1000,0,1000,33.85,
2026-07-30,8440,摩根大通,2000,1000,1000,34.225,34.0
2026-07-30,8562,新光高雄,1000,1000,0,34.05,33.8
2026-07-30,8563,新光新竹,1000,1000,0,34.0,34.9
2026-07-30,8565,新光桃園,1000,1000,0,34.05,33.85
2026-07-30,9200,凱基,1000,1000,0,34.9,34.05
2026-07-30,9268,凱基台北,1000,3000,-2000,33.75,34.4333
2026-07-30,962Q,富邦港都,1,0,1,35.0,
2026-07-30,9654,富邦永和,1000,0,1000,33.8,
2026-07-30,9659,富邦高雄,1000,0,1000,34.9,
2026-07-30,9661,富邦新店,0,54,-54,,34.5
2026-07-30,981N,元大金門,0,1,-1,,33.7
2026-07-30,9825,元大新營,0,50,-50,,35.0
2026-07-30,983K,元大學甲,0,2000,-2000,,34.05
2026-07-30,989J,元大彰生,4,0,4,34.5,
2026-07-30,989V,元大北重,11,0,11,34.4273,
2026-07-30,9A9W,永豐市政,49,0,49,35.0,
2026-07-30,9B1g,台新高雄,0,1000,-1000,,33.85
2026-07-30,9B2q,台新屏新,40,0,40,34.5,
2026-07-30,9B2z,台新文心,1000,0,1000,34.0,
2026-07-31,1029,合庫鳳山,0,26000,-26000,,34.95
2026-07-31,1043,臺銀民權,5,0,5,34.4,
2026-07-31,104C,臺銀高雄,0,1000,-1000,,34.85
2026-07-31,1112,企銀台南,0,3000,-3000,,35.0
2026-07-31,1470,台灣摩根,4000,0,4000,34.5875,
2026-07-31,1480,美商高盛,3000,1000,2000,35.1833,35.65
2026-07-31,1590,花旗環球,5000,0,5000,35.17,
2026-07-31,1650,瑞銀,0,2000,-2000,,34.9
2026-07-31,2186,亞東高雄,10000,10000,0,34.9,34.19
2026-07-31,5382,第一台中,0,10,-10,,34.325
2026-07-31,538j,第一安和,1000,0,1000,35.5,
2026-07-31,700M,兆豐桃園,5000,0,5000,34.5,
2026-07-31,700R,兆豐小港,0,1000,-1000,,35.5
2026-07-31,8440,摩根大通,0,7000,-7000,,34.9
2026-07-31,845D,康和板橋,10,0,10,34.25,
2026-07-31,8560,新光,1000,0,1000,34.85,
2026-07-31,8561,新光台中,0,1000,-1000,,34.85
2026-07-31,8562,新光高雄,1000,1000,0,34.1,34.45
2026-07-31,8563,新光新竹,2000,2000,0,34.925,34.875
2026-07-31,8882,國泰台中,1000,0,1000,34.25,
2026-07-31,8888,國泰敦南,5,1010,-1005,34.25,34.7946
2026-07-31,9183,群益高雄,1000,0,1000,34.5,
2026-07-31,9200,凱基,1000,0,1000,34.85,
2026-07-31,920Z,凱基台東,10000,10000,0,34.135,34.95
2026-07-31,9212,凱基東港,0,3000,-3000,,35.2
2026-07-31,9268,凱基台北,7000,3000,4000,34.8429,34.8833
2026-07-31,9300,華南永昌,39000,0,39000,35.2115,
2026-07-31,961Y,富邦屏東,0,1000,-1000,,35.65
2026-07-31,9686,富邦宜蘭,0,10000,-10000,,34.14
2026-07-31,980a,元大中北,1000,0,1000,34.25,
2026-07-31,982F,元大忠鼎,0,2000,-2000,,35.65
2026-07-31,983B,元大林森,1000,0,1000,34.8,
2026-07-31,9852,元大永春,0,2000,-2000,,35.5
2026-07-31,9892,元大屏東,0,3000,-3000,,35.5
2026-07-31,989L,元大成功,1000,0,1000,34.25,
2026-07-31,9A00,永豐金,0,1000,-1000,,35.0
2026-07-31,9A9S,永豐南京,2000,0,2000,34.2,
2026-07-31,9B29,台新府城,1000,1000,0,34.1,34.9
2026-07-31,9B2m,台新成功,0,6000,-6000,,35.65
2026-07-31,9B2z,台新文心,1000,0,1000,35.5,
2026-08-03,1043,臺銀民權,0,5,-5,,35.5
2026-08-03,1470,台灣摩根,0,3000,-3000,,35.3833
2026-08-03,1480,美商高盛,0,2000,-2000,,35.275
2026-08-03,1590,花旗環球,1000,0,1000,35.6,
2026-08-03,5382,第一台中,0,10,-10,,35.5
2026-08-03,700I,兆豐北高,0,2000,-2000,,35.475
2026-08-03,845D,康和板橋,0,10,-10,,37.5
2026-08-03,8562,新光高雄,1000,1000,0,35.2,35.45
2026-08-03,8563,新光新竹,2000,0,2000,35.6,
2026-08-03,8565,新光桃園,3000,3000,0,35.45,35.5
2026-08-03,8888,國泰敦南,1000,1000,0,35.35,35.6
2026-08-03,913U,群益崇德,10,0,10,35.5,
2026-08-03,918z,群益宜蘭,2305,1000,1305,35.4566,35.6
2026-08-03,9200,凱基,0,2000,-2000,,35.325
2026-08-03,9205,凱基三重,1000,0,1000,35.35,
2026-08-03,9211,凱基台南,0,3000,-3000,,35.2833
2026-08-03,921C,凱基民權,500,0,500,37.402,
2026-08-03,9268,凱基台北,5000,0,5000,35.34,
2026-08-03,9272,凱基竹科,0,1000,-1000,,35.5
2026-08-03,9300,華南永昌,3000,0,3000,35.4333,
2026-08-03,9303,華南高雄,1000,0,1000,35.45,
2026-08-03,9319,華南鶯歌,0,200,-200,,35.6
2026-08-03,962C,富邦竹科,200,0,200,35.6,
2026-08-03,9825,元大新營,0,490,-490,,37.4
2026-08-03,9862,元大南京,1000,0,1000,35.2,
2026-08-03,9A00,永豐金,0,2000,-2000,,35.4
2026-08-03,9B1y,台新中壢,0,300,-300,,35.5
2026-08-04,1480,美商高盛,0,2000,-2000,,34.75
2026-08-04,1590,花旗環球,4000,0,4000,34.825,
2026-08-04,5853,統一中壢,1000,1000,0,34.7,34.85
2026-08-04,6164,中信託文,1000,0,1000,34.8,
2026-08-04,700M,兆豐桃園,0,5000,-5000,,34.76
2026-08-04,8440,摩根大通,1000,2000,-1000,34.9,34.825
2026-08-04,884H,玉山新竹,108,0,108,34.95,
2026-08-04,9200,凱基,0,1000,-1000,,34.6
2026-08-04,9268,凱基台北,6000,2000,4000,34.7917,34.725
2026-08-04,9300,華南永昌,3000,0,3000,34.7333,
2026-08-04,9319,華南鶯歌,0,80,-80,,35.6
2026-08-04,962C,富邦竹科,80,0,80,35.6,
2026-08-04,9654,富邦永和,1000,0,1000,34.8,
2026-08-04,989D,元大左營,60,0,60,34.95,
2026-08-04,989f,元大東港,50,0,50,34.95,
2026-08-04,9A00,永豐金,0,5218,-5218,,34.8063
2026-08-04,9A8F,永豐敦南,1000,0,1000,34.7,
2026-08-04,9B2m,台新成功,1000,1000,0,34.6,34.9
2026-08-05,1029,合庫鳳山,0,5000,-5000,,37.0
2026-08-05,126Q,宏遠高雄,0,1000,-1000,,37.2
2026-08-05,1470,台灣摩根,2000,0,2000,35.95,
2026-08-05,1480,美商高盛,2000,1000,1000,34.9,36.3
2026-08-05,1590,花旗環球,0,1000,-1000,,35.0
2026-08-05,1650,瑞銀,0,1000,-1000,,34.8
2026-08-05,538C,第一光復,0,1000,-1000,,35.85
2026-08-05,538j,第一安和,0,1000,-1000,,36.3
2026-08-05,6160,中國信託,0,1000,-1000,,34.9
2026-08-05,6167,中信松江,0,1000,-1000,,34.8
2026-08-05,700I,兆豐北高,1000,0,1000,37.4,
2026-08-05,700K,兆豐新營,1000,0,1000,36.3,
2026-08-05,700w,兆豐新莊,2000,0,2000,37.75,
2026-08-05,7790,國票綜合,91,0,91,35.3,
2026-08-05,8440,摩根大通,0,1000,-1000,,35.2
2026-08-05,845D,康和板橋,9,0,9,35.5,
2026-08-05,8520,中農,0,2000,-2000,,37.85
2026-08-05,8561,新光台中,11000,0,11000,36.5727,
2026-08-05,8562,新光高雄,1000,1000,0,34.8,34.9
2026-08-05,8565,新光桃園,0,2000,-2000,,35.925
2026-08-05,8881,國泰高雄,0,4000,-4000,,36.3
2026-08-05,8888,國泰敦南,0,2000,-2000,,35.975
2026-08-05,9100,群益,300,0,300,36.55,
2026-08-05,913U,群益崇德,1000,0,1000,34.9,
2026-08-05,918X,群益台北,0,1000,-1000,,38.0
2026-08-05,918z,群益宜蘭,0,1300,-1300,,37.2038
2026-08-05,9234,凱基竹北,0,1000,-1000,,38.0
2026-08-05,9268,凱基台北,12000,5000,7000,36.6875,35.85
2026-08-05,9386,華南東昇,0,1000,-1000,,36.0
2026-08-05,961K,富邦七賢,0,100,-100,,35.318
2026-08-05,9623,富邦台北,1000,1000,0,36.3,37.45
2026-08-05,962Q,富邦港都,1000,0,1000,37.2,
2026-08-05,9659,富邦高雄,0,1000,-1000,,37.0
2026-08-05,9663,富邦敦南,0,3000,-3000,,37.0
2026-08-05,9676,富邦仁愛,2000,0,2000,37.0,
2026-08-05,981L,元大莒光,0,1000,-1000,,34.8
2026-08-05,981Z,元大潮州,0,1000,-1000,,36.3
2026-08-05,981g,元大大里,10000,0,10000,35.875,
2026-08-05,981r,元大屏南,1000,0,1000,34.8,
2026-08-05,9824,元大向上,1000,0,1000,35.6,
2026-08-05,9852,元大永春,1000,1000,0,36.3,36.3
2026-08-05,985C,元大鳳中,0,1000,-1000,,35.0
2026-08-05,9892,元大屏東,0,2000,-2000,,35.7
2026-08-05,9A00,永豐金,5000,5000,0,35.87,36.16
2026-08-05,9A9J,永豐板新,1000,1000,0,34.65,35.55
2026-08-05,9B28,台新北新,2000,0,2000,36.875,
2026-08-05,9B29,台新府城,0,1000,-1000,,37.8
2026-08-05,9B2l,台新大裕,1000,1000,0,37.0,37.0
2026-08-05,9B2m,台新成功,1000,7000,-6000,34.8,35.95
2026-08-06,1043,臺銀民權,5000,0,5000,36.34,
2026-08-06,104C,臺銀高雄,5,0,5,36.55,
2026-08-06,1440,美林,3000,0,3000,37.0,
2026-08-06,1470,台灣摩根,0,1000,-1000,,36.2
2026-08-06,1480,美商高盛,0,1000,-1000,,37.0
2026-08-06,1590,花旗環球,0,1000,-1000,,36.45
2026-08-06,5382,第一台中,0,15,-15,,36.5
2026-08-06,585J,統一三重,15,0,15,36.5,
2026-08-06,700w,兆豐新莊,0,2000,-2000,,37.2
2026-08-06,8440,摩根大通,0,1000,-1000,,36.7
2026-08-06,8561,新光台中,5000,0,5000,36.35,
2026-08-06,8562,新光高雄,1000,1000,0,36.35,36.4
2026-08-06,9200,凱基,0,1000,-1000,,36.15
2026-08-06,9211,凱基台南,0,1000,-1000,,36.15
2026-08-06,9268,凱基台北,0,4000,-4000,,36.4875
2026-08-06,9319,華南鶯歌,0,1044,-1044,,36.4416
2026-08-06,9634,富邦羅東,0,5,-5,,36.55
2026-08-06,9663,富邦敦南,0,1000,-1000,,37.0
2026-08-06,9824,元大向上,0,1000,-1000,,36.35
2026-08-06,9837,元大北港,2000,0,2000,37.2,
2026-08-06,989D,元大左營,44,0,44,36.25,
2026-08-07,102F,合庫西台,0,8000,-8000,,37.425
2026-08-07,1043,臺銀民權,10000,0,10000,37.275,
2026-08-07,104C,臺銀高雄,0,2000,-2000,,37.7
2026-08-07,1470,台灣摩根,1000,0,1000,38.35,
2026-08-07,1480,美商高盛,1000,0,1000,37.7,
2026-08-07,1590,花旗環球,0,2000,-2000,,37.45
2026-08-07,5382,第一台中,0,5,-5,,36.9
2026-08-07,538Y,第一中壢,25,0,25,37.35,
2026-08-07,5862,盈溢楠梓,4000,0,4000,37.575,
2026-08-07,6163,中信託永,0,1000,-1000,,37.0
2026-08-07,7790,國票綜合,334,0,334,37.3184,
2026-08-07,8380,安泰,0,3000,-3000,,37.0
2026-08-07,845D,康和板橋,10,9,1,37.9,38.9
2026-08-07,8561,新光台中,10000,0,10000,37.88,
2026-08-07,8562,新光高雄,1000,1000,0,36.75,37.45
2026-08-07,8565,新光桃園,0,1000,-1000,,37.9
2026-08-07,8581,聯邦高雄,0,215,-215,,37.4
2026-08-07,8847,玉山台南,0,10000,-10000,,37.2
2026-08-07,8888,國泰敦南,0,1024,-1024,,37.9742
2026-08-07,9100,群益,46,300,-254,36.55,37.9
2026-08-07,918z,群益宜蘭,300,0,300,37.9,
2026-08-07,9205,凱基三重,0,1000,-1000,,37.5
2026-08-07,9211,凱基台南,103,1000,-897,38.9,36.75
2026-08-07,921E,凱基三峽,0,25,-25,,37.24
2026-08-07,9268,凱基台北,13000,1000,12000,37.2308,38.35
2026-08-07,9300,華南永昌,0,2000,-2000,,37.6
2026-08-07,961K,富邦七賢,0,94,-94,,38.9
2026-08-07,961Y,富邦屏東,0,1000,-1000,,38.0
2026-08-07,9623,富邦台北,4000,0,4000,37.4,
2026-08-07,962E,富邦樹林,0,1000,-1000,,38.0
2026-08-07,9634,富邦羅東,0,10,-10,,37.0
2026-08-07,9661,富邦新店,0,46,-46,,36.55
2026-08-07,9814,元大大益,0,6000,-6000,,37.9333
2026-08-07,981C,元大路竹,0,3000,-3000,,37.8667
2026-08-07,981I,元大天母,1000,0,1000,37.45,
2026-08-07,981Z,元大潮州,0,2000,-2000,,37.5
2026-08-07,981g,元大大里,10000,0,10000,37.665,
2026-08-07,9837,元大北港,0,2000,-2000,,37.0
2026-08-07,9858,元大龍潭,0,1000,-1000,,37.65
2026-08-07,989A,元大北投,86,0,86,37.0,
2026-08-07,9A9K,永豐三重,0,1000,-1000,,37.4
2026-08-07,9A9M,永豐南投,0,76,-76,,37.0
2026-08-07,9B00,台新證券,0,1000,-1000,,37.45
2026-08-07,9B29,台新府城,0,100,-100,,37.35
2026-08-07,9B2P,台新同大,0,3000,-3000,,37.6
2026-08-10,1040,臺銀,1000,0,1000,40.5,
2026-08-10,1042,臺銀臺南,17,0,17,40.6,
2026-08-10,1043,臺銀民權,6000,0,6000,39.25,
2026-08-10,104C,臺銀高雄,2000,0,2000,40.5,
2026-08-10,1470,台灣摩根,0,2000,-2000,,40.45
2026-08-10,1560,港商野村,0,1000,-1000,,39.1
2026-08-10,1650,瑞銀,4000,0,4000,40.1125,
2026-08-10,5382,第一台中,0,5,-5,,40.1
2026-08-10,5383,第一高雄,0,700,-700,,40.2
2026-08-10,5857,統一新竹,0,1000,-1000,,40.45
2026-08-10,601d,?亞鑫豐,0,7000,-7000,,39.8214
2026-08-10,6164,中信託文,20000,80,19920,40.8,39.9
2026-08-10,616A,中信中壢,0,1000,-1000,,40.2
2026-08-10,6381,光和溪湖,0,1000,-1000,,40.3
2026-08-10,6620,口袋,0,4008,-4008,,39.9626
2026-08-10,700K,兆豐新營,0,1000,-1000,,39.8
2026-08-10,7790,國票綜合,868,24,844,40.1642,40.4833
2026-08-10,779r,國票桃園,1000,1000,0,40.9,39.25
2026-08-10,845B,康和永和,2000,0,2000,40.2,
2026-08-10,845D,康和板橋,171,0,171,39.9,
2026-08-10,8581,聯邦高雄,0,61,-61,,39.6754
2026-08-10,8843,玉山高雄,46,0,46,39.7,
2026-08-10,8888,國泰敦南,50,2000,-1950,40.2,40.55
2026-08-10,888A,國泰館前,0,2000,-2000,,40.0
2026-08-10,9100,群益,0,10,-10,,40.0
2026-08-10,918z,群益宜蘭,1000,1100,-100,40.75,40.5727
2026-08-10,9211,凱基台南,200,1000,-800,40.2,40.0
2026-08-10,9215,凱基高美,0,1000,-1000,,40.45
2026-08-10,921E,凱基三峽,0,5,-5,,39.8
2026-08-10,9234,凱基竹北,0,254,-254,,39.9
2026-08-10,9268,凱基台北,10000,21000,-11000,39.635,40.769
2026-08-10,9283,凱基北門,2000,1000,1000,39.9,40.75
2026-08-10,9288,凱基埔墘,200,0,200,40.2,
2026-08-10,9300,華南永昌,0,2000,-2000,,40.3
2026-08-10,9623,富邦台北,2000,0,2000,39.85,
2026-08-10,9624,富邦竹北,100,0,100,40.3,
2026-08-10,962E,富邦樹林,0,2000,-2000,,40.125
2026-08-10,9634,富邦羅東,0,15,-15,,40.2
2026-08-10,9654,富邦永和,0,1000,-1000,,40.8
2026-08-10,9800,元大,1000,1000,0,40.15,40.55
2026-08-10,981R,元大竹山,0,5000,-5000,,39.25
2026-08-10,9838,元大豐原,1000,0,1000,40.2,
2026-08-10,9871,元大忠孝,0,1000,-1000,,39.0
2026-08-10,9896,元大台南,0,1000,-1000,,39.5
2026-08-10,9898,元大新莊,18,0,18,39.8333,
2026-08-10,9899,元大淡水,0,1000,-1000,,40.6
2026-08-10,989J,元大彰生,61,0,61,39.9,
2026-08-10,989V,元大北重,20,0,20,39.8,
2026-08-10,9A00,永豐金,0,1000,-1000,,40.0
2026-08-10,9A69,永豐屏東,0,3000,-3000,,40.5
2026-08-10,9A9C,永豐員林,1000,0,1000,40.3,
2026-08-10,9A9D,永豐忠孝,1000,1000,0,39.25,39.7
2026-08-10,9A9h,永豐台南,2000,0,2000,39.0,
2026-08-10,9A9J,永豐板新,1000,1000,0,40.2,39.0
2026-08-10,9B00,台新證券,1000,0,1000,40.5,
2026-08-10,9B16,台新台南,0,300,-300,,40.2
2026-08-10,9B19,台新新莊,1000,0,1000,40.5,
2026-08-10,9B1d,台新左楠,1000,0,1000,39.5,
2026-08-10,9B29,台新府城,0,189,-189,,40.2
2026-08-10,9B2q,台新屏新,0,5000,-5000,,39.9
2026-08-10,9B2U,台新宜蘭,0,1000,-1000,,40.6
2026-08-10,9B2z,台新文心,13000,0,13000,40.4269,
2026-08-11,1470,台灣摩根,0,4000,-4000,,39.6625
2026-08-11,1043,臺銀民權,7000,0,7000,39.5571,
2026-08-11,1023,合庫高雄,0,4000,-4000,,39.5875
2026-08-11,9835,元大中山,6000,0,6000,39.575,
2026-08-11,9837,元大北港,4000,0,4000,39.7625,
2026-08-11,9857,元大蘆洲,100,0,100,39.55,
2026-08-11,988C,元大三重,69,0,69,40.0,
2026-08-11,9A9C,永豐員林,0,1000,-1000,,39.3
2026-08-11,9A9H,永豐新莊,4000,0,4000,39.5375,
2026-08-11,982C,元大六合,1000,0,1000,39.6,
2026-08-11,1480,美商高盛,0,2000,-2000,,39.4
2026-08-11,8843,玉山高雄,126,0,126,39.8778,
2026-08-11,5383,第一高雄,0,2000,-2000,,39.6
2026-08-11,6160,中國信託,200,0,200,39.5,
2026-08-11,7790,國票綜合,29,208,-179,39.6,39.7274
2026-08-11,8847,玉山台南,0,1000,-1000,,39.6
2026-08-11,8888,國泰敦南,0,50,-50,,39.6
2026-08-11,9100,群益,0,36,-36,,39.7139
2026-08-11,9268,凱基台北,1000,7000,-6000,39.3,39.65
2026-08-11,9283,凱基北門,1000,0,1000,39.95,
2026-08-11,9616,富邦岡山,70,0,70,39.7,
2026-08-11,1590,花旗環球,0,1000,-1000,,39.5
2026-08-11,9623,富邦台北,3000,0,3000,39.3,
2026-08-11,5382,第一台中,0,10,-10,,39.775
2026-08-11,538Y,第一中壢,5,0,5,39.8,
2026-08-11,9B2z,台新文心,0,1000,-1000,,39.7
2026-08-11,9A9L,永豐台中,0,4000,-4000,,39.4
2026-08-11,9A00,永豐金,0,2000,-2000,,39.6
2026-08-11,9878,元大金華,0,95,-95,,39.95
2026-08-11,981Z,元大潮州,1000,1000,0,40.0,39.45
2026-08-11,981q,元大萬華,0,1000,-1000,,39.6
2026-08-11,9634,富邦羅東,0,1000,-1000,,39.6
2026-08-11,961P,富邦和美,5000,0,5000,39.7,
2026-08-11,9287,凱基內湖,0,1000,-1000,,39.55
2026-08-11,918z,群益宜蘭,0,200,-200,,39.5
2026-08-11,8880,國泰綜合,1000,0,1000,39.5,
2026-08-11,7750,北城,1000,0,1000,39.3,
2026-08-11,9B2r,台新城東,0,1000,-1000,,39.95
2026-08-11,9658,富邦建國,0,1000,-1000,,40.0
2026-08-12,1470,台灣摩根,0,3000,-3000,,38.8
2026-08-12,5382,第一台中,0,5,-5,,38.5
2026-08-12,5856,統一台中,0,7,-7,,39.15
2026-08-12,8560,新光,25,0,25,39.15,
2026-08-12,8561,新光台中,1000,0,1000,38.5,
2026-08-12,8843,玉山高雄,0,100,-100,,39.15
2026-08-12,884C,玉山信義,100,0,100,39.15,
2026-08-12,9211,凱基台南,0,1000,-1000,,39.35
2026-08-12,9268,凱基台北,1000,0,1000,38.8,
2026-08-12,9623,富邦台北,2000,0,2000,38.8,
2026-08-12,9800,元大,5000,0,5000,39.29,
2026-08-12,9831,元大四維,0,1000,-1000,,39.15
2026-08-12,9837,元大北港,4000,0,4000,38.75,
2026-08-12,9898,元大新莊,0,18,-18,,39.15
2026-08-12,989V,元大北重,5,0,5,38.5,
2026-08-12,9A00,永豐金,0,2000,-2000,,39.275
2026-08-12,9A9L,永豐台中,0,1000,-1000,,38.6
2026-08-12,9A9N,永豐桃盛,0,1000,-1000,,39.4
2026-08-12,9B1g,台新高雄,0,5000,-5000,,38.7
2026-08-12,9B2z,台新文心,1000,0,1000,38.6,
2026-08-13,1043,臺銀民權,1000,0,1000,38.55,
2026-08-13,1470,台灣摩根,0,2000,-2000,,38.4
2026-08-13,1480,美商高盛,2000,0,2000,39.1,
2026-08-13,5382,第一台中,0,3,-3,,39.0
2026-08-13,6620,口袋,3,0,3,39.1,
2026-08-13,7790,國票綜合,0,13,-13,,38.7538
2026-08-13,8440,摩根大通,0,1000,-1000,,39.1
2026-08-13,8561,新光台中,1000,0,1000,38.5,
2026-08-13,8881,國泰高雄,0,1000,-1000,,39.1
2026-08-13,918s,群益丹鳳,0,1000,-1000,,38.6
2026-08-13,9202,凱基中港,1000,0,1000,38.5,
2026-08-13,9211,凱基台南,0,1000,-1000,,39.0
2026-08-13,9268,凱基台北,1000,6000,-5000,38.4,38.7
2026-08-13,9283,凱基北門,0,2000,-2000,,38.5
2026-08-13,9300,華南永昌,0,1000,-1000,,39.0
2026-08-13,9623,富邦台北,4000,1000,3000,38.55,39.1
2026-08-13,9676,富邦仁愛,0,2000,-2000,,38.6
2026-08-13,9800,元大,5000,0,5000,38.94,
2026-08-13,981C,元大路竹,1000,0,1000,39.1,
2026-08-13,9837,元大北港,1000,0,1000,38.8,
2026-08-13,989V,元大北重,10,0,10,38.65,
2026-08-13,9A00,永豐金,1003,2000,-997,38.5015,38.775
2026-08-13,9B2z,台新文心,2000,0,2000,38.6,
