date,issued_shares,foreign_holding_shares,big_holder_over400_shares,big_holder_over1000_shares,locked_shares,free_float_shares,locked_pct,source,fetched_at
2015-01-30,151937297,9824329,91532275,79858899,79858899,72078398,0.525604,finmind,2026-07-22T04:17:31.412074+08:00
2015-02-26,151937297,9856330,91374275,79739899,79739899,72197398,0.524821,finmind,2026-07-22T04:17:31.412074+08:00
2015-03-31,151937297,9763330,91572655,79074899,79074899,72862398,0.520444,finmind,2026-07-22T04:17:31.412074+08:00
2015-04-30,151937297,9951330,89928655,78549899,78549899,73387398,0.516989,finmind,2026-07-22T04:17:31.412074+08:00
2015-05-08,151937297,9871330,90389655,78538899,78538899,73398398,0.516917,finmind,2026-07-22T04:17:31.412074+08:00
2015-05-15,151937297,9819330,89930655,78481899,78481899,73455398,0.516541,finmind,2026-07-22T04:17:31.412074+08:00
2015-05-22,151937297,9853330,89062655,77041820,77041820,74895477,0.507063,finmind,2026-07-22T04:17:31.412074+08:00
2015-05-29,151937297,9848330,88631576,77051820,77051820,74885477,0.507129,finmind,2026-07-22T04:17:31.412074+08:00
2015-06-05,151937297,9850330,88244576,77127820,77127820,74809477,0.507629,finmind,2026-07-22T04:17:31.412074+08:00
2015-06-12,151937297,9856330,89150576,77185820,77185820,74751477,0.508011,finmind,2026-07-22T04:17:31.412074+08:00
2015-06-18,151937297,9916330,88783576,77226820,77226820,74710477,0.508281,finmind,2026-07-22T04:17:31.412074+08:00
2015-06-26,151937297,9957330,88828576,77290820,77290820,74646477,0.508702,finmind,2026-07-22T04:17:31.412074+08:00
2015-07-03,153297669,10009788,88826576,77275820,77275820,76021849,0.50409,finmind,2026-07-22T04:17:31.412074+08:00
2015-07-09,153297669,10053788,88828576,77275820,77275820,76021849,0.50409,finmind,2026-07-22T04:17:31.412074+08:00
2015-07-17,153297669,10038788,88834576,77281820,77281820,76015849,0.504129,finmind,2026-07-22T04:17:31.412074+08:00
2015-07-24,153297669,10085788,88747576,77192820,77192820,76104849,0.503549,finmind,2026-07-22T04:17:31.412074+08:00
2015-07-31,153297669,10085788,89319576,77242820,77242820,76054849,0.503875,finmind,2026-07-22T04:17:31.412074+08:00
2015-08-07,153297669,10070788,89387527,76522820,76522820,76774849,0.499178,finmind,2026-07-22T04:17:31.412074+08:00
2015-08-14,153297669,10070788,89706717,76522820,76522820,76774849,0.499178,finmind,2026-07-22T04:17:31.412074+08:00
2015-08-21,153297669,10040788,89128717,76259820,76259820,77037849,0.497462,finmind,2026-07-22T04:17:31.412074+08:00
2015-08-28,153297669,10040788,89113717,76194820,76194820,77102849,0.497038,finmind,2026-07-22T04:17:31.412074+08:00
2015-09-04,153297669,9949788,89175717,77215820,77215820,76081849,0.503699,finmind,2026-07-22T04:17:31.412074+08:00
2015-09-11,153297669,9811788,89299717,78224820,78224820,75072849,0.510281,finmind,2026-07-22T04:17:31.412074+08:00
2015-09-18,153297669,9791788,89663717,78112820,78112820,75184849,0.50955,finmind,2026-07-22T04:17:31.412074+08:00
2015-09-25,153297669,9795788,89612717,78052820,78052820,75244849,0.509159,finmind,2026-07-22T04:17:31.412074+08:00
2015-10-02,153297669,9742788,89124717,78052820,78052820,75244849,0.509159,finmind,2026-07-22T04:17:31.412074+08:00
2015-10-08,153297669,9688788,89180717,78058820,78058820,75238849,0.509198,finmind,2026-07-22T04:17:31.412074+08:00
2015-10-16,153297669,9650316,89082717,77945820,77945820,75351849,0.508461,finmind,2026-07-22T04:17:31.412074+08:00
2015-10-23,153297669,9643316,88350717,76232820,76232820,77064849,0.497286,finmind,2026-07-22T04:17:31.412074+08:00
2015-10-30,153297669,9643316,88252269,77160820,77160820,76136849,0.50334,finmind,2026-07-22T04:17:31.412074+08:00
2015-11-06,153297669,9643316,87771269,75629820,75629820,77667849,0.493353,finmind,2026-07-22T04:17:31.412074+08:00
2015-11-13,153297669,9643316,88411269,75888820,75888820,77408849,0.495042,finmind,2026-07-22T04:17:31.412074+08:00
2015-11-20,153297669,9657316,87333269,75530820,75530820,77766849,0.492707,finmind,2026-07-22T04:17:31.412074+08:00
2015-11-27,153297669,9657316,86876269,75530820,75530820,77766849,0.492707,finmind,2026-07-22T04:17:31.412074+08:00
2015-12-04,151192669,9658316,86950269,75530820,75530820,75661849,0.499567,finmind,2026-07-22T04:17:31.412074+08:00
2015-12-11,151192669,9665316,84916269,73425820,73425820,77766849,0.485644,finmind,2026-07-22T04:17:31.412074+08:00
2015-12-18,151192669,9674316,84982269,73425820,73425820,77766849,0.485644,finmind,2026-07-22T04:17:31.412074+08:00
2015-12-25,151192669,9739316,84535269,73451820,73451820,77740849,0.485816,finmind,2026-07-22T04:17:31.412074+08:00
2015-12-31,151192669,9730316,85380269,73443820,73443820,77748849,0.485763,finmind,2026-07-22T04:17:31.412074+08:00
2016-01-08,151192669,9695316,85552269,73491820,73491820,77700849,0.486081,finmind,2026-07-22T04:17:31.412074+08:00
2016-01-15,150865669,9677316,85349269,73164820,73164820,77700849,0.484967,finmind,2026-07-22T04:17:31.412074+08:00
2016-01-22,150865669,9676316,86091269,73219820,73219820,77645849,0.485331,finmind,2026-07-22T04:17:31.412074+08:00
2016-01-30,150865669,9676316,86221269,73326820,73326820,77538849,0.48604,finmind,2026-07-22T04:17:31.412074+08:00
2016-02-03,150865669,9676316,86770269,73375820,73375820,77489849,0.486365,finmind,2026-07-22T04:17:31.412074+08:00
2016-02-19,150865669,9696316,87024269,73476820,73476820,77388849,0.487035,finmind,2026-07-22T04:17:31.412074+08:00
2016-02-26,150865669,9699316,86866269,74533820,74533820,76331849,0.494041,finmind,2026-07-22T04:17:31.412074+08:00
2016-03-04,150865669,9830316,87132269,74832820,74832820,76032849,0.496023,finmind,2026-07-22T04:17:31.412074+08:00
2016-03-11,150865669,9704316,88046269,74760820,74760820,76104849,0.495546,finmind,2026-07-22T04:17:31.412074+08:00
2016-03-18,150865669,9820316,87523269,73738820,73738820,77126849,0.488771,finmind,2026-07-22T04:17:31.412074+08:00
2016-03-25,150865669,9709316,87846269,73446820,73446820,77418849,0.486836,finmind,2026-07-22T04:17:31.412074+08:00
2016-04-01,150865669,9690316,87932269,73418820,73418820,77446849,0.48665,finmind,2026-07-22T04:17:31.412074+08:00
2016-04-08,150865669,9778316,87955269,73409820,73409820,77455849,0.486591,finmind,2026-07-22T04:17:31.412074+08:00
2016-04-15,150865669,9614316,87925269,73327820,73327820,77537849,0.486047,finmind,2026-07-22T04:17:31.412074+08:00
2016-04-22,150089669,9597316,87912269,73287820,73287820,76801849,0.488294,finmind,2026-07-22T04:17:31.412074+08:00
2016-04-29,150089669,9601316,87033269,72390820,72390820,77698849,0.482317,finmind,2026-07-22T04:17:31.412074+08:00
2016-05-06,150089669,9577316,86919269,72313820,72313820,77775849,0.481804,finmind,2026-07-22T04:17:31.412074+08:00
2016-05-13,150089669,9615316,87027269,72392820,72392820,77696849,0.48233,finmind,2026-07-22T04:17:31.412074+08:00
2016-05-20,150089669,9818316,87802269,71594820,71594820,78494849,0.477014,finmind,2026-07-22T04:17:31.412074+08:00
2016-05-27,150089669,9658316,87355269,71334820,71334820,78754849,0.475281,finmind,2026-07-22T04:17:31.412074+08:00
2016-06-04,150089669,9634316,87283269,72507820,72507820,77581849,0.483097,finmind,2026-07-22T04:17:31.412074+08:00
2016-06-08,150089669,9684316,87275269,72507820,72507820,77581849,0.483097,finmind,2026-07-22T04:17:31.412074+08:00
2016-06-17,150089669,9980967,86699850,72514820,72514820,77574849,0.483143,finmind,2026-07-22T04:17:31.412074+08:00
2016-06-24,150089669,9851967,87350850,71501820,71501820,78587849,0.476394,finmind,2026-07-22T04:17:31.412074+08:00
2016-07-01,150089669,9877967,87557248,71833598,71833598,78256071,0.478605,finmind,2026-07-22T04:17:31.412074+08:00
2016-07-07,150089669,9841967,87565248,71833598,71833598,78256071,0.478605,finmind,2026-07-22T04:17:31.412074+08:00
2016-07-15,150089669,9842967,87716248,71833598,71833598,78256071,0.478605,finmind,2026-07-22T04:17:31.412074+08:00
2016-07-22,150089669,10163967,87412248,72872598,72872598,77217071,0.485527,finmind,2026-07-22T04:17:31.412074+08:00
2016-07-29,150089669,9721967,84551248,68483598,68483598,81606071,0.456285,finmind,2026-07-22T04:17:31.412074+08:00
2016-08-05,150089669,9723967,84601248,68483598,68483598,81606071,0.456285,finmind,2026-07-22T04:17:31.412074+08:00
2016-08-12,150089669,9734967,84888248,69497598,69497598,80592071,0.463041,finmind,2026-07-22T04:17:31.412074+08:00
2016-08-19,150089669,9913967,85184248,69804598,69804598,80285071,0.465086,finmind,2026-07-22T04:17:31.412074+08:00
2016-08-26,150089669,10007967,85260248,69811598,69811598,80278071,0.465133,finmind,2026-07-22T04:17:31.412074+08:00
2016-09-02,149233669,10004967,85559248,70092598,70092598,79141071,0.469684,finmind,2026-07-22T04:17:31.412074+08:00
2016-09-10,149233669,10094967,84842248,68885525,68885525,80348144,0.461595,finmind,2026-07-22T04:17:31.412074+08:00
2016-09-14,149233669,10097967,84817248,68885525,68885525,80348144,0.461595,finmind,2026-07-22T04:17:31.412074+08:00
2016-09-23,149233669,10131967,84779248,68885525,68885525,80348144,0.461595,finmind,2026-07-22T04:17:31.412074+08:00
2016-09-30,149233669,10131967,84723248,68843525,68843525,80390144,0.461314,finmind,2026-07-22T04:17:31.412074+08:00
2016-10-07,149233669,10190967,84753248,68843525,68843525,80390144,0.461314,finmind,2026-07-22T04:17:31.412074+08:00
2016-10-14,149233669,10140967,84741248,68843525,68843525,80390144,0.461314,finmind,2026-07-22T04:17:31.412074+08:00
2016-10-21,149233669,10136967,84801248,68846525,68846525,80387144,0.461334,finmind,2026-07-22T04:17:31.412074+08:00
2016-10-28,149233669,10066320,84120248,65880167,65880167,83353502,0.441456,finmind,2026-07-22T04:17:31.412074+08:00
2016-11-04,149233669,10095320,83448890,66930686,66930686,82302983,0.448496,finmind,2026-07-22T04:17:31.412074+08:00
2016-11-11,149233669,10097320,83432890,67586686,67586686,81646983,0.452892,finmind,2026-07-22T04:17:31.412074+08:00
2016-11-18,149233669,10421320,83420890,67586686,67586686,81646983,0.452892,finmind,2026-07-22T04:17:31.412074+08:00
2016-11-25,149233669,10597320,83763885,68408686,68408686,80824983,0.4584,finmind,2026-07-22T04:17:31.412074+08:00
2016-12-02,149233669,10645320,84448885,69841686,69841686,79391983,0.468002,finmind,2026-07-22T04:17:31.412074+08:00
2016-12-09,149233669,10641320,84607885,69962686,69962686,79270983,0.468813,finmind,2026-07-22T04:17:31.412074+08:00
2016-12-16,149233669,10628320,84601934,70133686,70133686,79099983,0.469959,finmind,2026-07-22T04:17:31.412074+08:00
2016-12-30,149233669,10624320,83843934,70090686,70090686,79142983,0.469671,finmind,2026-07-22T04:17:31.412074+08:00
2017-01-06,149233669,10624320,83761934,70025686,70025686,79207983,0.469235,finmind,2026-07-22T04:17:31.412074+08:00
2017-01-13,149233669,10637320,83843934,70025686,70025686,79207983,0.469235,finmind,2026-07-22T04:17:31.412074+08:00
2017-01-20,148763669,10641320,83333861,70025686,70025686,78737983,0.470718,finmind,2026-07-22T04:17:31.412074+08:00
2017-01-26,148763669,10641320,83341861,70025686,70025686,78737983,0.470718,finmind,2026-07-22T04:17:31.412074+08:00
2017-02-03,148763669,10647320,83172861,70025686,70025686,78737983,0.470718,finmind,2026-07-22T04:17:31.412074+08:00
2017-02-10,148763669,10675320,83192861,70025686,70025686,78737983,0.470718,finmind,2026-07-22T04:17:31.412074+08:00
2017-02-18,148763669,10677320,83171861,70025686,70025686,78737983,0.470718,finmind,2026-07-22T04:17:31.412074+08:00
2017-02-24,148763669,10701320,83190881,68948686,68948686,79814983,0.463478,finmind,2026-07-22T04:17:31.412074+08:00
2017-03-03,148763669,10702320,83645881,68948686,68948686,79814983,0.463478,finmind,2026-07-22T04:17:31.412074+08:00
2017-03-10,148763669,10700320,83542881,68948686,68948686,79814983,0.463478,finmind,2026-07-22T04:17:31.412074+08:00
2017-03-17,148763669,10701321,83138881,70023686,70023686,78739983,0.470704,finmind,2026-07-22T04:17:31.412074+08:00
2017-03-24,148763669,10703322,83102881,69979686,69979686,78783983,0.470408,finmind,2026-07-22T04:17:31.412074+08:00
2017-03-31,148763669,10701323,82660881,69984686,69984686,78778983,0.470442,finmind,2026-07-22T04:17:31.412074+08:00
2017-04-07,148763669,10693323,82668881,69978686,69978686,78784983,0.470402,finmind,2026-07-22T04:17:31.412074+08:00
2017-04-14,148763669,10625323,82748881,69998686,69998686,78764983,0.470536,finmind,2026-07-22T04:17:31.412074+08:00
2017-04-21,148763669,10627323,83163881,68948686,68948686,79814983,0.463478,finmind,2026-07-22T04:17:31.412074+08:00
2017-04-28,148763669,10624323,83401881,68948686,68948686,79814983,0.463478,finmind,2026-07-22T04:17:31.412074+08:00
2017-05-05,148763669,10624323,83442881,68948686,68948686,79814983,0.463478,finmind,2026-07-22T04:17:31.412074+08:00
2017-05-12,148763669,10624323,83447881,68948686,68948686,79814983,0.463478,finmind,2026-07-22T04:17:31.412074+08:00
2017-05-19,148763669,10624323,82791881,68948686,68948686,79814983,0.463478,finmind,2026-07-22T04:17:31.412074+08:00
2017-05-26,148763669,10628323,82802881,68948686,68948686,79814983,0.463478,finmind,2026-07-22T04:17:31.412074+08:00
2017-06-03,148763669,10629323,82797881,68948686,68948686,79814983,0.463478,finmind,2026-07-22T04:17:31.412074+08:00
2017-06-09,148763669,10629323,82842881,70003686,70003686,78759983,0.47057,finmind,2026-07-22T04:17:31.412074+08:00
2017-06-16,148763669,10630323,84092881,69993686,69993686,78769983,0.470503,finmind,2026-07-22T04:17:31.412074+08:00
2017-06-23,148763669,10566048,83839881,70016686,70016686,78746983,0.470657,finmind,2026-07-22T04:17:31.412074+08:00
2017-06-30,148763669,10565048,84078881,71476686,71476686,77286983,0.480471,finmind,2026-07-22T04:17:31.412074+08:00
2017-07-07,148763669,10567048,83792881,71191686,71191686,77571983,0.478556,finmind,2026-07-22T04:17:31.412074+08:00
2017-07-14,148763669,10580048,83433881,70151800,70151800,78611869,0.471565,finmind,2026-07-22T04:17:31.412074+08:00
2017-07-21,148763669,10593048,83341995,70286800,70286800,78476869,0.472473,finmind,2026-07-22T04:17:31.412074+08:00
2017-07-28,148763669,10607048,83438995,71335800,71335800,77427869,0.479524,finmind,2026-07-22T04:17:31.412074+08:00
2017-08-04,148763669,10589048,83205995,71635800,71635800,77127869,0.481541,finmind,2026-07-22T04:17:31.412074+08:00
2017-08-11,148763669,10595048,83265995,71227800,71227800,77535869,0.478798,finmind,2026-07-22T04:17:31.412074+08:00
2017-08-18,148763669,10589048,83263995,71157800,71157800,77605869,0.478328,finmind,2026-07-22T04:17:31.412074+08:00
2017-08-25,148763669,10589048,82878995,71366800,71366800,77396869,0.479733,finmind,2026-07-22T04:17:31.412074+08:00
2017-09-01,148763669,10589048,82969995,71458800,71458800,77304869,0.480351,finmind,2026-07-22T04:17:31.412074+08:00
2017-09-08,148763669,10598048,82737995,70338800,70338800,78424869,0.472822,finmind,2026-07-22T04:17:31.412074+08:00
2017-09-15,148763669,10623048,80331296,67651101,67651101,81112568,0.454756,finmind,2026-07-22T04:17:31.412074+08:00
2017-09-22,148763669,10645048,80198624,67605101,67605101,81158568,0.454446,finmind,2026-07-22T04:17:31.412074+08:00
2017-09-30,148763669,10633048,79273624,68401101,68401101,80362568,0.459797,finmind,2026-07-22T04:17:31.412074+08:00
2017-10-06,148763669,10539048,79262624,66701101,66701101,82062568,0.44837,finmind,2026-07-22T04:17:31.412074+08:00
2017-10-13,148763669,10533048,78459624,66685101,66685101,82078568,0.448262,finmind,2026-07-22T04:17:31.412074+08:00
2017-10-20,148763669,10635048,77588624,66704101,66704101,82059568,0.44839,finmind,2026-07-22T04:17:31.412074+08:00
2017-10-27,148763669,10601048,77439624,66695101,66695101,82068568,0.448329,finmind,2026-07-22T04:17:31.412074+08:00
2017-11-03,148763669,10637048,77566624,66739101,66739101,82024568,0.448625,finmind,2026-07-22T04:17:31.412074+08:00
2017-11-10,148763669,10642048,77112624,66730101,66730101,82033568,0.448565,finmind,2026-07-22T04:17:31.412074+08:00
2017-11-17,148763669,10529048,77193624,66726101,66726101,82037568,0.448538,finmind,2026-07-22T04:17:31.412074+08:00
2017-11-24,148763669,10576048,77174624,66704101,66704101,82059568,0.44839,finmind,2026-07-22T04:17:31.412074+08:00
2017-12-01,148763669,10601048,77133624,66656101,66656101,82107568,0.448067,finmind,2026-07-22T04:17:31.412074+08:00
2017-12-08,148763669,10530048,77510624,65624101,65624101,83139568,0.44113,finmind,2026-07-22T04:17:31.412074+08:00
2017-12-15,148763669,10587048,77509624,66643101,66643101,82120568,0.44798,finmind,2026-07-22T04:17:31.412074+08:00
2017-12-22,148763669,10633048,77648624,65624101,65624101,83139568,0.44113,finmind,2026-07-22T04:17:31.412074+08:00
2018-01-05,148763669,10660348,77659434,65624101,65624101,83139568,0.44113,finmind,2026-07-22T04:17:31.412074+08:00
2018-01-12,148763669,10648348,77135434,66633101,66633101,82130568,0.447912,finmind,2026-07-22T04:17:31.412074+08:00
2018-01-19,148763669,10695348,77181434,66644101,66644101,82119568,0.447986,finmind,2026-07-22T04:17:31.412074+08:00
2018-01-26,148763669,10689348,77144434,66638101,66638101,82125568,0.447946,finmind,2026-07-22T04:17:31.412074+08:00
2018-02-02,148763669,10628348,77010434,65624101,65624101,83139568,0.44113,finmind,2026-07-22T04:17:31.412074+08:00
2018-02-09,148763669,10574348,77036434,65624101,65624101,83139568,0.44113,finmind,2026-07-22T04:17:31.412074+08:00
2018-02-14,148763669,10574348,77021434,65624101,65624101,83139568,0.44113,finmind,2026-07-22T04:17:31.412074+08:00
2018-02-23,148763669,10580348,77041434,65624101,65624101,83139568,0.44113,finmind,2026-07-22T04:17:31.412074+08:00
2018-03-02,148763669,10577348,77077434,65624101,65624101,83139568,0.44113,finmind,2026-07-22T04:17:31.412074+08:00
2018-03-09,148763669,10639348,77197434,66682101,66682101,82081568,0.448242,finmind,2026-07-22T04:17:31.412074+08:00
2018-03-16,148763669,10685348,77173434,66660101,66660101,82103568,0.448094,finmind,2026-07-22T04:17:31.412074+08:00
2018-03-23,148763669,10685348,77316434,66809101,66809101,81954568,0.449096,finmind,2026-07-22T04:17:31.412074+08:00
2018-03-31,148763669,10686348,77301434,66807101,66807101,81956568,0.449082,finmind,2026-07-22T04:17:31.412074+08:00
2018-04-03,148763669,10686348,77342434,66831101,66831101,81932568,0.449243,finmind,2026-07-22T04:17:31.412074+08:00
2018-04-13,148763669,10686348,77730434,66828101,66828101,81935568,0.449223,finmind,2026-07-22T04:17:31.412074+08:00
2018-04-20,148763669,10686348,77634434,66780101,66780101,81983568,0.448901,finmind,2026-07-22T04:17:31.412074+08:00
2018-04-27,148763669,10686348,78034434,66785101,66785101,81978568,0.448934,finmind,2026-07-22T04:17:31.412074+08:00
2018-05-04,148763669,10686348,77552434,66763101,66763101,82000568,0.448786,finmind,2026-07-22T04:17:31.412074+08:00
2018-05-11,148763669,10686348,77870434,66709101,66709101,82054568,0.448423,finmind,2026-07-22T04:17:31.412074+08:00
2018-05-18,148763669,10711348,77426434,66746101,66746101,82017568,0.448672,finmind,2026-07-22T04:17:31.412074+08:00
2018-05-25,148763669,10733410,77643434,66961101,66961101,81802568,0.450117,finmind,2026-07-22T04:17:31.412074+08:00
2018-06-01,148763669,10762410,77772434,67051101,67051101,81712568,0.450722,finmind,2026-07-22T04:17:31.412074+08:00
2018-06-08,148763669,10753910,77690434,66008101,66008101,82755568,0.443711,finmind,2026-07-22T04:17:31.412074+08:00
2018-06-15,148763669,10753542,77291434,66122101,66122101,82641568,0.444477,finmind,2026-07-22T04:17:31.412074+08:00
2018-06-22,148763669,10753542,77317434,66136101,66136101,82627568,0.444572,finmind,2026-07-22T04:17:31.412074+08:00
2018-06-29,148763669,10753542,77263434,66087101,66087101,82676568,0.444242,finmind,2026-07-22T04:17:31.412074+08:00
2018-07-06,148763669,10752542,77270434,66088101,66088101,82675568,0.444249,finmind,2026-07-22T04:17:31.412074+08:00
2018-07-13,148763669,10752542,77301434,66149101,66149101,82614568,0.444659,finmind,2026-07-22T04:17:31.412074+08:00
2018-07-20,148763669,10893542,77085434,66521101,66521101,82242568,0.44716,finmind,2026-07-22T04:17:31.412074+08:00
2018-07-27,148763669,10893542,77311434,66957101,66957101,81806568,0.45009,finmind,2026-07-22T04:17:31.412074+08:00
2018-08-03,148763669,10893542,77201434,66861101,66861101,81902568,0.449445,finmind,2026-07-22T04:17:31.412074+08:00
2018-08-10,148763669,11673542,76048183,66922101,66922101,81841568,0.449855,finmind,2026-07-22T04:17:31.412074+08:00
2018-08-17,148763669,11658103,76176183,66891101,66891101,81872568,0.449647,finmind,2026-07-22T04:17:31.412074+08:00
2018-08-24,148763669,11635103,76321744,68022015,68022015,80741654,0.457249,finmind,2026-07-22T04:17:31.412074+08:00
2018-08-31,148763669,11621103,75898744,68062015,68062015,80701654,0.457518,finmind,2026-07-22T04:17:31.412074+08:00
2018-09-07,148763669,11604103,75858744,68013015,68013015,80750654,0.457188,finmind,2026-07-22T04:17:31.412074+08:00
2018-09-14,148763669,11590103,75875770,67760015,67760015,81003654,0.455488,finmind,2026-07-22T04:17:31.412074+08:00
2018-09-21,148763669,11580103,75876770,67766015,67766015,80997654,0.455528,finmind,2026-07-22T04:17:31.412074+08:00
2018-09-28,148763669,11580103,75703770,67750015,67750015,81013654,0.45542,finmind,2026-07-22T04:17:31.412074+08:00
2018-10-05,148763669,11580103,75228770,67743015,67743015,81020654,0.455373,finmind,2026-07-22T04:17:31.412074+08:00
2018-10-12,148763669,11579103,75043770,68025015,68025015,80738654,0.457269,finmind,2026-07-22T04:17:31.412074+08:00
2018-10-19,148763669,11579103,75065770,68043015,68043015,80720654,0.45739,finmind,2026-07-22T04:17:31.412074+08:00
2018-10-26,148763669,11574103,75157770,68135015,68135015,80628654,0.458008,finmind,2026-07-22T04:17:31.412074+08:00
2018-11-02,148763669,11574103,75142770,68116015,68116015,80647654,0.457881,finmind,2026-07-22T04:17:31.412074+08:00
2018-11-09,148763669,11576103,75554770,68114015,68114015,80649654,0.457867,finmind,2026-07-22T04:17:31.412074+08:00
2018-11-16,148763669,11553103,75562770,68118015,68118015,80645654,0.457894,finmind,2026-07-22T04:17:31.412074+08:00
2018-11-23,148763669,11533103,75162770,68118015,68118015,80645654,0.457894,finmind,2026-07-22T04:17:31.412074+08:00
2018-11-30,148763669,11534103,75256770,68211015,68211015,80552654,0.458519,finmind,2026-07-22T04:17:31.412074+08:00
2018-12-07,148763669,11534103,75955770,68109015,68109015,80654654,0.457834,finmind,2026-07-22T04:17:31.412074+08:00
2018-12-14,148763669,11533103,75602770,68097015,68097015,80666654,0.457753,finmind,2026-07-22T04:17:31.412074+08:00
2018-12-22,148763669,11533103,75636770,68118015,68118015,80645654,0.457894,finmind,2026-07-22T04:17:31.412074+08:00
2018-12-28,148763669,11534103,75789770,68113015,68113015,80650654,0.457861,finmind,2026-07-22T04:17:31.412074+08:00
2019-01-04,148763669,11534103,76120770,68096015,68096015,80667654,0.457746,finmind,2026-07-22T04:17:31.412074+08:00
2019-01-11,148763669,11534103,75690770,68104015,68104015,80659654,0.4578,finmind,2026-07-22T04:17:31.412074+08:00
2019-01-19,148763669,,75681770,68098015,68098015,80665654,0.45776,finmind,2026-07-22T04:17:31.412074+08:00
2019-01-25,148763669,11538103,76075770,68088015,68088015,80675654,0.457692,finmind,2026-07-22T04:17:31.412074+08:00
2019-02-01,148763669,11541103,76064770,68095015,68095015,80668654,0.45774,finmind,2026-07-22T04:17:31.412074+08:00
2019-02-15,148763669,11545103,76154770,67597015,67597015,81166654,0.454392,finmind,2026-07-22T04:17:31.412074+08:00
2019-02-23,148763669,,76180770,67640015,67640015,81123654,0.454681,finmind,2026-07-22T04:17:31.412074+08:00
2019-02-27,148763669,11529104,76130770,67646015,67646015,81117654,0.454721,finmind,2026-07-22T04:17:31.412074+08:00
2019-03-08,148763669,11543104,75221770,67608015,67608015,81155654,0.454466,finmind,2026-07-22T04:17:31.412074+08:00
2019-03-15,148763669,11537104,75230770,67623015,67623015,81140654,0.454567,finmind,2026-07-22T04:17:31.412074+08:00
2019-03-22,148763669,11709104,75233770,67622015,67622015,81141654,0.45456,finmind,2026-07-22T04:17:31.412074+08:00
2019-03-29,148763669,11733104,75602770,67547015,67547015,81216654,0.454056,finmind,2026-07-22T04:17:31.412074+08:00
2019-04-03,148763669,11728104,75194770,67560015,67560015,81203654,0.454143,finmind,2026-07-22T04:17:31.412074+08:00
2019-04-12,148763669,11719104,75062770,67569015,67569015,81194654,0.454204,finmind,2026-07-22T04:17:31.412074+08:00
2019-04-19,148763669,11696104,75896770,67548015,67548015,81215654,0.454063,finmind,2026-07-22T04:17:31.412074+08:00
2019-04-26,148763669,11710104,75832770,67556015,67556015,81207654,0.454116,finmind,2026-07-22T04:17:31.412074+08:00
2019-05-03,148763669,11696104,75797770,67537015,67537015,81226654,0.453989,finmind,2026-07-22T04:17:31.412074+08:00
2019-05-10,148763669,11697104,75924770,67530015,67530015,81233654,0.453942,finmind,2026-07-22T04:17:31.412074+08:00
2019-05-17,148763669,11696104,76223770,67542015,67542015,81221654,0.454022,finmind,2026-07-22T04:17:31.412074+08:00
2019-05-24,148763669,11947104,75714770,67582015,67582015,81181654,0.454291,finmind,2026-07-22T04:17:31.412074+08:00
2019-05-31,148763669,12078104,75680770,67586015,67586015,81177654,0.454318,finmind,2026-07-22T04:17:31.412074+08:00
2019-06-06,148763669,12078104,76048770,67593015,67593015,81170654,0.454365,finmind,2026-07-22T04:17:31.412074+08:00
2019-06-14,148763669,12151104,75605770,67566015,67566015,81197654,0.454184,finmind,2026-07-22T04:17:31.412074+08:00
2019-06-21,148763669,12152104,75613770,66445015,66445015,82318654,0.446648,finmind,2026-07-22T04:17:31.412074+08:00
2019-06-28,148763669,12393104,75180770,66445015,66445015,82318654,0.446648,finmind,2026-07-22T04:17:31.412074+08:00
2019-07-05,148763669,12407104,75567770,66445015,66445015,82318654,0.446648,finmind,2026-07-22T04:17:31.412074+08:00
2019-07-12,148763669,12399104,75582770,66445015,66445015,82318654,0.446648,finmind,2026-07-22T04:17:31.412074+08:00
2019-07-19,148763669,12465104,75267103,66128348,66128348,82635321,0.444519,finmind,2026-07-22T04:17:31.412074+08:00
2019-07-26,148763669,12463104,75236103,66128348,66128348,82635321,0.444519,finmind,2026-07-22T04:17:31.412074+08:00
2019-08-02,148763669,12661104,74833103,66128348,66128348,82635321,0.444519,finmind,2026-07-22T04:17:31.412074+08:00
2019-08-08,148763669,12862104,74820103,66128348,66128348,82635321,0.444519,finmind,2026-07-22T04:17:31.412074+08:00
2019-08-16,148763669,13454104,75226103,65361348,65361348,83402321,0.439364,finmind,2026-07-22T04:17:31.412074+08:00
2019-08-23,148763669,13900104,74192603,66128348,66128348,82635321,0.444519,finmind,2026-07-22T04:17:31.412074+08:00
2019-08-30,148763669,13904104,74147603,66128348,66128348,82635321,0.444519,finmind,2026-07-22T04:17:31.412074+08:00
2019-09-06,148763669,13900104,74181603,66128348,66128348,82635321,0.444519,finmind,2026-07-22T04:17:31.412074+08:00
2019-09-12,148763669,13900104,74683603,66128348,66128348,82635321,0.444519,finmind,2026-07-22T04:17:31.412074+08:00
2019-09-20,148763669,13900104,74530603,66128348,66128348,82635321,0.444519,finmind,2026-07-22T04:17:31.412074+08:00
2019-09-27,148763669,14096988,73929487,66325232,66325232,82438437,0.445843,finmind,2026-07-22T04:17:31.412074+08:00
2019-10-05,148763669,,73923487,66325232,66325232,82438437,0.445843,finmind,2026-07-22T04:17:31.412074+08:00
2019-10-09,148763669,14096988,73882487,66325232,66325232,82438437,0.445843,finmind,2026-07-22T04:17:31.412074+08:00
2019-10-18,148763669,14034988,74465487,66325232,66325232,82438437,0.445843,finmind,2026-07-22T04:17:31.412074+08:00
2019-10-25,148763669,14034988,73902487,66325232,66325232,82438437,0.445843,finmind,2026-07-22T04:17:31.412074+08:00
2019-11-01,148763669,14026988,73941487,66325232,66325232,82438437,0.445843,finmind,2026-07-22T04:17:31.412074+08:00
2019-11-08,148763669,14029988,73940487,66325232,66325232,82438437,0.445843,finmind,2026-07-22T04:17:31.412074+08:00
2019-11-15,148763669,14025988,73918487,66325232,66325232,82438437,0.445843,finmind,2026-07-22T04:17:31.412074+08:00
2019-11-22,148763669,14055988,73940487,66325232,66325232,82438437,0.445843,finmind,2026-07-22T04:17:31.412074+08:00
2019-11-29,148763669,14073988,74006487,66325232,66325232,82438437,0.445843,finmind,2026-07-22T04:17:31.412074+08:00
2019-12-06,148763669,14087988,74004487,66325232,66325232,82438437,0.445843,finmind,2026-07-22T04:17:31.412074+08:00
2019-12-13,148763669,14168988,73891487,66325232,66325232,82438437,0.445843,finmind,2026-07-22T04:17:31.412074+08:00
2019-12-20,148763669,14181988,73908487,66325232,66325232,82438437,0.445843,finmind,2026-07-22T04:17:31.412074+08:00
2019-12-27,148763669,14175988,73887487,66325232,66325232,82438437,0.445843,finmind,2026-07-22T04:17:31.412074+08:00
2020-01-03,148763669,14175988,73354487,66325232,66325232,82438437,0.445843,finmind,2026-07-22T04:17:31.412074+08:00
2020-01-10,148763669,14174988,73356487,66325232,66325232,82438437,0.445843,finmind,2026-07-22T04:17:31.412074+08:00
2020-01-17,148763669,14173988,73356487,66325232,66325232,82438437,0.445843,finmind,2026-07-22T04:17:31.412074+08:00
2020-01-22,148763669,14173988,73356487,66325232,66325232,82438437,0.445843,finmind,2026-07-22T04:17:31.412074+08:00
2020-01-31,148763669,14176988,73367487,66325232,66325232,82438437,0.445843,finmind,2026-07-22T04:17:31.412074+08:00
2020-02-07,148763669,14175988,73401487,66325232,66325232,82438437,0.445843,finmind,2026-07-22T04:17:31.412074+08:00
2020-02-15,148763669,,73444487,66325232,66325232,82438437,0.445843,finmind,2026-07-22T04:17:31.412074+08:00
2020-02-21,148763669,14117988,73444487,66325232,66325232,82438437,0.445843,finmind,2026-07-22T04:17:31.412074+08:00
2020-02-27,148763669,14091988,73444487,66325232,66325232,82438437,0.445843,finmind,2026-07-22T04:17:31.412074+08:00
2020-03-06,148763669,14077988,73801487,66325232,66325232,82438437,0.445843,finmind,2026-07-22T04:17:31.412074+08:00
2020-03-13,148763669,14077988,73844487,66325232,66325232,82438437,0.445843,finmind,2026-07-22T04:17:31.412074+08:00
2020-03-20,148763669,14078988,74672487,67524232,67524232,81239437,0.453903,finmind,2026-07-22T04:17:31.412074+08:00
2020-03-27,148763669,14087988,74677487,67524232,67524232,81239437,0.453903,finmind,2026-07-22T04:17:31.412074+08:00
2020-04-01,148763669,14108988,74601487,67524232,67524232,81239437,0.453903,finmind,2026-07-22T04:17:31.412074+08:00
2020-04-10,148763669,14104988,74574487,67520232,67520232,81243437,0.453876,finmind,2026-07-22T04:17:31.412074+08:00
2020-04-17,148763669,14101988,74162487,67520232,67520232,81243437,0.453876,finmind,2026-07-22T04:17:31.412074+08:00
2020-04-24,148763669,14112988,74607487,67537232,67537232,81226437,0.45399,finmind,2026-07-22T04:17:31.412074+08:00
2020-04-30,148763669,14075988,74590487,67537232,67537232,81226437,0.45399,finmind,2026-07-22T04:17:31.412074+08:00
2020-05-08,148763669,14050988,74065487,67423232,67423232,81340437,0.453224,finmind,2026-07-22T04:17:31.412074+08:00
2020-05-15,148763669,14051988,74099487,67457232,67457232,81306437,0.453452,finmind,2026-07-22T04:17:31.412074+08:00
2020-05-22,148763669,14103988,74096487,67454232,67454232,81309437,0.453432,finmind,2026-07-22T04:17:31.412074+08:00
2020-05-29,148763669,14113988,73821487,66325232,66325232,82438437,0.445843,finmind,2026-07-22T04:17:31.412074+08:00
2020-06-05,148763669,14113988,73756487,66325232,66325232,82438437,0.445843,finmind,2026-07-22T04:17:31.412074+08:00
2020-06-12,148763669,14119987,73577487,66325232,66325232,82438437,0.445843,finmind,2026-07-22T04:17:31.412074+08:00
2020-06-20,148763669,,73508487,66325232,66325232,82438437,0.445843,finmind,2026-07-22T04:17:31.412074+08:00
2020-06-24,148763669,14148987,73413487,66325232,66325232,82438437,0.445843,finmind,2026-07-22T04:17:31.412074+08:00
2020-07-03,148763669,14141987,73415487,66325232,66325232,82438437,0.445843,finmind,2026-07-22T04:17:31.412074+08:00
2020-07-10,148763669,14046987,72969487,66325232,66325232,82438437,0.445843,finmind,2026-07-22T04:17:31.412074+08:00
2020-07-17,148763669,14071987,73409487,66325232,66325232,82438437,0.445843,finmind,2026-07-22T04:17:31.412074+08:00
2020-07-24,148763669,14151987,74373487,66395232,66395232,82368437,0.446313,finmind,2026-07-22T04:17:31.412074+08:00
2020-07-31,148763669,14232987,73589487,66395232,66395232,82368437,0.446313,finmind,2026-07-22T04:17:31.412074+08:00
2020-08-07,148763669,14234987,73719487,66395232,66395232,82368437,0.446313,finmind,2026-07-22T04:17:31.412074+08:00
2020-08-14,148763669,14133987,75349487,67405232,67405232,81358437,0.453103,finmind,2026-07-22T04:17:31.412074+08:00
2020-08-21,148763669,13978987,74497487,66395232,66395232,82368437,0.446313,finmind,2026-07-22T04:17:31.412074+08:00
2020-08-28,148763669,14275987,74864487,66395232,66395232,82368437,0.446313,finmind,2026-07-22T04:17:31.412074+08:00
2020-09-04,148763669,14665987,74144487,66395232,66395232,82368437,0.446313,finmind,2026-07-22T04:17:31.412074+08:00
2020-09-11,148763669,14291987,74125487,66395232,66395232,82368437,0.446313,finmind,2026-07-22T04:17:31.412074+08:00
2020-09-18,148763669,14376987,74108085,66395232,66395232,82368437,0.446313,finmind,2026-07-22T04:17:31.412074+08:00
2020-09-26,148763669,,75487085,66395232,66395232,82368437,0.446313,finmind,2026-07-22T04:17:31.412074+08:00
2020-09-30,148763669,14884987,75108085,66395232,66395232,82368437,0.446313,finmind,2026-07-22T04:17:31.412074+08:00
2020-10-08,148763669,15216987,74715085,66395232,66395232,82368437,0.446313,finmind,2026-07-22T04:17:31.412074+08:00
2020-10-16,148763669,15413987,75172059,67637232,67637232,81126437,0.454662,finmind,2026-07-22T04:17:31.412074+08:00
2020-10-23,148763669,15693987,75343059,68664232,68664232,80099437,0.461566,finmind,2026-07-22T04:17:31.412074+08:00
2020-10-30,148763669,15579987,76225059,68828232,68828232,79935437,0.462668,finmind,2026-07-22T04:17:31.412074+08:00
2020-11-06,148763669,15537987,76708059,69197232,69197232,79566437,0.465149,finmind,2026-07-22T04:17:31.412074+08:00
2020-11-13,148763669,15516987,77454059,69383232,69383232,79380437,0.466399,finmind,2026-07-22T04:17:31.412074+08:00
2020-11-20,148763669,15109987,77371059,69327232,69327232,79436437,0.466023,finmind,2026-07-22T04:17:31.412074+08:00
2020-11-27,148763669,15420987,77989059,71737784,71737784,77025885,0.482227,finmind,2026-07-22T04:17:31.412074+08:00
2020-12-04,148763669,15270987,78151059,72411784,72411784,76351885,0.486757,finmind,2026-07-22T04:17:31.412074+08:00
2020-12-11,148763669,15302987,79022059,72499784,72499784,76263885,0.487349,finmind,2026-07-22T04:17:31.412074+08:00
2020-12-18,148763669,15513987,78467096,72563784,72563784,76199885,0.487779,finmind,2026-07-22T04:17:31.412074+08:00
2020-12-25,148763669,15777987,78835088,72792784,72792784,75970885,0.489318,finmind,2026-07-22T04:17:31.412074+08:00
2020-12-31,148763669,15820987,79059090,73911784,73911784,74851885,0.49684,finmind,2026-07-22T04:17:31.412074+08:00
2021-01-08,148763669,15584987,78558039,71513784,71513784,77249885,0.480721,finmind,2026-07-22T04:17:31.412074+08:00
2021-01-15,148763669,15970987,77946039,69024784,69024784,79738885,0.46399,finmind,2026-07-22T04:17:31.412074+08:00
2021-01-22,148763669,15386987,77196041,70569784,70569784,78193885,0.474375,finmind,2026-07-22T04:17:31.412074+08:00
2021-01-29,148763669,14440987,76083039,70521784,70521784,78241885,0.474052,finmind,2026-07-22T04:17:31.412074+08:00
2021-02-05,148763669,14765987,76542158,70521784,70521784,78241885,0.474052,finmind,2026-07-22T04:17:31.412074+08:00
2021-02-09,148763669,14765987,76787208,70321784,70321784,78441885,0.472708,finmind,2026-07-22T04:17:31.412074+08:00
2021-02-20,148763669,,77744223,70321784,70321784,78441885,0.472708,finmind,2026-07-22T04:17:31.412074+08:00
2021-02-26,148763669,17070987,80705175,69054784,69054784,79708885,0.464191,finmind,2026-07-22T04:17:31.412074+08:00
2021-03-05,148763669,17421987,80736039,69054784,69054784,79708885,0.464191,finmind,2026-07-22T04:17:31.412074+08:00
2021-03-12,148763669,18162987,79983039,72489784,72489784,76273885,0.487282,finmind,2026-07-22T04:17:31.412074+08:00
2021-03-19,148763669,18407987,82378487,71677232,71677232,77086437,0.481819,finmind,2026-07-22T04:17:31.412074+08:00
2021-03-26,148763669,18882587,81927487,72663232,72663232,76100437,0.488447,finmind,2026-07-22T04:17:31.412074+08:00
2021-04-01,148763669,19347587,81095487,74530232,74530232,74233437,0.500998,finmind,2026-07-22T04:17:31.412074+08:00
2021-04-16,148763669,17160187,79179487,73183232,73183232,75580437,0.491943,finmind,2026-07-22T04:17:31.412074+08:00
2021-04-23,148763669,18649887,77571487,70558232,70558232,78205437,0.474297,finmind,2026-07-22T04:17:31.412074+08:00
2021-04-29,148763669,15151887,75922487,69446232,69446232,79317437,0.466823,finmind,2026-07-22T04:17:31.412074+08:00
2021-05-07,148763669,16604887,75176487,69494232,69494232,79269437,0.467145,finmind,2026-07-22T04:17:31.412074+08:00
2021-05-14,148763669,18747887,77526487,71386232,71386232,77377437,0.479863,finmind,2026-07-22T04:17:31.412074+08:00
2021-05-21,148763669,19335887,77199487,69560232,69560232,79203437,0.467589,finmind,2026-07-22T04:17:31.412074+08:00
2021-05-28,148763669,17634887,76457487,70701232,70701232,78062437,0.475259,finmind,2026-07-22T04:17:31.412074+08:00
2021-06-04,148763669,16201335,74727487,70829232,70829232,77934437,0.476119,finmind,2026-07-22T04:17:31.412074+08:00
2021-06-11,148763669,16786335,74877487,70524232,70524232,78239437,0.474069,finmind,2026-07-22T04:17:31.412074+08:00
2021-06-18,148763669,16357335,75840487,71010232,71010232,77753437,0.477336,finmind,2026-07-22T04:17:31.412074+08:00
2021-06-25,148763669,17076335,75319487,70901232,70901232,77862437,0.476603,finmind,2026-07-22T04:17:31.412074+08:00
2021-07-02,148763669,16192335,76003487,70704232,70704232,78059437,0.475279,finmind,2026-07-22T04:17:31.412074+08:00
2021-07-09,148763669,15534335,75038782,68973232,68973232,79790437,0.463643,finmind,2026-07-22T04:17:31.412074+08:00
2021-07-16,148763669,16017335,74519632,67537232,67537232,81226437,0.45399,finmind,2026-07-22T04:17:31.412074+08:00
2021-07-23,148763669,15547335,74877379,68549124,68549124,80214545,0.460792,finmind,2026-07-22T04:17:31.412074+08:00
2021-07-30,148763669,15821335,74350212,68583957,68583957,80179712,0.461026,finmind,2026-07-22T04:17:31.412074+08:00
2021-08-06,148763669,15524335,74120041,68494786,68494786,80268883,0.460427,finmind,2026-07-22T04:17:31.412074+08:00
2021-08-13,148763669,14170517,74080242,68720987,68720987,80042682,0.461947,finmind,2026-07-22T04:17:31.412074+08:00
2021-08-20,148763669,14249335,73480828,68796573,68796573,79967096,0.462455,finmind,2026-07-22T04:17:31.412074+08:00
2021-08-27,148763669,14146335,73372305,68637050,68637050,80126619,0.461383,finmind,2026-07-22T04:17:31.412074+08:00
2021-09-03,148763669,14440335,73028321,67352232,67352232,81411437,0.452747,finmind,2026-07-22T04:17:31.412074+08:00
2021-09-11,148763669,,72884566,67367232,67367232,81396437,0.452847,finmind,2026-07-22T04:17:31.412074+08:00
2021-09-17,148763669,14471335,72912554,67407232,67407232,81356437,0.453116,finmind,2026-07-22T04:17:31.412074+08:00
2021-09-24,148763669,14397335,72881058,67437232,67437232,81326437,0.453318,finmind,2026-07-22T04:17:31.412074+08:00
2021-10-01,148763669,14638335,72140596,67305232,67305232,81458437,0.452431,finmind,2026-07-22T04:17:31.412074+08:00
2021-10-15,148763669,14562335,73310593,68499338,68499338,80264331,0.460457,finmind,2026-07-22T04:17:31.412074+08:00
2021-10-22,148763669,14806335,73498297,68558042,68558042,80205627,0.460852,finmind,2026-07-22T04:17:31.412074+08:00
2021-10-29,148763669,14713335,73518285,68486030,68486030,80277639,0.460368,finmind,2026-07-22T04:17:31.412074+08:00
2021-11-05,148763669,14652335,73867938,68579683,68579683,80183986,0.460998,finmind,2026-07-22T04:17:31.412074+08:00
2021-11-12,148763669,15015335,73754314,69124059,69124059,79639610,0.464657,finmind,2026-07-22T04:17:31.412074+08:00
2021-11-19,148763669,14955334,73710529,69080274,69080274,79683395,0.464363,finmind,2026-07-22T04:17:31.412074+08:00
2021-11-26,148763669,15017334,73729830,69070575,69070575,79693094,0.464297,finmind,2026-07-22T04:17:31.412074+08:00
2021-12-03,148763669,15239334,73830316,69092061,69092061,79671608,0.464442,finmind,2026-07-22T04:17:31.412074+08:00
2021-12-10,148763669,15634633,73480802,68824547,68824547,79939122,0.462644,finmind,2026-07-22T04:17:31.412074+08:00
2021-12-17,148763669,15625633,73620803,69038548,69038548,79725121,0.464082,finmind,2026-07-22T04:17:31.412074+08:00
2021-12-24,148763669,15687633,73973474,68551219,68551219,80212450,0.460806,finmind,2026-07-22T04:17:31.412074+08:00
2021-12-30,148763669,15095633,74937854,69032550,69032550,79731119,0.464042,finmind,2026-07-22T04:17:31.412074+08:00
2022-01-07,148763669,15178633,74916924,68976620,68976620,79787049,0.463666,finmind,2026-07-22T04:17:31.412074+08:00
2022-01-14,148763669,15049633,73574011,68903756,68903756,79859913,0.463176,finmind,2026-07-22T04:17:31.412074+08:00
2022-01-22,148763669,,74054003,68961748,68961748,79801921,0.463566,finmind,2026-07-22T04:17:31.412074+08:00
2022-01-28,148763669,15095633,74246136,69158881,69158881,79604788,0.464891,finmind,2026-07-22T04:17:31.412074+08:00
2022-02-11,148763669,15511633,73866260,69843901,69843901,78919768,0.469496,finmind,2026-07-22T04:17:31.412074+08:00
2022-02-18,148763669,16180633,74998258,70019899,70019899,78743770,0.470679,finmind,2026-07-22T04:17:31.412074+08:00
2022-02-25,148763669,16490633,74953760,70109401,70109401,78654268,0.47128,finmind,2026-07-22T04:17:31.412074+08:00
2022-03-04,148763669,16391633,74734802,69978443,69978443,78785226,0.4704,finmind,2026-07-22T04:17:31.412074+08:00
2022-03-11,148763669,15473633,74506177,70359818,70359818,78403851,0.472964,finmind,2026-07-22T04:17:31.412074+08:00
2022-03-18,148763669,15475633,74075540,69386181,69386181,79377488,0.466419,finmind,2026-07-22T04:17:31.412074+08:00
2022-03-25,148763669,15488634,74141915,69436556,69436556,79327113,0.466757,finmind,2026-07-22T04:17:31.412074+08:00
2022-04-01,148763669,15449634,74217371,69485012,69485012,79278657,0.467083,finmind,2026-07-22T04:17:31.412074+08:00
2022-04-08,148763669,15439634,74225305,69489946,69489946,79273723,0.467116,finmind,2026-07-22T04:17:31.412074+08:00
2022-04-15,148763669,15504634,74267410,69529051,69529051,79234618,0.467379,finmind,2026-07-22T04:17:31.412074+08:00
2022-04-22,148763669,15648635,74257500,69528141,69528141,79235528,0.467373,finmind,2026-07-22T04:17:31.412074+08:00
2022-04-29,148763669,15452635,74884465,69732106,69732106,79031563,0.468744,finmind,2026-07-22T04:17:31.412074+08:00
2022-05-06,148763669,15651635,74906465,69759106,69759106,79004563,0.468926,finmind,2026-07-22T04:17:31.412074+08:00
2022-05-13,148763669,15616635,75098976,69716617,69716617,79047052,0.46864,finmind,2026-07-22T04:17:31.412074+08:00
2022-05-20,148763669,15771635,74774765,69777406,69777406,78986263,0.469049,finmind,2026-07-22T04:17:31.412074+08:00
2022-05-27,148763669,15758635,75193820,69762461,69762461,79001208,0.468948,finmind,2026-07-22T04:17:31.412074+08:00
2022-06-02,148763669,15843635,75127820,69724461,69724461,79039208,0.468693,finmind,2026-07-22T04:17:31.412074+08:00
2022-06-10,148763669,15792635,75145828,69736469,69736469,79027200,0.468774,finmind,2026-07-22T04:17:31.412074+08:00
2022-06-17,148763669,15884635,75641048,69737689,69737689,79025980,0.468782,finmind,2026-07-22T04:17:31.412074+08:00
2022-06-24,148763669,15886635,75396910,69219551,69219551,79544118,0.465299,finmind,2026-07-22T04:17:31.412074+08:00
2022-07-01,148763669,15937635,75419981,69250622,69250622,79513047,0.465508,finmind,2026-07-22T04:17:31.412074+08:00
2022-07-08,148763669,16132635,75356117,69234758,69234758,79528911,0.465401,finmind,2026-07-22T04:17:31.412074+08:00
2022-07-15,148763669,16179635,74930748,69224389,69224389,79539280,0.465331,finmind,2026-07-22T04:17:31.412074+08:00
2022-07-22,148763669,15981635,74921480,69220121,69220121,79543548,0.465303,finmind,2026-07-22T04:17:31.412074+08:00
2022-07-29,148763669,15954635,75258688,69150329,69150329,79613340,0.464833,finmind,2026-07-22T04:17:31.412074+08:00
2022-08-05,148763669,16027635,75291194,69168835,69168835,79594834,0.464958,finmind,2026-07-22T04:17:31.412074+08:00
2022-08-12,148763669,16040635,75323909,69171550,69171550,79592119,0.464976,finmind,2026-07-22T04:17:31.412074+08:00
2022-08-19,148763669,15971635,75438906,69266547,69266547,79497122,0.465615,finmind,2026-07-22T04:17:31.412074+08:00
2022-08-26,148763669,15640671,74771676,68847421,68847421,79916248,0.462797,finmind,2026-07-22T04:17:31.412074+08:00
2022-09-02,148763669,15676671,75175535,68857280,68857280,79906389,0.462864,finmind,2026-07-22T04:17:31.412074+08:00
2022-09-08,148763669,15663671,75137159,68873904,68873904,79889765,0.462975,finmind,2026-07-22T04:17:31.412074+08:00
2022-09-16,148763669,15899671,75162156,68924901,68924901,79838768,0.463318,finmind,2026-07-22T04:17:31.412074+08:00
2022-09-23,148763669,16311671,75113156,68081639,68081639,80682030,0.45765,finmind,2026-07-22T04:17:31.412074+08:00
2022-09-30,148763669,16554671,75183156,68441639,68441639,80322030,0.46007,finmind,2026-07-22T04:17:31.412074+08:00
2022-10-07,148763669,16701671,74675156,68348639,68348639,80415030,0.459444,finmind,2026-07-22T04:17:31.412074+08:00
2022-10-14,148763669,16603671,75476603,68337086,68337086,80426583,0.459367,finmind,2026-07-22T04:17:31.412074+08:00
2022-10-21,148763669,16662671,74870601,68495084,68495084,80268585,0.460429,finmind,2026-07-22T04:17:31.412074+08:00
2022-10-28,148763669,16445671,75204394,68810877,68810877,79952792,0.462552,finmind,2026-07-22T04:17:31.412074+08:00
2022-11-04,148763669,16535671,75195110,68801593,68801593,79962076,0.462489,finmind,2026-07-22T04:17:31.412074+08:00
2022-11-11,148763669,16591671,75134813,68741296,68741296,80022373,0.462084,finmind,2026-07-22T04:17:31.412074+08:00
2022-11-18,148763669,16704671,75584812,68649295,68649295,80114374,0.461465,finmind,2026-07-22T04:17:31.412074+08:00
2022-11-25,148763669,16658671,75634807,68698290,68698290,80065379,0.461795,finmind,2026-07-22T04:17:31.412074+08:00
2022-12-02,148763669,16586671,75581726,68598209,68598209,80165460,0.461122,finmind,2026-07-22T04:17:31.412074+08:00
2022-12-09,148763669,16596671,75563726,68532209,68532209,80231460,0.460678,finmind,2026-07-22T04:17:31.412074+08:00
2022-12-16,148763669,16575671,75977732,68534215,68534215,80229454,0.460692,finmind,2026-07-22T04:17:31.412074+08:00
2022-12-23,148763669,16492671,75991730,68531213,68531213,80232456,0.460672,finmind,2026-07-22T04:17:31.412074+08:00
2022-12-30,148763669,16449671,75975346,68510829,68510829,80252840,0.460535,finmind,2026-07-22T04:17:31.412074+08:00
2023-01-07,148763669,,75954656,68488139,68488139,80275530,0.460382,finmind,2026-07-22T04:17:31.412074+08:00
2023-01-13,148763669,16447671,75979278,68485761,68485761,80277908,0.460366,finmind,2026-07-22T04:17:31.412074+08:00
2023-01-19,148763669,16443671,75970355,68469838,68469838,80293831,0.460259,finmind,2026-07-22T04:17:31.412074+08:00
2023-02-04,148763669,,75987348,68482831,68482831,80280838,0.460346,finmind,2026-07-22T04:17:31.412074+08:00
2023-02-10,148763669,16407671,75943366,68431849,68431849,80331820,0.460004,finmind,2026-07-22T04:17:31.412074+08:00
2023-02-18,148763669,,75996345,68434828,68434828,80328841,0.460024,finmind,2026-07-22T04:17:31.412074+08:00
2023-02-24,148763669,13565671,73888718,65474201,65474201,83289468,0.440122,finmind,2026-07-22T04:17:31.412074+08:00
2023-03-03,148763669,13364635,74421229,65313974,65313974,83449695,0.439045,finmind,2026-07-22T04:17:31.412074+08:00
2023-03-10,148763669,13458635,75964232,66374977,66374977,82388692,0.446177,finmind,2026-07-22T04:17:31.412074+08:00
2023-03-17,148763669,13816635,76400233,66450978,66450978,82312691,0.446688,finmind,2026-07-22T04:17:31.412074+08:00
2023-03-25,148763669,,77042225,66331970,66331970,82431699,0.445888,finmind,2026-07-22T04:17:31.412074+08:00
2023-03-31,148763669,13696636,77227227,67511972,67511972,81251697,0.45382,finmind,2026-07-22T04:17:31.412074+08:00
2023-04-07,148763669,13635637,77494225,67726970,67726970,81036699,0.455266,finmind,2026-07-22T04:17:31.412074+08:00
2023-04-14,148763669,14214637,77336225,67995970,67995970,80767699,0.457074,finmind,2026-07-22T04:17:31.412074+08:00
2023-04-21,148763669,14905637,78159225,68713970,68713970,80049699,0.4619,finmind,2026-07-22T04:17:31.412074+08:00
2023-04-28,148763669,14954637,78320225,68015970,68015970,80747699,0.457208,finmind,2026-07-22T04:17:31.412074+08:00
2023-05-05,148763669,14397637,78024225,69242970,69242970,79520699,0.465456,finmind,2026-07-22T04:17:31.412074+08:00
2023-05-12,148763669,13446637,77254225,68203970,68203970,80559699,0.458472,finmind,2026-07-22T04:17:31.412074+08:00
2023-05-19,148763669,13503637,78101225,68395970,68395970,80367699,0.459763,finmind,2026-07-22T04:17:31.412074+08:00
2023-05-26,148763669,14034637,78277225,68451970,68451970,80311699,0.460139,finmind,2026-07-22T04:17:31.412074+08:00
2023-06-02,148763669,13962637,78272225,69661970,69661970,79101699,0.468273,finmind,2026-07-22T04:17:31.412074+08:00
2023-06-09,148763669,14125637,78375225,69724970,69724970,79038699,0.468696,finmind,2026-07-22T04:17:31.412074+08:00
2023-06-17,148763669,,78797225,69808970,69808970,78954699,0.469261,finmind,2026-07-22T04:17:31.412074+08:00
2023-06-21,148763669,13825637,78752225,69766970,69766970,78996699,0.468979,finmind,2026-07-22T04:17:31.412074+08:00
2023-06-30,148763669,13587637,78722225,69469970,69469970,79293699,0.466982,finmind,2026-07-22T04:17:31.412074+08:00
2023-07-07,148763669,13189637,77502225,69601970,69601970,79161699,0.467869,finmind,2026-07-22T04:17:31.412074+08:00
2023-07-14,148763669,13479637,77659225,69581970,69581970,79181699,0.467735,finmind,2026-07-22T04:17:31.412074+08:00
2023-07-21,148763669,13887637,78161225,68336970,68336970,80426699,0.459366,finmind,2026-07-22T04:17:31.412074+08:00
2023-07-28,148763669,10064553,73958225,63510970,63510970,85252699,0.426925,finmind,2026-07-22T04:17:31.412074+08:00
2023-08-04,148763669,10279553,72729225,63446970,63446970,85316699,0.426495,finmind,2026-07-22T04:17:31.412074+08:00
2023-08-11,148763669,10227553,72661617,62450970,62450970,86312699,0.4198,finmind,2026-07-22T04:17:31.412074+08:00
2023-08-18,148763669,11372553,73586258,61911970,61911970,86851699,0.416177,finmind,2026-07-22T04:17:31.412074+08:00
2023-08-25,148763669,12283553,72500179,63196970,63196970,85566699,0.424815,finmind,2026-07-22T04:17:31.412074+08:00
2023-09-01,148763669,11406553,73473177,63386970,63386970,85376699,0.426092,finmind,2026-07-22T04:17:31.412074+08:00
2023-09-08,148763669,10425553,73398176,62378970,62378970,86384699,0.419316,finmind,2026-07-22T04:17:31.412074+08:00
2023-09-15,148763669,10089553,72536996,62377970,62377970,86385699,0.419309,finmind,2026-07-22T04:17:31.412074+08:00
2023-09-23,148763669,,72812861,62292970,62292970,86470699,0.418738,finmind,2026-07-22T04:17:31.412074+08:00
2023-09-28,148763669,10374553,72983861,61104970,61104970,87658699,0.410752,finmind,2026-07-22T04:17:31.412074+08:00
2023-10-06,148763669,11117338,72889971,61104970,61104970,87658699,0.410752,finmind,2026-07-22T04:17:31.412074+08:00
2023-10-13,148763669,11825338,72980211,61104970,61104970,87658699,0.410752,finmind,2026-07-22T04:17:31.412074+08:00
2023-10-20,148763669,11163338,72284278,62225970,62225970,86537699,0.418287,finmind,2026-07-22T04:17:31.412074+08:00
2023-10-27,148763669,10421338,71809967,61104970,61104970,87658699,0.410752,finmind,2026-07-22T04:17:31.412074+08:00
2023-11-03,148763669,10458338,71924714,62123970,62123970,86639699,0.417602,finmind,2026-07-22T04:17:31.412074+08:00
2023-11-10,148763669,10279338,71875659,62136970,62136970,86626699,0.417689,finmind,2026-07-22T04:17:31.412074+08:00
2023-11-17,148763669,10832338,72425379,63180483,63180483,85583186,0.424704,finmind,2026-07-22T04:17:31.412074+08:00
2023-11-24,148763669,12000338,72352379,62513483,62513483,86250186,0.42022,finmind,2026-07-22T04:17:31.412074+08:00
2023-12-01,148763669,11414338,71802821,63015925,63015925,85747744,0.423598,finmind,2026-07-22T04:17:31.412074+08:00
2023-12-08,148763669,11753339,73673915,63155019,63155019,85608650,0.424533,finmind,2026-07-22T04:17:31.412074+08:00
2023-12-15,148763669,11904339,71802757,62424861,62424861,86338808,0.419624,finmind,2026-07-22T04:17:31.412074+08:00
2023-12-22,148763669,11257339,71019460,62343564,62343564,86420105,0.419078,finmind,2026-07-22T04:17:31.412074+08:00
2023-12-29,148763669,11465339,71002276,62318380,62318380,86445289,0.418909,finmind,2026-07-22T04:17:31.412074+08:00
2024-01-05,148763669,12345339,71090253,63360357,63360357,85403312,0.425913,finmind,2026-07-22T04:17:31.412074+08:00
2024-01-12,148763669,10479339,69827224,62562328,62562328,86201341,0.420548,finmind,2026-07-22T04:17:31.412074+08:00
2024-01-19,148763669,10103339,69509132,61223236,61223236,87540433,0.411547,finmind,2026-07-22T04:17:31.412074+08:00
2024-01-26,148763669,7992339,67803562,58689321,58689321,90074348,0.394514,finmind,2026-07-22T04:17:31.412074+08:00
2024-02-02,148763669,8005339,68138213,58670972,58670972,90092697,0.39439,finmind,2026-07-22T04:17:31.412074+08:00
2024-02-07,148763669,7825339,68132794,58666553,58666553,90097116,0.394361,finmind,2026-07-22T04:17:31.412074+08:00
2024-02-17,148763669,,68203115,58718874,58718874,90044795,0.394712,finmind,2026-07-22T04:17:31.412074+08:00
2024-02-23,148763669,12111339,70712976,58985735,58985735,89777934,0.396506,finmind,2026-07-22T04:17:31.412074+08:00
2024-03-01,148763669,8956340,68782842,59610601,59610601,89153068,0.400707,finmind,2026-07-22T04:17:31.412074+08:00
2024-03-08,148763669,8791340,66928309,56749068,56749068,92014601,0.381471,finmind,2026-07-22T04:17:31.412074+08:00
2024-03-15,148763669,8265340,67500260,56626625,56626625,92137044,0.380648,finmind,2026-07-22T04:17:31.412074+08:00
2024-03-22,148763669,7517340,66754260,57882019,57882019,90881650,0.389087,finmind,2026-07-22T04:17:31.412074+08:00
2024-03-29,148763669,7349340,67071405,57068164,57068164,91695505,0.383616,finmind,2026-07-22T04:17:31.412074+08:00
2024-04-03,148763669,7320340,67486979,57098424,57098424,91665245,0.38382,finmind,2026-07-22T04:17:31.412074+08:00
2024-04-12,148763669,7472340,67638823,57221898,57221898,91541771,0.38465,finmind,2026-07-22T04:17:31.412074+08:00
2024-04-19,148763669,7719341,67576070,57169377,57169377,91594292,0.384297,finmind,2026-07-22T04:17:31.412074+08:00
2024-04-26,148763669,8412341,66998918,57162021,57162021,91601648,0.384247,finmind,2026-07-22T04:17:31.412074+08:00
2024-05-03,148763669,8821341,67744463,57155604,57155604,91608065,0.384204,finmind,2026-07-22T04:17:31.412074+08:00
2024-05-10,148763669,9105341,67610265,57062277,57062277,91701392,0.383577,finmind,2026-07-22T04:17:31.412074+08:00
2024-05-17,148763669,9088341,67397858,57202867,57202867,91560802,0.384522,finmind,2026-07-22T04:17:31.412074+08:00
2024-05-24,148763669,8814341,67230575,57004005,57004005,91759664,0.383185,finmind,2026-07-22T04:17:31.412074+08:00
2024-05-31,148763669,9337341,67434727,57304300,57304300,91459369,0.385204,finmind,2026-07-22T04:17:31.412074+08:00
2024-06-07,148763669,9402341,69314380,58344139,58344139,90419530,0.392193,finmind,2026-07-22T04:17:31.412074+08:00
2024-06-14,148763669,9383341,69472666,58254425,58254425,90509244,0.39159,finmind,2026-07-22T04:17:31.412074+08:00
2024-06-21,148763669,10392025,70778770,58429529,58429529,90334140,0.392767,finmind,2026-07-22T04:17:31.412074+08:00
2024-06-28,148763669,8399088,71048747,59462506,59462506,89301163,0.399711,finmind,2026-07-22T04:17:31.412074+08:00
2024-07-05,148763669,8179088,76799173,66698185,66698185,82065484,0.44835,finmind,2026-07-22T04:17:31.412074+08:00
2024-07-12,148763669,8301088,67638437,57078816,57078816,91684853,0.383688,finmind,2026-07-22T04:17:31.412074+08:00
2024-07-19,148763669,8981025,65664169,57799265,57799265,90964404,0.388531,finmind,2026-07-22T04:17:31.412074+08:00
2024-07-26,148763669,10356025,65767269,57703212,57703212,91060457,0.387885,finmind,2026-07-22T04:17:31.412074+08:00
2024-08-02,148763669,10971025,65868852,57695369,57695369,91068300,0.387832,finmind,2026-07-22T04:17:31.412074+08:00
2024-08-09,148763669,12133505,67508633,57861421,57861421,90902248,0.388949,finmind,2026-07-22T04:17:31.412074+08:00
2024-08-16,148763669,12456025,66602931,58018035,58018035,90745634,0.390001,finmind,2026-07-22T04:17:31.412074+08:00
2024-08-23,148763669,8910025,68894390,61456970,61456970,87306699,0.413118,finmind,2026-07-22T04:17:31.412074+08:00
2024-08-30,148763669,8897025,64519532,56505970,56505970,92257699,0.379837,finmind,2026-07-22T04:17:31.412074+08:00
2024-09-06,148763669,9941542,65725669,57871773,57871773,90891896,0.389018,finmind,2026-07-22T04:17:31.412074+08:00
2024-09-13,148763669,10084542,64682180,57977284,57977284,90786385,0.389727,finmind,2026-07-22T04:17:31.412074+08:00
2024-09-20,148763669,9834542,64249566,58086670,58086670,90676999,0.390463,finmind,2026-07-22T04:17:31.412074+08:00
2024-09-27,148763669,10034899,64904879,57828622,57828622,90935047,0.388728,finmind,2026-07-22T04:17:31.412074+08:00
2024-10-04,148763669,10414542,65537626,56732487,56732487,92031182,0.38136,finmind,2026-07-22T04:17:31.412074+08:00
2024-10-11,148763669,10353542,65023912,57959016,57959016,90804653,0.389605,finmind,2026-07-22T04:17:31.412074+08:00
2024-10-18,148763669,9615579,69563203,59296487,59296487,89467182,0.398595,finmind,2026-07-22T04:17:31.412074+08:00
2024-10-25,148763669,10959579,69475679,59868487,59868487,88895182,0.40244,finmind,2026-07-22T04:17:31.412074+08:00
2024-11-01,148763669,10098579,67134383,58801487,58801487,89962182,0.395268,finmind,2026-07-22T04:17:31.412074+08:00
2024-11-08,148763669,9643355,67935400,57842487,57842487,90921182,0.388821,finmind,2026-07-22T04:17:31.412074+08:00
2024-11-15,148763669,9707512,67248174,58921487,58921487,89842182,0.396074,finmind,2026-07-22T04:17:31.412074+08:00
2024-11-22,148763669,10383778,67384297,59298770,59298770,89464899,0.398611,finmind,2026-07-22T04:17:31.412074+08:00
2024-11-29,148763669,10363778,68510993,59424097,59424097,89339572,0.399453,finmind,2026-07-22T04:17:31.412074+08:00
2024-12-06,148763669,10646778,68755237,59312341,59312341,89451328,0.398702,finmind,2026-07-22T04:17:31.412074+08:00
2024-12-13,148763669,10093778,68575153,59170257,59170257,89593412,0.397747,finmind,2026-07-22T04:17:31.412074+08:00
2024-12-20,148763669,10335042,67471842,59007946,59007946,89755723,0.396656,finmind,2026-07-22T04:17:31.412074+08:00
2024-12-27,148763669,9913042,67646552,59161656,59161656,89602013,0.397689,finmind,2026-07-22T04:17:31.412074+08:00
2025-01-03,148763669,9750042,67596410,59149514,59149514,89614155,0.397607,finmind,2026-07-22T04:17:31.412074+08:00
2025-01-10,148763669,10966042,67659577,58139681,58139681,90623988,0.390819,finmind,2026-07-22T04:17:31.412074+08:00
2025-01-17,148763669,11112543,68518497,58083601,58083601,90680068,0.390442,finmind,2026-07-22T04:17:31.412074+08:00
2025-01-24,148763669,11390543,68556336,58034440,58034440,90729229,0.390112,finmind,2026-07-22T04:17:31.412074+08:00
2025-02-08,148763669,,68240848,57040487,57040487,91723182,0.38343,finmind,2026-07-22T04:17:31.412074+08:00
2025-02-14,148763669,11502544,69030221,57040487,57040487,91723182,0.38343,finmind,2026-07-22T04:17:31.412074+08:00
2025-02-21,148763669,11425545,69414812,60556916,60556916,88206753,0.407068,finmind,2026-07-22T04:17:31.412074+08:00
2025-02-27,148763669,10668545,70069642,60698746,60698746,88064923,0.408021,finmind,2026-07-22T04:17:31.412074+08:00
2025-03-07,148763669,10811276,70529642,61395746,61395746,87367923,0.412707,finmind,2026-07-22T04:17:31.412074+08:00
2025-03-14,148763669,10615931,70430470,61633424,61633424,87130245,0.414304,finmind,2026-07-22T04:17:31.412074+08:00
2025-03-21,148763669,11003931,70465346,61585452,61585452,87178217,0.413982,finmind,2026-07-22T04:17:31.412074+08:00
2025-03-28,148763669,10316931,70956751,61881275,61881275,86882394,0.41597,finmind,2026-07-22T04:17:31.412074+08:00
2025-04-02,148763669,10493120,70561651,61776593,61776593,86987076,0.415267,finmind,2026-07-22T04:17:31.412074+08:00
2025-04-11,148763669,10709121,70049752,61316469,61316469,87447200,0.412174,finmind,2026-07-22T04:17:31.412074+08:00
2025-04-18,148763669,10239123,69628778,61238683,61238683,87524986,0.411651,finmind,2026-07-22T04:17:31.412074+08:00
2025-04-25,148763669,10148123,68998710,61999604,61999604,86764065,0.416766,finmind,2026-07-22T04:17:31.412074+08:00
2025-05-02,148763669,11630465,69854718,62175715,62175715,86587954,0.41795,finmind,2026-07-22T04:17:31.412074+08:00
2025-05-09,148763669,12084465,72190323,62411372,62411372,86352297,0.419534,finmind,2026-07-22T04:17:31.412074+08:00
2025-05-16,148763669,12261123,70194444,63551659,63551659,85212010,0.427199,finmind,2026-07-22T04:17:31.412074+08:00
2025-05-23,148763669,12122123,70296505,63197659,63197659,85566010,0.424819,finmind,2026-07-22T04:17:31.412074+08:00
2025-05-29,148763669,11906984,70304410,62665659,62665659,86098010,0.421243,finmind,2026-07-22T04:17:31.412074+08:00
2025-06-06,148763669,11611016,69372831,61467200,61467200,87296469,0.413187,finmind,2026-07-22T04:17:31.412074+08:00
2025-06-13,148763669,11838016,68616065,61556493,61556493,87207176,0.413787,finmind,2026-07-22T04:17:31.412074+08:00
2025-06-20,148763669,11731016,68259757,61310257,61310257,87453412,0.412132,finmind,2026-07-22T04:17:31.412074+08:00
2025-06-27,148763669,11903766,68576612,61169176,61169176,87594493,0.411184,finmind,2026-07-22T04:17:31.412074+08:00
2025-07-04,148763669,11425766,68422659,61534316,61534316,87229353,0.413638,finmind,2026-07-22T04:17:31.412074+08:00
2025-07-11,148763669,11330016,68051361,61069605,61069605,87694064,0.410514,finmind,2026-07-22T04:17:31.412074+08:00
2025-07-18,148763669,11393016,67277875,61102055,61102055,87661614,0.410732,finmind,2026-07-22T04:17:31.412074+08:00
2025-07-25,148763669,11700016,66412274,60721437,60721437,88042232,0.408174,finmind,2026-07-22T04:17:31.412074+08:00
2025-08-01,148763669,12027016,66359773,60755040,60755040,88008629,0.4084,finmind,2026-07-22T04:17:31.412074+08:00
2025-08-08,148763669,10788016,67551241,60714314,60714314,88049355,0.408126,finmind,2026-07-22T04:17:31.412074+08:00
2025-08-15,148763669,10761016,65720908,60642606,60642606,88121063,0.407644,finmind,2026-07-22T04:17:31.412074+08:00
2025-08-22,148763669,10089016,65392764,60420110,60420110,88343559,0.406148,finmind,2026-07-22T04:17:31.412074+08:00
2025-08-29,148763669,10741016,64591058,59178681,59178681,89584988,0.397803,finmind,2026-07-22T04:17:31.412074+08:00
2025-09-05,148763669,9933016,64645055,60125005,60125005,88638664,0.404165,finmind,2026-07-22T04:17:31.412074+08:00
2025-09-12,148763669,9839016,64253194,59125681,59125681,89637988,0.397447,finmind,2026-07-22T04:17:31.412074+08:00
2025-09-19,148763669,10694016,65526345,60726449,60726449,88037220,0.408208,finmind,2026-07-22T04:17:31.412074+08:00
2025-09-26,148763669,10329016,65860343,60302447,60302447,88461222,0.405357,finmind,2026-07-22T04:17:31.412074+08:00
2025-10-03,148763669,10667016,65800740,60307844,60307844,88455825,0.405394,finmind,2026-07-22T04:17:31.412074+08:00
2025-10-09,148763669,10716016,66291357,60397461,60397461,88366208,0.405996,finmind,2026-07-22T04:17:31.412074+08:00
2025-10-17,148763669,11111016,66385501,60502605,60502605,88261064,0.406703,finmind,2026-07-22T04:17:31.412074+08:00
2025-10-23,148763669,11574016,66482752,60530856,60530856,88232813,0.406893,finmind,2026-07-22T04:17:31.412074+08:00
2025-10-31,148763669,11997016,66339752,61342856,61342856,87420813,0.412351,finmind,2026-07-22T04:17:31.412074+08:00
2025-11-07,148763669,12133016,66378751,60519855,60519855,88243814,0.406819,finmind,2026-07-22T04:17:31.412074+08:00
2025-11-14,148763669,12395016,66250257,60404361,60404361,88359308,0.406042,finmind,2026-07-22T04:17:31.412074+08:00
2025-11-21,148763669,12876016,67062614,60391718,60391718,88371951,0.405957,finmind,2026-07-22T04:17:31.412074+08:00
2025-11-28,148763669,13425016,66999613,60315717,60315717,88447952,0.405447,finmind,2026-07-22T04:17:31.412074+08:00
2025-12-05,148763669,13444016,66485612,60317716,60317716,88445953,0.40546,finmind,2026-07-22T04:17:31.412074+08:00
2025-12-12,148763669,13685016,66254612,60316716,60316716,88446953,0.405453,finmind,2026-07-22T04:17:31.412074+08:00
2025-12-19,148763669,13447018,66162563,59260681,59260681,89502988,0.398355,finmind,2026-07-22T04:17:31.412074+08:00
2025-12-26,148763669,13790018,66421975,60302079,60302079,88461590,0.405355,finmind,2026-07-22T04:17:31.412074+08:00
2026-01-02,148763669,14231018,66518416,60301520,60301520,88462149,0.405351,finmind,2026-07-22T04:17:31.412074+08:00
2026-01-09,148763669,14261668,66032709,60960813,60960813,87802856,0.409783,finmind,2026-07-22T04:17:31.412074+08:00
2026-01-16,148763669,15346068,67187964,58314681,58314681,90448988,0.391995,finmind,2026-07-22T04:17:31.412074+08:00
2026-01-23,148763669,14916268,64998242,57912681,57912681,90850988,0.389293,finmind,2026-07-22T04:17:31.412074+08:00
2026-01-30,148763669,14821268,63550630,58805734,58805734,89957935,0.395296,finmind,2026-07-22T04:17:31.412074+08:00
2026-02-06,148763669,15193267,64056709,58685838,58685838,90077831,0.39449,finmind,2026-07-22T04:17:31.412074+08:00
2026-02-13,148763669,15238367,64465983,58677409,58677409,90086260,0.394434,finmind,2026-07-22T04:17:31.412074+08:00
2026-02-26,148763669,16472437,65394083,58822409,58822409,89941260,0.395408,finmind,2026-07-22T04:17:31.412074+08:00
2026-03-06,148763669,15989437,63885169,58635273,58635273,90128396,0.39415,finmind,2026-07-22T04:17:31.412074+08:00
2026-03-13,148763669,16800088,65288448,58877000,58877000,89886669,0.395775,finmind,2026-07-22T04:17:31.412074+08:00
2026-03-20,148763669,21240096,67509281,59919384,59919384,88844285,0.402782,finmind,2026-07-22T04:17:31.412074+08:00
2026-03-27,148763669,18808307,64181584,58983228,58983228,89780441,0.396489,finmind,2026-07-22T04:17:31.412074+08:00
2026-04-02,148763669,18776307,64581366,59407258,59407258,89356411,0.39934,finmind,2026-07-22T04:17:31.412074+08:00
2026-04-10,148763669,19430433,64783480,60596359,60596359,88167310,0.407333,finmind,2026-07-22T04:17:31.412074+08:00
2026-04-17,148763669,19204046,64129762,60351749,60351749,88411920,0.405689,finmind,2026-07-22T04:17:31.412074+08:00
2026-04-24,148763669,19573047,63991318,58715401,58715401,90048268,0.394689,finmind,2026-07-22T04:17:31.412074+08:00
2026-04-30,148763669,19384047,63088346,57451181,57451181,91312488,0.386191,finmind,2026-07-22T04:17:31.412074+08:00
2026-05-08,148763669,19735995,64122051,57637007,57637007,91126662,0.38744,finmind,2026-07-22T04:17:31.412074+08:00
2026-05-15,148763669,20721417,63851120,57450197,57450197,91313472,0.386184,finmind,2026-07-22T04:17:31.412074+08:00
2026-05-22,148763669,23915557,64568917,57759049,57759049,91004620,0.38826,finmind,2026-07-22T04:17:31.412074+08:00
2026-05-29,148763669,23340189,65389542,59135568,59135568,89628101,0.397514,finmind,2026-07-22T04:17:31.412074+08:00
2026-06-05,148763669,15178963,65595556,59173270,59173270,89590399,0.397767,finmind,2026-07-22T04:17:31.412074+08:00
2026-06-12,148763669,15489942,62922456,57801225,57801225,90962444,0.388544,finmind,2026-07-22T04:17:31.412074+08:00
2026-06-18,148763669,17310527,64311808,57740659,57740659,91023010,0.388137,finmind,2026-07-22T04:17:31.412074+08:00
2026-06-26,148763669,18175076,65730749,57929470,57929470,90834199,0.389406,finmind,2026-07-22T04:17:31.412074+08:00
2026-07-03,148763669,18861555,64968644,57865436,57865436,90898233,0.388976,finmind,2026-07-22T04:17:31.412074+08:00
2026-07-09,148763669,17434639,63272083,57361916,57361916,91401753,0.385591,finmind,2026-07-22T04:17:31.412074+08:00
2026-07-17,148763669,16888639,62229961,57278347,57278347,91485322,0.385029,finmind,2026-07-22T04:17:31.412074+08:00
