date,TotalExchangeMarginMaintenance
2015-01-05,167.155
2015-01-06,164.181
2015-01-07,165.35
2015-01-08,166.853
2015-01-09,167.17
2015-01-12,166.167
2015-01-13,166.678
2015-01-14,166.666
2015-01-15,166.404
2015-01-16,163.998
2015-01-19,163.006
2015-01-20,165.729
2015-01-21,165.595
2015-01-22,166.968
2015-01-23,167.282
2015-01-26,167.51
2015-01-27,167.776
2015-01-28,167.821
2015-01-29,166.874
2015-01-30,165.691
2015-02-02,164.959
2015-02-03,165.805
2015-02-04,166.211
2015-02-05,166.182
2015-02-06,165.194
2015-02-09,164.51
2015-02-10,163.656
2015-02-11,163.964
2015-02-12,164.288
2015-02-13,164.816
2015-02-24,166.307
2015-02-25,167.116
2015-02-26,167.554
2015-03-02,167.187
2015-03-03,166.83
2015-03-04,167.017
2015-03-05,167.402
2015-03-06,168.46
2015-03-09,168.042
2015-03-10,167.123
2015-03-11,166.663
2015-03-12,167.966
2015-03-13,167.728
2015-03-16,167.386
2015-03-17,166.966
2015-03-18,167.894
2015-03-19,169.56
2015-03-20,170.125
2015-03-23,170.214
2015-03-24,169.782
2015-03-25,168.158
2015-03-26,167.662
2015-03-27,166.069
2015-03-30,165.009
2015-03-31,166.135
2015-04-01,165.238
2015-04-02,166.331
2015-04-07,167.407
2015-04-08,166.366
2015-04-09,165.487
2015-04-10,165.397
2015-04-13,166.672
2015-04-14,167.32
2015-04-15,166.005
2015-04-16,166.945
2015-04-17,165.871
2015-04-20,164.408
2015-04-21,162.439
2015-04-22,164.012
2015-04-23,165.769
2015-04-24,166.332
2015-04-27,167.172
2015-04-28,166.342
2015-04-29,164.419
2015-04-30,165.306
2015-05-04,164.799
2015-05-05,164.049
2015-05-06,164.754
2015-05-07,162.832
2015-05-08,161.625
2015-05-11,159.173
2015-05-12,160.052
2015-05-13,161.845
2015-05-14,160.549
2015-05-15,159.669
2015-05-18,158.993
2015-05-19,161.587
2015-05-20,162.228
2015-05-21,160.835
2015-05-22,162.086
2015-05-25,162.453
2015-05-26,162.818
2015-05-27,163.619
2015-05-28,164.486
2015-05-29,164.377
2015-06-01,163.702
2015-06-02,163.79
2015-06-03,162.496
2015-06-04,158.532
2015-06-05,158.819
2015-06-08,158.753
2015-06-09,154.152
2015-06-10,157.75
2015-06-11,157.682
2015-06-12,157.888
2015-06-15,157.886
2015-06-16,156.831
2015-06-17,157.451
2015-06-18,159.054
2015-06-22,160.242
2015-06-23,160.959
2015-06-24,160.441
2015-06-25,161.55
2015-06-26,161.291
2015-06-29,157.241
2015-06-30,159.37
2015-07-01,161.209
2015-07-02,161.115
2015-07-03,161.032
2015-07-06,158.776
2015-07-07,158.501
2015-07-08,152.728
2015-07-09,153.438
2015-07-13,156.099
2015-07-14,155.577
2015-07-15,155.365
2015-07-16,155.961
2015-07-17,155.557
2015-07-20,153.698
2015-07-21,153.668
2015-07-22,152.13
2015-07-23,150.624
2015-07-24,150.151
2015-07-27,145.144
2015-07-28,147.828
2015-07-29,147.866
2015-07-30,149.581
2015-07-31,148.902
2015-08-03,147.119
2015-08-04,145.365
2015-08-05,148.339
2015-08-06,146.813
2015-08-07,148.201
2015-08-10,151.104
2015-08-11,149.191
2015-08-12,148.611
2015-08-13,149.974
2015-08-14,150.36
2015-08-17,148.733
2015-08-18,148.304
2015-08-19,145.432
2015-08-20,146.552
2015-08-21,142.57
2015-08-24,137.666
2015-08-25,143.61
2015-08-26,145.953
2015-08-27,148.681
2015-08-28,152.299
2015-08-31,154.144
2015-09-01,153.869
2015-09-02,154.941
2015-09-03,156.694
2015-09-04,154.439
2015-09-07,155.226
2015-09-08,156.119
2015-09-09,160.56
2015-09-10,161.34
2015-09-11,161.72
2015-09-14,161.77
2015-09-15,160.864
2015-09-16,161.725
2015-09-17,163.915
2015-09-18,165.02
2015-09-21,162.047
2015-09-22,163.334
2015-09-23,160.353
2015-09-24,157.577
2015-09-25,158.984
2015-09-30,159.398
2015-10-01,161.687
2015-10-02,162.616
2015-10-05,164.581
2015-10-06,164.126
2015-10-07,166.453
2015-10-08,163.95
2015-10-12,165.576
2015-10-13,166.596
2015-10-14,166.572
2015-10-15,167.048
2015-10-16,167.399
2015-10-19,167.556
2015-10-20,168.189
2015-10-21,167.045
2015-10-22,168.125
2015-10-23,168.151
2015-10-26,170.285
2015-10-27,169.701
2015-10-28,169.025
2015-10-29,166.835
2015-10-30,166.605
2015-11-02,168.26
2015-11-03,169.42
2015-11-04,171.337
2015-11-05,172.819
2015-11-06,170.371
2015-11-09,167.987
2015-11-10,167.142
2015-11-11,163.325
2015-11-12,163.334
2015-11-13,162.098
2015-11-16,161.396
2015-11-17,164.245
2015-11-18,163.459
2015-11-19,165.657
2015-11-20,165.952
2015-11-23,166.275
2015-11-24,163.735
2015-11-25,163.358
2015-11-26,165.311
2015-11-27,163.934
2015-11-30,162.162
2015-12-01,165.049
2015-12-02,165.441
2015-12-03,165.629
2015-12-04,165.282
2015-12-07,165.783
2015-12-08,163.526
2015-12-09,160.111
2015-12-10,160.039
2015-12-11,156.594
2015-12-14,155.445
2015-12-15,157.763
2015-12-16,159.649
2015-12-17,162.546
2015-12-18,162.299
2015-12-21,164.006
2015-12-22,163.502
2015-12-23,163.377
2015-12-24,162.301
2015-12-25,163.682
2015-12-28,163.005
2015-12-29,162.035
2015-12-30,161.712
2015-12-31,162.498
2016-01-04,159.012
2016-01-05,158.322
2016-01-06,156.387
2016-01-07,152.568
2016-01-08,155.985
2016-01-11,153.034
2016-01-12,150.653
2016-01-13,152.498
2016-01-14,150.773
2016-01-15,150.603
2016-01-18,155.001
2016-01-19,157.081
2016-01-20,153.137
2016-01-21,153.045
2016-01-22,154.278
2016-01-25,157.066
2016-01-26,156.228
2016-01-27,155.688
2016-01-28,157.046
2016-01-29,159.878
2016-02-01,161.011
2016-02-02,160.82
2016-02-03,158.798
2016-02-15,159.316
2016-02-16,162.439
2016-02-17,162.336
2016-02-18,164.041
2016-02-19,164.232
2016-02-22,164.779
2016-02-23,165.487
2016-02-24,164.405
2016-02-25,164.929
2016-02-26,165.931
2016-03-01,167.477
2016-03-02,168.64
2016-03-03,168.76
2016-03-04,170.194
2016-03-07,170.118
2016-03-08,170.255
2016-03-09,169.728
2016-03-10,170.082
2016-03-11,171.008
2016-03-14,172.792
2016-03-15,167.894
2016-03-16,170.499
2016-03-17,169.242
2016-03-18,170.682
2016-03-21,171.453
2016-03-22,170.288
2016-03-23,169.335
2016-03-24,168.596
2016-03-25,168.006
2016-03-28,166.673
2016-03-29,164.151
2016-03-30,161.285
2016-03-31,166.906
2016-04-01,165.944
2016-04-06,165.16
2016-04-07,164.219
2016-04-08,164.698
2016-04-11,164.557
2016-04-12,162.188
2016-04-13,164.532
2016-04-14,164.839
2016-04-15,164.964
2016-04-18,164.458
2016-04-19,164.076
2016-04-20,162.009
2016-04-21,162.626
2016-04-22,161.096
2016-04-25,161.454
2016-04-26,162.339
2016-04-27,161.964
2016-04-28,160.565
2016-04-29,159.098
2016-05-03,157.776
2016-05-04,156.13
2016-05-05,156.402
2016-05-06,155.772
2016-05-09,154.449
2016-05-10,155.65
2016-05-11,154.924
2016-05-12,153.186
2016-05-13,149.945
2016-05-16,154.07
2016-05-17,156.134
2016-05-18,156.039
2016-05-19,155.394
2016-05-20,156.113
2016-05-23,160.271
2016-05-24,159.978
2016-05-25,161.301
2016-05-26,160.984
2016-05-27,162.824
2016-05-30,164.151
2016-05-31,164.718
2016-06-01,165.613
2016-06-02,163.794
2016-06-03,164.053
2016-06-06,164.25
2016-06-07,164.929
2016-06-08,164.995
2016-06-13,162.068
2016-06-14,162.976
2016-06-15,163.394
2016-06-16,161.771
2016-06-17,162.889
2016-06-20,164.13
2016-06-21,164.961
2016-06-22,165.343
2016-06-23,164.831
2016-06-24,160.674
2016-06-27,162.309
2016-06-28,163.665
2016-06-29,164.848
2016-06-30,166.034
2016-07-01,166.248
2016-07-04,167.449
2016-07-05,167.314
2016-07-06,165.159
2016-07-07,165.481
2016-07-11,166.43
2016-07-12,166.614
2016-07-13,167.477
2016-07-14,167.865
2016-07-15,168.824
2016-07-18,169.729
2016-07-19,169.753
2016-07-20,169.039
2016-07-21,170.211
2016-07-22,169.811
2016-07-25,168.656
2016-07-26,169.494
2016-07-27,169.179
2016-07-28,168.655
2016-07-29,168.204
2016-08-01,169.241
2016-08-02,169.175
2016-08-03,168.841
2016-08-04,168.768
2016-08-05,169.271
2016-08-08,169.672
2016-08-09,168.324
2016-08-10,168.154
2016-08-11,167.215
2016-08-12,167.183
2016-08-15,168.202
2016-08-16,168.396
2016-08-17,167.908
2016-08-18,168.584
2016-08-19,167.44
2016-08-22,166.294
2016-08-23,166.949
2016-08-24,166.698
2016-08-25,167.88
2016-08-26,167.978
2016-08-29,167.86
2016-08-30,168.439
2016-08-31,168.143
2016-09-01,167.396
2016-09-02,165.104
2016-09-05,166.738
2016-09-06,167.96
2016-09-07,168.553
2016-09-08,168.805
2016-09-09,168.276
2016-09-12,165.011
2016-09-13,164.232
2016-09-14,164.165
2016-09-19,166.857
2016-09-20,167.067
2016-09-21,168.204
2016-09-22,168.099
2016-09-23,168.883
2016-09-26,166.638
2016-09-29,167.612
2016-09-30,166.829
2016-10-03,167.403
2016-10-04,168.057
2016-10-05,167.679
2016-10-06,167.931
2016-10-07,166.919
2016-10-11,164.527
2016-10-12,164.229
2016-10-13,163.927
2016-10-14,162.107
2016-10-17,163.293
2016-10-18,163.855
2016-10-19,164.558
2016-10-20,165.053
2016-10-21,165.507
2016-10-24,166.133
2016-10-25,166.319
2016-10-26,166.195
2016-10-27,165.752
2016-10-28,164.999
2016-10-31,164.856
2016-11-01,164.654
2016-11-02,161.868
2016-11-03,160.469
2016-11-04,160.506
2016-11-07,161.874
2016-11-08,161.988
2016-11-09,156.721
2016-11-10,161.44
2016-11-11,158.695
2016-11-14,159.056
2016-11-15,159.364
2016-11-16,160.052
2016-11-17,160.281
2016-11-18,161.792
2016-11-21,162.857
2016-11-22,163.816
2016-11-23,164.084
2016-11-24,163.952
2016-11-25,164.12
2016-11-28,165.146
2016-11-29,165.599
2016-11-30,165.577
2016-12-01,166.211
2016-12-02,165.372
2016-12-05,164.94
2016-12-06,165.651
2016-12-07,166.397
2016-12-08,167.186
2016-12-09,167.82
2016-12-12,166.792
2016-12-13,167.259
2016-12-14,167.321
2016-12-15,167.509
2016-12-16,167.215
2016-12-19,165.449
2016-12-20,165.776
2016-12-21,166.107
2016-12-22,164.657
2016-12-23,164.085
2016-12-26,164.287
2016-12-27,163.65
2016-12-28,165.501
2016-12-29,165.385
2016-12-30,166.295
2017-01-03,166.986
2017-01-04,167.529
2017-01-05,168.695
2017-01-06,169.066
2017-01-09,168.038
2017-01-10,168.464
2017-01-11,168.438
2017-01-12,168.806
2017-01-13,168.581
2017-01-16,167.812
2017-01-17,168.887
2017-01-18,169.852
2017-01-19,169.666
2017-01-20,169.84
2017-01-23,170.866
2017-01-24,171.006
2017-02-02,173.134
2017-02-03,173.63
2017-02-06,174.779
2017-02-07,173.898
2017-02-08,174.649
2017-02-09,176.181
2017-02-10,175.482
2017-02-13,175.521
2017-02-14,174.661
2017-02-15,176.163
2017-02-16,175.587
2017-02-17,176.114
2017-02-20,174.854
2017-02-21,175.099
2017-02-22,175.95
2017-02-23,175.071
2017-02-24,175.197
2017-03-01,173.593
2017-03-02,173.816
2017-03-03,172.566
2017-03-06,173.552
2017-03-07,174.084
2017-03-08,174.302
2017-03-09,172.74
2017-03-10,172.113
2017-03-13,172.842
2017-03-14,173.835
2017-03-15,173.64
2017-03-16,174.174
2017-03-17,175.702
2017-03-20,175.74
2017-03-21,175.638
2017-03-22,175.515
2017-03-23,175.622
2017-03-24,174.969
2017-03-27,173.052
2017-03-28,172.057
2017-03-29,173.267
2017-03-30,173.826
2017-03-31,173.679
2017-04-05,174.371
2017-04-06,173.663
2017-04-07,174.019
2017-04-10,174.094
2017-04-11,171.449
2017-04-12,171.318
2017-04-13,171.169
2017-04-14,168.407
2017-04-17,167.667
2017-04-18,169.612
2017-04-19,167.984
2017-04-20,167.536
2017-04-21,168.832
2017-04-24,168.138
2017-04-25,170.332
2017-04-26,171.706
2017-04-27,171.851
2017-04-28,171.318
2017-05-02,172.165
2017-05-03,170.971
2017-05-04,171.732
2017-05-05,170.124
2017-05-08,168.607
2017-05-09,167.389
2017-05-10,169.681
2017-05-11,169.22
2017-05-12,169.385
2017-05-15,170.792
2017-05-16,169.975
2017-05-17,170.118
2017-05-18,170.527
2017-05-19,170.787
2017-05-22,171.025
2017-05-23,171.415
2017-05-24,172.176
2017-05-25,172.949
2017-05-26,172.257
2017-05-31,171.367
2017-06-01,172.458
2017-06-02,173.597
2017-06-05,175.272
2017-06-06,175.508
2017-06-07,175.125
2017-06-08,175.214
2017-06-09,174.769
2017-06-12,174.134
2017-06-13,173.792
2017-06-14,171.475
2017-06-15,171.828
2017-06-16,173.385
2017-06-19,174.531
2017-06-20,174.161
2017-06-21,175.424
2017-06-22,176.046
2017-06-23,175.401
2017-06-26,176.913
2017-06-27,176.815
2017-06-28,175.899
2017-06-29,175.425
2017-06-30,175.462
2017-07-03,174.8
2017-07-04,174.156
2017-07-05,174.633
2017-07-06,175.052
2017-07-07,173.732
2017-07-10,172.868
2017-07-11,173.458
2017-07-12,174.87
2017-07-13,174.325
2017-07-14,175.137
2017-07-17,175.043
2017-07-18,176.116
2017-07-19,176.158
2017-07-20,175.773
2017-07-21,175.173
2017-07-24,175.382
2017-07-25,176.51
2017-07-26,175.874
2017-07-27,176.6
2017-07-28,175.504
2017-07-31,175.919
2017-08-01,176.646
2017-08-02,177.185
2017-08-03,176.288
2017-08-04,177.298
2017-08-07,178.639
2017-08-08,176.533
2017-08-09,175.054
2017-08-10,171.078
2017-08-11,172.356
2017-08-14,168.63
2017-08-15,170.526
2017-08-16,171.653
2017-08-17,174.037
2017-08-18,173.691
2017-08-21,174.448
2017-08-22,175.906
2017-08-23,176.502
2017-08-24,177.632
2017-08-25,177.933
2017-08-28,179.375
2017-08-29,178.543
2017-08-30,179.22
2017-08-31,179.336
2017-09-01,180.559
2017-09-04,179.256
2017-09-05,181.066
2017-09-06,180.148
2017-09-07,177.489
2017-09-08,179.242
2017-09-11,177.728
2017-09-12,176.871
2017-09-13,175.666
2017-09-14,176.342
2017-09-15,176.41
2017-09-18,176.877
2017-09-19,174.913
2017-09-20,173.74
2017-09-21,173.881
2017-09-22,172.711
2017-09-25,169.698
2017-09-26,167.771
2017-09-27,170.133
2017-09-28,170.394
2017-09-29,169.697
2017-10-02,173.382
2017-10-03,173.626
2017-10-05,174.981
2017-10-06,174.644
2017-10-11,173.595
2017-10-12,174.649
2017-10-13,175.084
2017-10-16,174.739
2017-10-17,173.716
2017-10-18,173.066
2017-10-19,174.283
2017-10-20,174.023
2017-10-23,174.181
2017-10-24,175.183
2017-10-25,174.39
2017-10-26,175.211
2017-10-27,171.712
2017-10-30,172.181
2017-10-31,173.761
2017-11-01,174.448
2017-11-02,173.848
2017-11-03,173.848
2017-11-06,173.886
2017-11-07,173.843
2017-11-08,173.937
2017-11-09,170.643
2017-11-10,171.13
2017-11-13,168.708
2017-11-14,169.197
2017-11-15,169.042
2017-11-16,169.199
2017-11-17,170.529
2017-11-20,170.014
2017-11-21,172.093
2017-11-22,172.623
2017-11-23,173.282
2017-11-24,173.299
2017-11-27,172.191
2017-11-28,171.785
2017-11-29,172.034
2017-11-30,170.805
2017-12-01,168.867
2017-12-04,169.322
2017-12-05,167.451
2017-12-06,164.141
2017-12-07,162.991
2017-12-08,164.628
2017-12-11,167.844
2017-12-12,166.636
2017-12-13,167.127
2017-12-14,167.277
2017-12-15,166.457
2017-12-18,166.5
2017-12-19,166.15
2017-12-20,167.617
2017-12-21,167.667
2017-12-22,167.446
2017-12-25,167.26
2017-12-26,164.72
2017-12-27,165.771
2017-12-28,167.618
2017-12-29,167.843
2018-01-02,169.575
2018-01-03,169.963
2018-01-04,171.961
2018-01-05,172.159
2018-01-08,171.212
2018-01-09,170.408
2018-01-10,168.684
2018-01-11,169.358
2018-01-12,171.223
2018-01-15,172.189
2018-01-16,173.586
2018-01-17,173.289
2018-01-18,172.38
2018-01-19,172.326
2018-01-22,173.529
2018-01-23,172.629
2018-01-24,173.307
2018-01-25,171.593
2018-01-26,172.237
2018-01-29,172.821
2018-01-30,170.721
2018-01-31,171.315
2018-02-01,171.18
2018-02-02,170.74
2018-02-05,167.959
2018-02-06,158.709
2018-02-07,161.4
2018-02-08,159.68
2018-02-09,157.833
2018-02-12,158.585
2018-02-21,165.167
2018-02-22,166.011
2018-02-23,167.375
2018-02-26,167.669
2018-02-27,167.575
2018-03-01,168.165
2018-03-02,166.95
2018-03-05,165.322
2018-03-06,166.517
2018-03-07,166.122
2018-03-08,167.783
2018-03-09,168.078
2018-03-12,168.853
2018-03-13,170.071
2018-03-14,169.417
2018-03-15,170.317
2018-03-16,169.707
2018-03-19,169.845
2018-03-20,169.489
2018-03-21,170.518
2018-03-22,167.987
2018-03-23,165.119
2018-03-26,165.683
2018-03-27,167.641
2018-03-28,165.843
2018-03-29,165.831
2018-03-30,166.219
2018-04-02,167.201
2018-04-03,166.356
2018-04-09,166.702
2018-04-10,166.491
2018-04-11,167.559
2018-04-12,167.823
2018-04-13,168.469
2018-04-16,168.085
2018-04-17,164.988
2018-04-18,165.452
2018-04-19,167.268
2018-04-20,165.381
2018-04-23,164.007
2018-04-24,159.874
2018-04-25,161.731
2018-04-26,158.325
2018-04-27,157.818
2018-04-30,162.674
2018-05-02,162.157
2018-05-03,161.033
2018-05-04,161.118
2018-05-07,163.116
2018-05-08,164.011
2018-05-09,164.442
2018-05-10,165.933
2018-05-11,166.185
2018-05-14,168.19
2018-05-15,167.652
2018-05-16,167.365
2018-05-17,166.335
2018-05-18,166.497
2018-05-21,169.608
2018-05-22,165.004
2018-05-23,168.059
2018-05-24,169.575
2018-05-25,169.961
2018-05-28,171.823
2018-05-29,171.046
2018-05-30,169.925
2018-05-31,169.352
2018-06-01,171.182
2018-06-04,173.868
2018-06-05,173.491
2018-06-06,176.231
2018-06-07,177.127
2018-06-08,175.2
2018-06-11,176.169
2018-06-12,175.966
2018-06-13,175.18
2018-06-14,173.768
2018-06-15,174.7
2018-06-19,171.397
2018-06-20,166.998
2018-06-21,169.625
2018-06-22,167.172
2018-06-25,166.212
2018-06-26,166.466
2018-06-27,165.473
2018-06-28,164.925
2018-06-29,166.91
2018-07-02,167.643
2018-07-03,164.614
2018-07-04,165.172
2018-07-05,161.793
2018-07-06,162.952
2018-07-09,163.155
2018-07-10,165.022
2018-07-11,163.507
2018-07-12,166.247
2018-07-13,168.034
2018-07-16,166.845
2018-07-17,165.675
2018-07-18,165.096
2018-07-19,165.507
2018-07-20,164.098
2018-07-23,163.663
2018-07-24,165.886
2018-07-25,166.497
2018-07-26,166.741
2018-07-27,168.194
2018-07-30,165.183
2018-07-31,165.484
2018-08-01,166.319
2018-08-02,162.652
2018-08-03,163.974
2018-08-06,164.437
2018-08-07,164.692
2018-08-08,164.321
2018-08-09,164.042
2018-08-10,162.027
2018-08-13,157.182
2018-08-14,159.184
2018-08-15,156.84
2018-08-16,158.102
2018-08-17,157.01
2018-08-20,157.052
2018-08-21,159.446
2018-08-22,159.075
2018-08-23,158.525
2018-08-24,158.301
2018-08-27,161.62
2018-08-28,162.227
2018-08-29,163.381
2018-08-30,162.693
2018-08-31,163.27
2018-09-03,159.481
2018-09-04,160.608
2018-09-05,159.93
2018-09-06,158.441
2018-09-07,155.113
2018-09-10,151.702
2018-09-11,153.74
2018-09-12,152.573
2018-09-13,153.035
2018-09-14,156.958
2018-09-17,156.808
2018-09-18,154.642
2018-09-19,155.928
2018-09-20,154.858
2018-09-21,157.394
2018-09-25,158.558
2018-09-26,158.92
2018-09-27,158.045
2018-09-28,158.171
2018-10-01,159.117
2018-10-02,157.501
2018-10-03,156.65
2018-10-04,155.568
2018-10-05,152.023
2018-10-08,152.319
2018-10-09,151.658
2018-10-11,144.11
2018-10-12,148.838
2018-10-15,149.318
2018-10-16,150.486
2018-10-17,151.014
2018-10-18,150.081
2018-10-19,150.512
2018-10-22,152.539
2018-10-23,148.483
2018-10-24,148.011
2018-10-25,144.073
2018-10-26,143.517
2018-10-29,143.215
2018-10-30,143.408
2018-10-31,147.699
2018-11-01,150.839
2018-11-02,152.516
2018-11-05,152.136
2018-11-06,149.359
2018-11-07,152.721
2018-11-08,152.854
2018-11-09,152.318
2018-11-12,151.435
2018-11-13,151.848
2018-11-14,152.285
2018-11-15,153.291
2018-11-16,153.854
2018-11-19,155.49
2018-11-20,154.344
2018-11-21,155.368
2018-11-22,153.497
2018-11-23,151.453
2018-11-26,154.342
2018-11-27,155.223
2018-11-28,157.563
2018-11-29,158.201
2018-11-30,158.787
2018-12-03,165.119
2018-12-04,163.341
2018-12-05,160.785
2018-12-06,155.078
2018-12-07,156.29
2018-12-10,153.769
2018-12-11,154.608
2018-12-12,157.899
2018-12-13,157.883
2018-12-14,156.471
2018-12-17,156.367
2018-12-18,154.782
2018-12-19,154.548
2018-12-20,151.887
2018-12-21,151.681
2018-12-24,152.55
2018-12-25,151.182
2018-12-26,149.665
2018-12-27,151.908
2018-12-28,152.407
2019-01-02,151.402
2019-01-03,150.025
2019-01-04,148.695
2019-01-07,151.908
2019-01-08,152.759
2019-01-09,154.569
2019-01-10,155.042
2019-01-11,155.026
2019-01-14,154.356
2019-01-15,156.519
2019-01-16,157.059
2019-01-17,156.421
2019-01-18,157.979
2019-01-21,158.061
2019-01-22,157.094
2019-01-23,157.633
2019-01-24,158.297
2019-01-25,159.401
2019-01-28,160.488
2019-01-29,159.355
2019-01-30,159.934
2019-02-11,161.653
2019-02-12,163.242
2019-02-13,165.479
2019-02-14,165.755
2019-02-15,164.046
2019-02-18,165.879
2019-02-19,166.667
2019-02-20,167.871
2019-02-21,168.857
2019-02-22,167.956
2019-02-25,170.214
2019-02-26,168.905
2019-02-27,168.439
2019-03-04,169.822
2019-03-05,168.646
2019-03-06,169.307
2019-03-07,166.715
2019-03-08,166.35
2019-03-11,167.038
2019-03-12,168.036
2019-03-13,168.148
2019-03-14,168.521
2019-03-15,169.397
2019-03-18,170.675
2019-03-19,170.832
2019-03-20,171.351
2019-03-21,171.81
2019-03-22,170.48
2019-03-25,167.802
2019-03-26,168.341
2019-03-27,166.476
2019-03-28,168.559
2019-03-29,170.383
2019-04-01,170.877
2019-04-02,171.387
2019-04-03,172.5
2019-04-08,173.341
2019-04-09,174.478
2019-04-10,175.071
2019-04-11,173.049
2019-04-12,171.422
2019-04-15,173.317
2019-04-16,174.147
2019-04-17,174.872
2019-04-18,172.126
2019-04-19,173.106
2019-04-22,173.106
2019-04-23,172.486
2019-04-24,171.757
2019-04-25,171.819
2019-04-26,169.411
2019-04-29,166.856
2019-04-30,168.349
2019-05-02,169.119
2019-05-03,170.38
2019-05-06,165.614
2019-05-07,166.871
2019-05-08,166.092
2019-05-09,161.866
2019-05-10,161.498
2019-05-13,157.984
2019-05-14,159.441
2019-05-15,161.294
2019-05-16,159.115
2019-05-17,156.966
2019-05-20,156.594
2019-05-21,159.095
2019-05-22,158.303
2019-05-23,155.762
2019-05-24,156.125
2019-05-27,156.233
2019-05-28,157.157
2019-05-29,157.419
2019-05-30,158.624
2019-05-31,160.514
2019-06-03,159.532
2019-06-04,158.898
2019-06-05,159.455
2019-06-06,157.626
2019-06-10,160.636
2019-06-11,162.009
2019-06-12,162.244
2019-06-13,162.034
2019-06-14,162.102
2019-06-17,162.782
2019-06-18,162.148
2019-06-19,165.303
2019-06-20,167.136
2019-06-21,166.22
2019-06-24,167.034
2019-06-25,165.183
2019-06-26,165.648
2019-06-27,166.919
2019-06-28,166.196
2019-07-01,169.877
2019-07-02,170.32
2019-07-03,168.858
2019-07-04,169.662
2019-07-05,170.211
2019-07-08,169.396
2019-07-09,168.039
2019-07-10,169.618
2019-07-11,169.905
2019-07-12,169.983
2019-07-15,170.519
2019-07-16,170.815
2019-07-17,170.299
2019-07-18,168.63
2019-07-19,169.675
2019-07-22,170.172
2019-07-23,170.235
2019-07-24,170.963
2019-07-25,171.466
2019-07-26,171.631
2019-07-29,171.39
2019-07-30,167.301
2019-07-31,169.555
2019-08-01,168.968
2019-08-02,164.817
2019-08-05,162.816
2019-08-06,162.985
2019-08-07,162.234
2019-08-08,164.597
2019-08-12,165.842
2019-08-13,164.426
2019-08-14,165.217
2019-08-15,163.729
2019-08-16,165.426
2019-08-19,167.07
2019-08-20,166.966
2019-08-21,167.631
2019-08-22,167.383
2019-08-23,167.671
2019-08-26,163.79
2019-08-27,164.858
2019-08-28,165.784
2019-08-29,166.137
2019-08-30,167.882
2019-09-02,169.799
2019-09-03,168.741
2019-09-04,170.334
2019-09-05,170.986
2019-09-06,170.698
2019-09-09,169.783
2019-09-10,168.534
2019-09-11,169.09
2019-09-12,170.079
2019-09-16,169.872
2019-09-17,169.585
2019-09-18,170.292
2019-09-19,169.965
2019-09-20,170.905
2019-09-23,171.184
2019-09-24,170.594
2019-09-25,169.644
2019-09-26,169.381
2019-09-27,167.503
2019-10-01,168.998
2019-10-02,169.712
2019-10-03,169.611
2019-10-04,169.771
2019-10-07,170.481
2019-10-08,170.338
2019-10-09,169.056
2019-10-14,171.465
2019-10-15,171.712
2019-10-16,171.423
2019-10-17,172.516
2019-10-18,172.363
2019-10-21,172.923
2019-10-22,173.317
2019-10-23,173.205
2019-10-24,174.606
2019-10-25,173.749
2019-10-28,174.114
2019-10-29,172.736
2019-10-30,173.62
2019-10-31,172.506
2019-11-01,173.574
2019-11-04,174.5
2019-11-05,175.384
2019-11-06,174.312
2019-11-07,172.823
2019-11-08,172.819
2019-11-11,168.961
2019-11-12,167.273
2019-11-13,170.82
2019-11-14,170.369
2019-11-15,171.415
2019-11-18,171.992
2019-11-19,172.055
2019-11-20,171.112
2019-11-21,171.224
2019-11-22,171.022
2019-11-25,171.697
2019-11-26,172.683
2019-11-27,173.147
2019-11-28,172.273
2019-11-29,170.774
2019-12-02,169.911
2019-12-03,171.066
2019-12-04,170.826
2019-12-05,172.033
2019-12-06,172.544
2019-12-09,173.052
2019-12-10,172.679
2019-12-11,173.365
2019-12-12,173.319
2019-12-13,172.678
2019-12-16,173.654
2019-12-17,174.658
2019-12-18,174.485
2019-12-19,173.89
2019-12-20,173.758
2019-12-23,173.297
2019-12-24,173.42
2019-12-25,174.547
2019-12-26,174.478
2019-12-27,174.941
2019-12-30,175.944
2019-12-31,175.92
2020-01-02,177.565
2020-01-03,176.11
2020-01-06,173.898
2020-01-07,171.286
2020-01-08,169.904
2020-01-09,172.147
2020-01-10,172.418
2020-01-13,174.254
2020-01-14,175.689
2020-01-15,174.509
2020-01-16,175.409
2020-01-17,175.346
2020-01-20,176.113
2020-01-30,162.875
2020-01-31,163.511
2020-02-03,161.284
2020-02-04,164.949
2020-02-05,164.512
2020-02-06,167.631
2020-02-07,164.85
2020-02-10,164.033
2020-02-11,166.643
2020-02-12,168.77
2020-02-13,168.16
2020-02-14,169.487
2020-02-17,168.5
2020-02-18,167.719
2020-02-19,169.396
2020-02-20,169.488
2020-02-21,168.556
2020-02-24,167.584
2020-02-25,167.374
2020-02-26,165.368
2020-02-27,160.625
2020-03-02,160.949
2020-03-03,163.62
2020-03-04,163.485
2020-03-05,165.981
2020-03-06,164.636
2020-03-09,158.185
2020-03-10,159.74
2020-03-11,157.554
2020-03-12,149.537
2020-03-13,147.92
2020-03-16,143.356
2020-03-17,141.83
2020-03-18,140.995
2020-03-19,136.849
2020-03-20,146.355
2020-03-23,142.748
2020-03-24,92.557
2020-03-25,155.977
2020-03-26,158.015
2020-03-27,157.075
2020-03-30,157.144
2020-03-31,158.048
2020-04-01,159.159
2020-04-06,162.509
2020-04-07,165.749
2020-04-08,168.742
2020-04-09,167.482
2020-04-10,168.476
2020-04-13,167.244
2020-04-14,170.77
2020-04-15,171.966
2020-04-16,171.977
2020-04-17,171.971
2020-04-20,172.739
2020-04-21,167.54
2020-04-22,169.274
2020-04-23,170.396
2020-04-24,170.622
2020-04-27,174.565
2020-04-28,174.91
2020-04-29,176.621
2020-04-30,178.952
2020-05-04,176.359
2020-05-05,177.193
2020-05-06,177.078
2020-05-07,178.479
2020-05-08,177.393
2020-05-11,178.378
2020-05-12,176.831
2020-05-13,177.472
2020-05-14,172.788
2020-05-15,173.11
2020-05-18,171.23
2020-05-19,172.667
2020-05-20,173.892
2020-05-21,175.401
2020-05-22,172.703
2020-05-25,174.71
2020-05-26,175.219
2020-05-27,175.054
2020-05-28,174.076
2020-05-29,174.767
2020-06-01,177.617
2020-06-02,177.181
2020-06-03,179.6
2020-06-04,180.133
2020-06-05,180.665
2020-06-08,180.72
2020-06-09,180.58
2020-06-10,181.225
2020-06-11,176.664
2020-06-12,176.841
2020-06-15,175.453
2020-06-16,178.92
2020-06-17,179.305
2020-06-18,178.769
2020-06-19,180.248
2020-06-22,180.37
2020-06-23,180.103
2020-06-24,180.581
2020-06-29,178.632
2020-06-30,179.549
2020-07-01,180.886
2020-07-02,182.551
2020-07-03,183.24
2020-07-06,186.196
2020-07-07,184.402
2020-07-08,185.637
2020-07-09,184.561
2020-07-10,179.932
2020-07-13,181.763
2020-07-14,179.295
2020-07-15,177.516
2020-07-16,177.518
2020-07-17,174.961
2020-07-20,175.936
2020-07-21,178.304
2020-07-22,179.683
2020-07-23,179.203
2020-07-24,175.303
2020-07-27,175.05
2020-07-28,171.789
2020-07-29,173.506
2020-07-30,175.383
2020-07-31,175.928
2020-08-03,175.752
2020-08-04,177.787
2020-08-05,179.34
2020-08-06,178.589
2020-08-07,177.198
2020-08-10,176.603
2020-08-11,174.67
2020-08-12,174.356
2020-08-13,172.677
2020-08-14,175.997
2020-08-17,177.877
2020-08-18,173.573
2020-08-19,174.02
2020-08-20,165.872
2020-08-21,170.456
2020-08-24,171.349
2020-08-25,172.463
2020-08-26,173.197
2020-08-27,172.604
2020-08-28,172.624
2020-08-31,172.022
2020-09-01,173.436
2020-09-02,174.29
2020-09-03,175.019
2020-09-04,173.872
2020-09-07,171.728
2020-09-08,170.767
2020-09-09,171.759
2020-09-10,171.021
2020-09-11,169.351
2020-09-14,171.793
2020-09-15,172.633
2020-09-16,173.072
2020-09-17,173.093
2020-09-18,173.571
2020-09-21,172.094
2020-09-22,170.082
2020-09-23,169.448
2020-09-24,165.068
2020-09-25,161.986
2020-09-28,165.377
2020-09-29,165.31
2020-09-30,166.741
2020-10-05,168.402
2020-10-06,170.007
2020-10-07,170.15
2020-10-08,171.063
2020-10-12,170.077
2020-10-13,170.458
2020-10-14,170.834
2020-10-15,169.629
2020-10-16,168.271
2020-10-19,170.494
2020-10-20,170.575
2020-10-21,170.83
2020-10-22,170.825
2020-10-23,171.599
2020-10-26,171.491
2020-10-27,171.444
2020-10-28,169.703
2020-10-29,169.385
2020-10-30,167.038
2020-11-02,166.283
2020-11-03,169.284
2020-11-04,170.784
2020-11-05,171.357
2020-11-06,171.669
2020-11-09,174.13
2020-11-10,171.894
2020-11-11,172.785
2020-11-12,171.881
2020-11-13,172.717
2020-11-16,174.045
2020-11-17,174.199
2020-11-18,175.992
2020-11-19,175.283
2020-11-20,175.742
2020-11-23,177.405
2020-11-24,176.976
2020-11-25,176.011
2020-11-26,177.782
2020-11-27,179.007
2020-11-30,179.821
2020-12-01,180.213
2020-12-02,180.425
2020-12-03,179.848
2020-12-04,180.409
2020-12-07,180.149
2020-12-08,180.91
2020-12-09,182.258
2020-12-10,179.851
2020-12-11,177.249
2020-12-14,178.097
2020-12-15,174.228
2020-12-16,177.223
2020-12-17,177.371
2020-12-18,177.152
2020-12-21,177.584
2020-12-22,173.942
2020-12-23,175.829
2020-12-24,174.716
2020-12-25,175.558
2020-12-28,177.549
2020-12-29,176.416
2020-12-30,177.585
2020-12-31,177.862
2021-01-04,180.563
2021-01-05,181.11
2021-01-06,178.723
2021-01-07,179.621
2021-01-08,180.104
2021-01-11,181.665
2021-01-12,177.968
2021-01-13,180.61
2021-01-14,181.467
2021-01-15,177.676
2021-01-18,177.992
2021-01-19,178.872
2021-01-20,174.178
2021-01-21,176.76
2021-01-22,179.453
2021-01-25,179.31
2021-01-26,175.187
2021-01-27,176.247
2021-01-28,173.453
2021-01-29,170.349
2021-02-01,171.578
2021-02-02,175.125
2021-02-03,175.354
2021-02-04,174.809
2021-02-05,175.686
2021-02-17,181.323
2021-02-18,183.482
2021-02-19,183.379
2021-02-22,185.539
2021-02-23,184.791
2021-02-24,181.662
2021-02-25,183.138
2021-02-26,179.911
2021-03-02,177.708
2021-03-03,180.114
2021-03-04,177.008
2021-03-05,175.696
2021-03-08,174.254
2021-03-09,174.568
2021-03-10,175.084
2021-03-11,178.896
2021-03-12,179.582
2021-03-15,180.07
2021-03-16,180.373
2021-03-17,180.129
2021-03-18,181.442
2021-03-19,179.914
2021-03-22,180.857
2021-03-23,179.006
2021-03-24,178.562
2021-03-25,177.655
2021-03-26,180.708
2021-03-29,181.973
2021-03-30,183.282
2021-03-31,181.977
2021-04-01,182.831
2021-04-06,185.138
2021-04-07,186.444
2021-04-08,188.439
2021-04-09,185.483
2021-04-12,184.785
2021-04-13,181.916
2021-04-14,180.309
2021-04-15,182.108
2021-04-16,184.373
2021-04-19,185.227
2021-04-20,185.669
2021-04-21,185.821
2021-04-22,181.014
2021-04-23,183.043
2021-04-26,186.274
2021-04-27,186.178
2021-04-28,186.267
2021-04-29,185.373
2021-05-03,179.301
2021-05-04,172.588
2021-05-05,171.2
2021-05-06,171.276
2021-05-07,177.359
2021-05-10,177.178
2021-05-11,168.497
2021-05-12,160.74
2021-05-13,158.893
2021-05-14,158.369
2021-05-17,153.022
2021-05-18,164.131
2021-05-19,167.17
2021-05-20,164.282
2021-05-21,168.986
2021-05-24,171.898
2021-05-25,173.436
2021-05-26,174.42
2021-05-27,175.141
2021-05-28,178.989
2021-05-31,180.196
2021-06-01,182.527
2021-06-02,180.652
2021-06-03,182.767
2021-06-04,180.477
2021-06-07,178.627
2021-06-08,179.224
2021-06-09,177.869
2021-06-10,178.147
2021-06-11,179.646
2021-06-15,183.396
2021-06-16,180.24
2021-06-17,183.415
2021-06-18,183.323
2021-06-21,182.829
2021-06-22,182.288
2021-06-23,180.747
2021-06-24,183.767
2021-06-25,185.212
2021-06-28,188.985
2021-06-29,186.982
2021-06-30,187.632
2021-07-01,191.189
2021-07-02,189.327
2021-07-05,190.883
2021-07-06,190.744
2021-07-07,186.952
2021-07-08,188.718
2021-07-09,182.932
2021-07-12,184.28
2021-07-13,178.775
2021-07-14,175.891
2021-07-15,181.228
2021-07-16,182.366
2021-07-19,182.425
2021-07-20,176.572
2021-07-21,172.981
2021-07-22,174.139
2021-07-23,175.641
2021-07-26,174.428
2021-07-27,170.17
2021-07-28,167.792
2021-07-29,173.556
2021-07-30,169.522
2021-08-02,173.101
2021-08-03,173.649
2021-08-04,174.508
2021-08-05,173.421
2021-08-06,173.053
2021-08-09,171.243
2021-08-10,168.999
2021-08-11,165.707
2021-08-12,168.469
2021-08-13,164.461
2021-08-16,162.575
2021-08-17,159.074
2021-08-18,166.184
2021-08-19,159.171
2021-08-20,160.895
2021-08-23,167.457
2021-08-24,166.201
2021-08-25,169.52
2021-08-26,168.806
2021-08-27,168.236
2021-08-30,168.936
2021-08-31,168.648
2021-09-01,168.615
2021-09-02,166.213
2021-09-03,166.434
2021-09-06,163.464
2021-09-07,163.974
2021-09-08,161.365
2021-09-09,163.082
2021-09-10,165.752
2021-09-13,165.317
2021-09-14,163.239
2021-09-15,162.624
2021-09-16,162.125
2021-09-17,164.281
2021-09-22,160.586
2021-09-23,162.296
2021-09-24,164.772
2021-09-27,164.977
2021-09-28,162.58
2021-09-29,159.175
2021-09-30,161.407
2021-10-01,154.952
2021-10-04,151.728
2021-10-05,154.938
2021-10-06,152.595
2021-10-07,155.65
2021-10-08,155.029
2021-10-12,151.735
2021-10-13,150.18
2021-10-14,151.695
2021-10-15,154.336
2021-10-18,155.948
2021-10-19,158.065
2021-10-20,158.49
2021-10-21,158.788
2021-10-22,158.779
2021-10-25,161.141
2021-10-26,161.106
2021-10-27,162.674
2021-10-28,163.4
2021-10-29,164.39
2021-11-01,166.434
2021-11-02,165.103
2021-11-03,167.386
2021-11-04,166.405
2021-11-05,168.372
2021-11-08,170.877
2021-11-09,171.451
2021-11-10,171.119
2021-11-11,168.696
2021-11-12,169.692
2021-11-15,171.043
2021-11-16,171.837
2021-11-17,172.942
2021-11-18,173.136
2021-11-19,172.446
2021-11-22,173.574
2021-11-23,171.177
2021-11-24,172.435
2021-11-25,172.212
2021-11-26,167.855
2021-11-29,168.223
2021-11-30,170.853
2021-12-01,172.442
2021-12-02,172.075
2021-12-03,173.641
2021-12-06,175.143
2021-12-07,175.863
2021-12-08,176.346
2021-12-09,176.363
2021-12-10,174.434
2021-12-13,174.276
2021-12-14,169.891
2021-12-15,172.673
2021-12-16,174.289
2021-12-17,173.402
2021-12-20,172.611
2021-12-21,174.431
2021-12-22,174.529
2021-12-23,175.242
2021-12-24,174.877
2021-12-27,175.737
2021-12-28,176.289
2021-12-29,176.378
2021-12-30,176.144
2022-01-03,174.342
2022-01-04,175.152
2022-01-05,174.152
2022-01-06,172.817
2022-01-07,169.829
2022-01-10,169.797
2022-01-11,167.48
2022-01-12,166.685
2022-01-13,166.057
2022-01-14,165.548
2022-01-17,166.845
2022-01-18,166.688
2022-01-19,164.894
2022-01-20,166.042
2022-01-21,161.353
2022-01-24,161.206
2022-01-25,157.615
2022-01-26,158.053
2022-02-07,162.562
2022-02-08,165.21
2022-02-09,167.74
2022-02-10,168.143
2022-02-11,167.722
2022-02-14,164.097
2022-02-15,164.381
2022-02-16,167.071
2022-02-17,167.211
2022-02-18,168.834
2022-02-21,169.053
2022-02-22,162.608
2022-02-23,167.528
2022-02-24,162.19
2022-02-25,164.0
2022-03-01,167.699
2022-03-02,167.759
2022-03-03,169.238
2022-03-04,167.586
2022-03-07,161.121
2022-03-08,157.298
2022-03-09,160.765
2022-03-10,163.947
2022-03-11,163.611
2022-03-14,164.817
2022-03-15,160.076
2022-03-16,159.0
2022-03-17,164.578
2022-03-18,164.046
2022-03-21,164.949
2022-03-22,165.252
2022-03-23,166.589
2022-03-24,165.894
2022-03-25,163.9
2022-03-28,163.512
2022-03-29,163.849
2022-03-30,164.968
2022-03-31,163.903
2022-04-01,164.319
2022-04-06,163.0
2022-04-07,158.492
2022-04-08,160.94
2022-04-11,157.894
2022-04-12,157.626
2022-04-13,160.545
2022-04-14,160.739
2022-04-15,158.773
2022-04-18,157.248
2022-04-19,158.959
2022-04-20,160.169
2022-04-21,160.807
2022-04-22,159.612
2022-04-25,154.198
2022-04-26,153.745
2022-04-27,152.85
2022-04-28,153.809
2022-04-29,155.952
2022-05-03,156.392
2022-05-04,157.694
2022-05-05,159.582
2022-05-06,157.382
2022-05-09,152.873
2022-05-10,154.603
2022-05-11,153.062
2022-05-12,149.925
2022-05-13,153.206
2022-05-16,152.695
2022-05-17,154.19
2022-05-18,156.017
2022-05-19,154.716
2022-05-20,155.299
2022-05-23,157.0
2022-05-24,154.396
2022-05-25,156.512
2022-05-26,155.081
2022-05-27,157.272
2022-05-30,160.072
2022-05-31,160.438
2022-06-01,161.161
2022-06-02,160.33
2022-06-06,160.418
2022-06-07,160.4
2022-06-08,161.049
2022-06-09,160.378
2022-06-10,159.407
2022-06-13,154.836
2022-06-14,154.857
2022-06-15,154.083
2022-06-16,150.403
2022-06-17,149.74
2022-06-20,145.56
2022-06-21,150.461
2022-06-22,145.983
2022-06-23,145.447
2022-06-24,147.792
2022-06-27,151.641
2022-06-28,150.105
2022-06-29,147.813
2022-06-30,144.208
2022-07-01,139.69
2022-07-04,141.265
2022-07-05,144.677
2022-07-06,141.038
2022-07-07,145.442
2022-07-08,147.6
2022-07-11,146.774
2022-07-12,141.852
2022-07-13,145.746
2022-07-14,148.325
2022-07-15,149.047
2022-07-18,151.279
2022-07-19,151.833
2022-07-20,152.082
2022-07-21,154.943
2022-07-22,154.775
2022-07-25,154.26
2022-07-26,151.977
2022-07-27,153.415
2022-07-28,151.877
2022-07-29,153.431
2022-08-01,153.741
2022-08-02,150.646
2022-08-03,149.589
2022-08-04,148.964
2022-08-05,152.903
2022-08-08,153.114
2022-08-09,153.594
2022-08-10,152.826
2022-08-11,154.442
2022-08-12,156.12
2022-08-15,157.514
2022-08-16,156.987
2022-08-17,157.434
2022-08-18,157.985
2022-08-19,158.634
2022-08-22,156.761
2022-08-23,155.711
2022-08-24,155.61
2022-08-25,157.65
2022-08-26,158.643
2022-08-29,154.611
2022-08-30,156.17
2022-08-31,157.729
2022-09-01,154.875
2022-09-02,154.052
2022-09-05,152.193
2022-09-06,150.739
2022-09-07,143.921
2022-09-08,146.302
2022-09-12,148.647
2022-09-13,148.987
2022-09-14,148.224
2022-09-15,148.283
2022-09-16,147.138
2022-09-19,150.322
2022-09-20,151.532
2022-09-21,150.424
2022-09-22,150.042
2022-09-23,148.04
2022-09-26,143.052
2022-09-27,145.345
2022-09-28,140.006
2022-09-29,139.532
2022-09-30,141.044
2022-10-03,140.749
2022-10-04,144.771
2022-10-05,146.147
2022-10-06,147.491
2022-10-07,146.064
2022-10-11,142.746
2022-10-12,142.635
2022-10-13,138.396
2022-10-14,143.865
2022-10-17,143.188
2022-10-18,144.739
2022-10-19,144.246
2022-10-20,142.129
2022-10-21,140.289
2022-10-24,141.597
2022-10-25,140.102
2022-10-26,139.831
2022-10-27,143.228
2022-10-28,140.749
2022-10-31,144.317
2022-11-01,145.943
2022-11-02,147.409
2022-11-03,147.824
2022-11-04,149.332
2022-11-07,151.244
2022-11-08,151.706
2022-11-09,154.341
2022-11-10,153.33
2022-11-11,156.087
2022-11-14,158.184
2022-11-15,160.022
2022-11-16,159.963
2022-11-17,160.675
2022-11-18,159.328
2022-11-21,158.78
2022-11-22,158.637
2022-11-23,159.541
2022-11-24,161.815
2022-11-25,160.635
2022-11-28,160.326
2022-11-29,161.451
2022-11-30,163.57
2022-12-01,165.052
2022-12-02,165.751
2022-12-05,166.917
2022-12-06,163.381
2022-12-07,160.558
2022-12-08,161.057
2022-12-09,161.969
2022-12-12,161.415
2022-12-13,160.705
2022-12-14,162.854
2022-12-15,163.282
2022-12-16,161.388
2022-12-19,160.095
2022-12-20,155.777
2022-12-21,156.77
2022-12-22,158.932
2022-12-23,158.326
2022-12-26,157.919
2022-12-27,158.805
2022-12-28,156.08
2022-12-29,156.197
2022-12-30,156.585
2023-01-03,158.32
2023-01-04,158.45
2023-01-05,158.53
2023-01-06,159.968
2023-01-09,162.207
2023-01-10,162.008
2023-01-11,161.799
2023-01-12,161.133
2023-01-13,160.191
2023-01-16,161.656
2023-01-17,162.219
2023-01-30,166.518
2023-01-31,167.375
2023-02-01,169.212
2023-02-02,171.041
2023-02-03,169.922
2023-02-06,168.687
2023-02-07,169.21
2023-02-08,171.137
2023-02-09,170.55
2023-02-10,168.48
2023-02-13,167.636
2023-02-14,168.753
2023-02-15,168.782
2023-02-16,171.18
2023-02-17,170.929
2023-02-20,172.498
2023-02-21,173.478
2023-02-22,171.128
2023-02-23,173.804
2023-02-24,172.016
2023-03-01,172.346
2023-03-02,172.838
2023-03-03,173.111
2023-03-06,175.262
2023-03-07,175.51
2023-03-08,175.391
2023-03-09,174.628
2023-03-10,170.988
2023-03-13,171.13
2023-03-14,169.141
2023-03-15,169.846
2023-03-16,167.523
2023-03-17,170.222
2023-03-20,171.04
2023-03-21,171.548
2023-03-22,172.815
2023-03-23,173.414
2023-03-24,173.633
2023-03-27,173.081
2023-03-28,170.381
2023-03-29,170.729
2023-03-30,171.903
2023-03-31,172.782
2023-04-06,172.968
2023-04-07,173.844
2023-04-10,174.962
2023-04-11,175.385
2023-04-12,176.103
2023-04-13,174.38
2023-04-14,175.681
2023-04-17,176.691
2023-04-18,174.893
2023-04-19,174.252
2023-04-20,171.632
2023-04-21,168.218
2023-04-24,169.611
2023-04-25,165.321
2023-04-26,165.883
2023-04-27,166.851
2023-04-28,169.185
2023-05-02,171.208
2023-05-03,169.512
2023-05-04,170.312
2023-05-05,170.511
2023-05-08,170.746
2023-05-09,169.145
2023-05-10,169.525
2023-05-11,166.279
2023-05-12,168.323
2023-05-15,167.142
2023-05-16,168.915
2023-05-17,171.104
2023-05-18,172.721
2023-05-19,173.336
2023-05-22,174.144
2023-05-23,174.526
2023-05-24,174.382
2023-05-25,174.44
2023-05-26,174.04
2023-05-29,176.885
2023-05-30,175.772
2023-05-31,176.247
2023-06-01,177.071
2023-06-02,177.785
2023-06-05,178.434
2023-06-06,177.478
2023-06-07,178.391
2023-06-08,176.019
2023-06-09,177.865
2023-06-12,177.275
2023-06-13,179.253
2023-06-14,180.057
2023-06-15,181.686
2023-06-16,181.516
2023-06-19,181.065
2023-06-20,180.159
2023-06-21,180.882
2023-06-26,179.356
2023-06-27,176.124
2023-06-28,176.918
2023-06-29,178.735
2023-06-30,179.28
2023-07-03,182.083
2023-07-04,182.845
2023-07-05,181.321
2023-07-06,179.945
2023-07-07,178.345
2023-07-10,177.936
2023-07-11,179.816
2023-07-12,180.686
2023-07-13,180.985
2023-07-14,183.856
2023-07-17,183.877
2023-07-18,181.688
2023-07-19,180.365
2023-07-20,182.213
2023-07-21,184.216
2023-07-24,184.423
2023-07-25,184.762
2023-07-26,182.974
2023-07-27,183.714
2023-07-28,184.891
2023-07-31,180.183
2023-08-01,178.267
2023-08-02,173.428
2023-08-04,174.223
2023-08-07,178.152
2023-08-08,177.181
2023-08-09,175.187
2023-08-10,168.686
2023-08-11,169.535
2023-08-14,166.952
2023-08-15,170.305
2023-08-16,172.626
2023-08-17,173.973
2023-08-18,170.429
2023-08-21,170.831
2023-08-22,171.368
2023-08-23,172.606
2023-08-24,172.71
2023-08-25,169.98
2023-08-28,169.717
2023-08-29,172.099
2023-08-30,173.47
2023-08-31,174.334
2023-09-01,172.951
2023-09-04,173.833
2023-09-05,175.019
2023-09-06,174.759
2023-09-07,173.359
2023-09-08,171.948
2023-09-11,168.76
2023-09-12,168.999
2023-09-13,170.057
2023-09-14,172.692
2023-09-15,173.313
2023-09-18,171.874
2023-09-19,170.161
2023-09-20,168.428
2023-09-21,166.607
2023-09-22,168.986
2023-09-25,170.816
2023-09-26,169.121
2023-09-27,169.936
2023-09-28,170.673
2023-10-02,173.535
2023-10-03,171.347
2023-10-04,170.328
2023-10-05,172.189
2023-10-06,172.315
2023-10-11,169.877
2023-10-12,172.907
2023-10-13,170.948
2023-10-16,169.051
2023-10-17,167.852
2023-10-18,164.688
2023-10-19,165.239
2023-10-20,164.091
2023-10-23,163.146
2023-10-24,165.574
2023-10-25,166.364
2023-10-26,162.719
2023-10-27,163.391
2023-10-30,164.411
2023-10-31,160.114
2023-11-01,161.644
2023-11-02,165.503
2023-11-03,165.893
2023-11-06,168.593
2023-11-07,168.454
2023-11-08,169.395
2023-11-09,168.985
2023-11-10,167.649
2023-11-13,168.46
2023-11-14,169.723
2023-11-15,170.623
2023-11-16,170.987
2023-11-17,172.526
2023-11-20,172.81
2023-11-21,173.703
2023-11-22,173.17
2023-11-23,172.098
2023-11-24,172.066
2023-11-27,169.564
2023-11-28,172.548
2023-11-29,173.316
2023-11-30,173.586
2023-12-01,173.84
2023-12-04,173.104
2023-12-05,171.994
2023-12-06,172.437
2023-12-07,172.166
2023-12-08,173.161
2023-12-11,172.998
2023-12-12,172.622
2023-12-13,172.925
2023-12-14,173.718
2023-12-15,172.569
2023-12-18,171.929
2023-12-19,168.849
2023-12-20,170.154
2023-12-21,170.021
2023-12-22,170.474
2023-12-25,170.195
2023-12-26,171.565
2023-12-27,172.079
2023-12-28,171.718
2023-12-29,172.295
2024-01-02,171.087
2024-01-03,169.532
2024-01-04,168.803
2024-01-05,169.348
2024-01-08,169.16
2024-01-09,168.687
2024-01-10,168.386
2024-01-11,170.485
2024-01-12,169.867
2024-01-15,170.862
2024-01-16,167.709
2024-01-17,166.802
2024-01-18,166.539
2024-01-19,168.857
2024-01-22,171.759
2024-01-23,172.158
2024-01-24,171.258
2024-01-25,169.598
2024-01-26,168.96
2024-01-29,170.834
2024-01-30,171.103
2024-01-31,170.065
2024-02-01,170.836
2024-02-02,171.776
2024-02-05,170.823
2024-02-15,173.894
2024-02-16,174.716
2024-02-19,174.222
2024-02-20,174.064
2024-02-21,173.526
2024-02-22,174.409
2024-02-23,173.548
2024-02-26,174.992
2024-02-27,173.044
2024-02-29,176.008
2024-03-01,176.883
2024-03-04,177.055
2024-03-05,177.809
2024-03-06,177.24
2024-03-07,174.622
2024-03-08,171.064
2024-03-11,172.523
2024-03-12,174.037
2024-03-13,170.634
2024-03-14,169.748
2024-03-15,169.157
2024-03-18,171.764
2024-03-19,171.104
2024-03-20,170.123
2024-03-21,172.412
2024-03-22,173.358
2024-03-25,173.929
2024-03-26,171.056
2024-03-27,171.851
2024-03-28,172.175
2024-03-29,172.567
2024-04-01,173.6
2024-04-02,174.594
2024-04-03,174.607
2024-04-08,174.574
2024-04-09,174.526
2024-04-10,174.117
2024-04-11,173.171
2024-04-12,174.062
2024-04-15,170.601
2024-04-16,165.884
2024-04-17,169.27
2024-04-18,170.32
2024-04-19,165.569
2024-04-22,161.779
2024-04-23,163.873
2024-04-24,169.313
2024-04-25,167.697
2024-04-26,169.861
2024-04-29,172.322
2024-04-30,172.023
2024-05-02,171.5
2024-05-03,170.832
2024-05-06,171.228
2024-05-07,170.889
2024-05-08,171.639
2024-05-09,169.629
2024-05-10,169.661
2024-05-13,169.427
2024-05-14,171.111
2024-05-15,171.331
2024-05-16,172.498
2024-05-17,173.044
2024-05-20,172.476
2024-05-21,172.545
2024-05-22,173.742
2024-05-23,172.308
2024-05-24,173.738
2024-05-27,176.146
2024-05-28,177.22
2024-05-29,175.953
2024-05-30,173.508
2024-05-31,172.164
2024-06-03,174.514
2024-06-04,172.999
2024-06-05,172.533
2024-06-06,172.902
2024-06-07,174.305
2024-06-11,172.214
2024-06-12,173.151
2024-06-13,175.597
2024-06-14,177.492
2024-06-17,177.482
2024-06-18,177.465
2024-06-19,177.103
2024-06-20,179.633
2024-06-21,178.463
2024-06-24,175.187
2024-06-25,175.735
2024-06-26,176.821
2024-06-27,175.387
2024-06-28,176.45
2024-07-01,175.9
2024-07-02,174.809
2024-07-03,176.325
2024-07-04,178.231
2024-07-05,178.848
2024-07-08,177.4
2024-07-09,176.883
2024-07-10,178.192
2024-07-11,178.535
2024-07-12,176.48
2024-07-15,176.019
2024-07-16,176.448
2024-07-17,175.885
2024-07-18,172.949
2024-07-19,168.6
2024-07-22,163.795
2024-07-23,167.142
2024-07-26,163.069
2024-07-29,160.593
2024-07-30,163.457
2024-07-31,163.385
2024-08-01,167.027
2024-08-02,159.66
2024-08-05,148.336
2024-08-06,149.481
2024-08-07,158.92
2024-08-08,156.586
2024-08-09,160.42
2024-08-12,163.609
2024-08-13,164.442
2024-08-14,165.645
2024-08-15,164.564
2024-08-16,167.447
2024-08-19,168.255
2024-08-20,168.542
2024-08-21,167.408
2024-08-22,165.369
2024-08-23,168.077
2024-08-26,168.448
2024-08-27,168.646
2024-08-28,169.879
2024-08-29,169.856
2024-08-30,170.151
2024-09-02,168.741
2024-09-03,167.421
2024-09-04,159.831
2024-09-05,159.913
2024-09-06,161.334
2024-09-09,160.939
2024-09-10,158.208
2024-09-11,158.843
2024-09-12,163.023
2024-09-13,163.929
2024-09-16,164.744
2024-09-18,162.91
2024-09-19,166.289
2024-09-20,165.771
2024-09-23,166.706
2024-09-24,166.73
2024-09-25,169.172
2024-09-26,168.646
2024-09-27,169.003
2024-09-30,166.256
2024-10-01,166.736
2024-10-04,165.263
2024-10-07,167.785
2024-10-08,165.909
2024-10-09,164.746
2024-10-11,165.132
2024-10-14,166.878
2024-10-15,166.901
2024-10-16,166.645
2024-10-17,167.933
2024-10-18,167.145
2024-10-21,169.587
2024-10-22,170.186
2024-10-23,170.41
2024-10-24,167.119
2024-10-25,167.99
2024-10-28,165.99
2024-10-29,164.027
2024-10-30,163.905
2024-11-01,164.886
2024-11-04,165.231
2024-11-05,166.405
2024-11-06,167.503
2024-11-07,169.592
2024-11-08,168.753
2024-11-11,169.028
2024-11-12,165.379
2024-11-13,165.081
2024-11-14,163.443
2024-11-15,163.767
2024-11-18,160.695
2024-11-19,164.029
2024-11-20,163.167
2024-11-21,163.802
2024-11-22,165.386
2024-11-25,166.933
2024-11-26,165.151
2024-11-27,161.448
2024-11-28,160.101
2024-11-29,162.01
2024-12-02,163.527
2024-12-03,165.162
2024-12-04,166.573
2024-12-05,166.715
2024-12-06,166.348
2024-12-09,166.056
2024-12-10,164.622
2024-12-11,164.685
2024-12-12,164.752
2024-12-13,163.41
2024-12-16,160.911
2024-12-17,163.188
2024-12-18,164.122
2024-12-19,163.167
2024-12-20,161.593
2024-12-23,164.137
2024-12-24,164.01
2024-12-25,165.663
2024-12-26,165.779
2024-12-27,165.459
2024-12-30,164.336
2024-12-31,164.937
2025-01-02,162.958
2025-01-03,162.613
2025-01-06,165.482
2025-01-07,165.973
2025-01-08,165.446
2025-01-09,161.363
2025-01-10,160.35
2025-01-13,155.953
2025-01-14,158.433
2025-01-15,157.124
2025-01-16,160.163
2025-01-17,159.693
2025-01-20,162.343
2025-01-21,162.423
2025-01-22,163.679
2025-02-03,158.803
2025-02-04,158.546
2025-02-05,162.028
2025-02-06,163.525
2025-02-07,165.5
2025-02-10,164.299
2025-02-11,165.513
2025-02-12,165.279
2025-02-13,167.016
2025-02-14,166.621
2025-02-17,168.206
2025-02-18,169.125
2025-02-19,169.21
2025-02-20,168.449
2025-02-21,169.894
2025-02-24,169.683
2025-02-25,167.13
2025-02-26,167.733
2025-02-27,164.976
2025-03-03,161.881
2025-03-04,163.046
2025-03-05,164.87
2025-03-06,164.087
2025-03-07,162.326
2025-03-10,161.628
2025-03-11,159.466
2025-03-12,160.706
2025-03-13,158.775
2025-03-14,159.673
2025-03-17,160.197
2025-03-18,161.743
2025-03-19,159.676
2025-03-20,161.594
2025-03-21,160.866
2025-03-24,158.947
2025-03-25,159.446
2025-03-26,160.067
2025-03-27,158.043
2025-03-28,154.405
2025-03-31,147.515
2025-04-01,151.337
2025-04-02,152.567
2025-04-07,139.754
2025-04-08,135.378
2025-04-09,130.362
2025-04-10,144.293
2025-04-11,148.209
2025-04-14,151.016
2025-04-15,156.03
2025-04-16,152.068
2025-04-17,152.439
2025-04-18,152.642
2025-04-21,148.816
2025-04-22,147.113
2025-04-23,153.034
2025-04-24,152.725
2025-04-25,155.727
2025-04-28,157.3
2025-04-29,159.662
2025-04-30,157.936
2025-05-02,161.65
2025-05-05,158.284
2025-05-06,159.623
2025-05-07,158.952
2025-05-08,160.853
2025-05-09,162.293
2025-05-12,165.099
2025-05-13,166.319
2025-05-14,169.382
2025-05-15,168.618
2025-05-16,168.826
2025-05-19,165.561
2025-05-20,166.422
2025-05-21,168.57
2025-05-22,167.493
2025-05-23,167.072
2025-05-26,166.197
2025-05-27,164.946
2025-05-28,164.685
2025-05-29,165.074
2025-06-02,162.185
2025-06-03,163.193
2025-06-04,166.317
2025-06-05,166.431
2025-06-06,165.787
2025-06-09,165.868
2025-06-10,167.768
2025-06-11,168.897
2025-06-12,167.28
2025-06-13,164.866
2025-06-16,165.317
2025-06-17,165.885
2025-06-18,166.193
2025-06-19,162.124
2025-06-20,160.526
2025-06-23,161.44
2025-06-24,164.758
2025-06-25,165.716
2025-06-26,165.697
2025-06-27,165.853
2025-06-30,166.369
2025-07-01,167.194
2025-07-02,167.549
2025-07-03,168.417
2025-07-04,165.947
2025-07-07,164.338
2025-07-08,163.931
2025-07-09,165.836
2025-07-10,166.348
2025-07-11,167.067
2025-07-14,163.876
2025-07-15,165.477
2025-07-16,166.159
2025-07-17,167.705
2025-07-18,168.884
2025-07-21,168.263
2025-07-22,164.692
2025-07-23,167.637
2025-07-24,170.153
2025-07-25,169.521
2025-07-28,170.555
2025-07-29,169.155
2025-07-30,165.576
2025-07-31,170.181
2025-08-01,171.02
2025-08-04,169.866
2025-08-05,171.36
2025-08-06,170.741
2025-08-07,172.004
2025-08-08,172.925
2025-08-11,173.874
2025-08-12,174.221
2025-08-13,173.914
2025-08-14,173.377
2025-08-15,174.333
2025-08-18,176.37
2025-08-19,173.35
2025-08-20,167.776
2025-08-21,170.687
2025-08-22,169.478
2025-08-25,174.922
2025-08-26,175.477
2025-08-27,177.214
2025-08-28,176.36
2025-08-29,177.288
2025-09-01,172.559
2025-09-02,170.887
2025-09-03,172.774
2025-09-04,171.54
2025-09-05,173.599
2025-09-08,174.27
2025-09-09,174.429
2025-09-10,175.711
2025-09-11,173.342
2025-09-12,173.226
2025-09-15,171.783
2025-09-16,173.152
2025-09-17,172.237
2025-09-18,173.839
2025-09-19,173.808
2025-09-22,174.806
2025-09-23,174.293
2025-09-24,172.835
2025-09-25,171.297
2025-09-26,167.305
2025-09-30,171.055
2025-10-01,171.267
2025-10-02,171.926
2025-10-03,173.389
2025-10-07,175.822
2025-10-08,175.276
2025-10-09,175.48
2025-10-13,172.496
2025-10-14,167.847
2025-10-15,170.351
2025-10-16,172.992
2025-10-17,171.413
2025-10-20,173.453
2025-10-21,174.504
2025-10-22,174.174
2025-10-23,172.933
2025-10-27,175.97
2025-10-28,176.002
2025-10-29,177.075
2025-10-30,176.453
2025-10-31,176.817
2025-11-03,177.636
2025-11-04,173.744
2025-11-05,172.765
2025-11-06,175.899
2025-11-07,173.017
2025-11-10,174.88
2025-11-11,174.529
2025-11-12,175.207
2025-11-13,175.606
2025-11-14,171.829
2025-11-17,171.962
2025-11-18,166.679
2025-11-19,165.471
2025-11-20,169.316
2025-11-21,162.773
2025-11-24,164.441
2025-11-25,167.606
2025-11-26,169.994
2025-11-27,171.96
2025-11-28,173.122
2025-12-01,171.631
2025-12-02,171.535
2025-12-03,171.525
2025-12-04,171.333
2025-12-05,172.443
2025-12-08,173.775
2025-12-09,173.789
2025-12-10,174.155
2025-12-11,173.21
2025-12-12,174.318
2025-12-15,172.69
2025-12-16,169.162
2025-12-17,169.387
2025-12-18,168.292
2025-12-19,170.685
2025-12-22,173.137
2025-12-23,172.978
2025-12-24,173.845
2025-12-26,174.739
2025-12-29,175.15
2025-12-30,175.612
2025-12-31,176.01
2026-01-02,177.813
2026-01-05,178.126
2026-01-06,181.101
2026-01-07,181.187
2026-01-08,179.007
2026-01-09,177.551
2026-01-12,180.652
2026-01-13,179.864
2026-01-14,181.598
2026-01-15,180.955
2026-01-16,183.147
2026-01-19,185.723
2026-01-20,185.646
2026-01-21,180.863
2026-01-22,183.549
2026-01-23,183.638
2026-01-26,185.6
2026-01-27,185.459
2026-01-28,188.142
2026-01-29,185.899
2026-01-30,184.005
2026-02-02,178.275
2026-02-03,180.196
2026-02-04,183.46
2026-02-05,178.036
2026-02-06,174.572
2026-02-09,178.178
2026-02-10,179.375
2026-02-11,180.614
2026-02-23,183.907
2026-02-24,188.702
2026-02-25,189.379
2026-02-26,190.278
2026-03-02,189.619
2026-03-03,182.494
2026-03-04,172.308
2026-03-05,178.415
2026-03-06,177.564
2026-03-09,167.802
2026-03-10,172.262
2026-03-11,180.499
2026-03-12,178.644
2026-03-13,179.353
2026-03-16,181.105
2026-03-17,184.043
2026-03-18,186.831
2026-03-19,184.983
2026-03-20,182.414
2026-03-23,175.219
2026-03-24,172.492
2026-03-25,178.001
2026-03-26,176.218
2026-03-27,176.452
2026-03-30,173.523
2026-03-31,166.549
2026-04-01,174.009
2026-04-02,170.837
2026-04-07,174.663
2026-04-08,183.066
2026-04-09,182.767
2026-04-10,185.319
2026-04-13,186.455
2026-04-14,187.848
2026-04-15,187.97
2026-04-16,190.225
2026-04-17,190.633
2026-04-20,192.391
2026-04-21,195.451
2026-04-22,196.751
2026-04-23,190.147
2026-04-24,192.025
2026-04-27,191.676
2026-04-28,193.767
2026-04-29,192.951
2026-04-30,192.943
2026-05-04,198.904
2026-05-05,200.577
2026-05-06,199.85
2026-05-07,201.852
2026-05-08,197.531
2026-05-11,203.156
2026-05-12,203.209
2026-05-13,199.101
2026-05-14,199.852
2026-05-15,194.627
2026-05-18,194.46
2026-05-19,189.636
2026-05-20,189.139
2026-05-21,197.237
2026-05-22,204.264
2026-05-25,210.395
2026-05-26,209.639
2026-05-27,208.694
2026-05-28,202.763
2026-05-29,206.57
2026-06-01,210.174
2026-06-02,208.395
2026-06-03,209.107
2026-06-04,203.027
2026-06-05,198.989
2026-06-08,191.077
2026-06-09,198.253
2026-06-10,187.388
2026-06-11,188.883
2026-06-12,193.206
2026-06-15,199.422
2026-06-16,199.629
2026-06-17,201.536
2026-06-18,205.361
2026-06-22,208.57
2026-06-23,201.915
2026-06-24,200.379
2026-06-25,201.33
2026-06-26,191.073
2026-06-29,192.176
2026-06-30,198.934
2026-07-01,198.24
2026-07-02,197.429
2026-07-03,197.609
2026-07-06,194.386
2026-07-07,186.115
2026-07-08,186.849
2026-07-09,186.672
2026-07-13,184.061
2026-07-14,180.68
2026-07-15,186.833
2026-07-16,182.889
2026-07-17,170.54
2026-07-20,167.509
2026-07-21,175.455
2026-07-22,181.26
